{"type":"FeatureCollection","features":[{"type":"Feature","geometry":{"type":"MultiPolygon","coordinates":[[[[102.66674944501939,12.169617614185016,0.0],[102.66656575889627,12.169616061877537,0.0],[102.66656260305808,12.169977491149545,0.0],[102.66674628942908,12.169979043504487,0.0],[102.66674944501939,12.169617614185016,0.0]]],[[[102.66711523980658,12.169801433142629,0.0],[102.66693155350912,12.169799881055301,0.0],[102.66692997582528,12.169980595737488,0.0],[102.66711366224669,12.169982147848543,0.0],[102.66711523980658,12.169801433142629,0.0]]]]},"properties":{"plot":"1-VSD","province":"ตราด","date":"2026-09-19","class":"water","analysis_status":"AUTO_VALID","qa_valid_pct":100.0,"area_rai":0.75,"source":"original Sentinel-2 GeoTIFF, clipped to native PDD MultiPolygon"}},{"type":"Feature","geometry":{"type":"MultiPolygon","coordinates":[[[[102.66601154409638,12.169972833353054,0.0],[102.66609162634873,12.169973510312294,0.0],[102.66620021687292,12.169403382960038,0.0],[102.66620154295875,12.169251527709452,0.0],[102.66601785715913,12.169249975083629,0.0],[102.6660185908586,12.1691659620321,0.0],[102.66579893366728,12.16907643295374,0.0],[102.66578676687544,12.169067293705517,0.0],[102.66565206408606,12.169066154939895,0.0],[102.66565048563555,12.169246869466175,0.0],[102.66557052947913,12.169246193482863,0.0],[102.66546035882119,12.16998265969741,0.0],[102.66545918660371,12.170116844011519,0.0],[102.66601029499324,12.170115852672241,0.0],[102.66601154409638,12.169972833353054,0.0]]],[[[102.66730003779021,12.16967562890769,0.0],[102.66717782714555,12.169621233911888,0.0],[102.66693313116771,12.169619166370556,0.0],[102.66693406031321,12.169512735001756,0.0],[102.66676392443321,12.169437008545474,0.0],[102.66646271563276,12.169434463056358,0.0],[102.66638104708144,12.169731973947247,0.0],[102.66637746568126,12.170142104223716,0.0],[102.66680931743524,12.17012415853147,0.0],[102.6669763607118,12.170161715708515,0.0],[102.66720113985713,12.170163615016316,0.0],[102.66729816647012,12.16989001378631,0.0],[102.66730003779021,12.16967562890769,0.0]],[[102.66674944501939,12.169617614185016,0.0],[102.66674628942908,12.169979043504487,0.0],[102.66656260305808,12.169977491149545,0.0],[102.66656575889627,12.169616061877537,0.0],[102.66674944501939,12.169617614185016,0.0]],[[102.66711523980658,12.169801433142629,0.0],[102.66711366224669,12.169982147848543,0.0],[102.66692997582528,12.169980595737488,0.0],[102.66693155350912,12.169799881055301,0.0],[102.66711523980658,12.169801433142629,0.0]]]]},"properties":{"plot":"1-VSD","province":"ตราด","date":"2026-09-19","class":"vegetation","analysis_status":"AUTO_VALID","qa_valid_pct":100.0,"area_rai":7.892,"source":"original Sentinel-2 GeoTIFF, clipped to native PDD MultiPolygon"}},{"type":"Feature","geometry":{"type":"MultiPolygon","coordinates":[[[[102.66601154409638,12.169972833353054,0.0],[102.66609162634873,12.169973510312294,0.0],[102.66620021687292,12.169403382960038,0.0],[102.66620154295875,12.169251527709452,0.0],[102.66601785715913,12.169249975083629,0.0],[102.6660185908586,12.1691659620321,0.0],[102.66579893366728,12.16907643295374,0.0],[102.66578676687544,12.169067293705517,0.0],[102.66565206408606,12.169066154939895,0.0],[102.66565048563555,12.169246869466175,0.0],[102.66557052947913,12.169246193482863,0.0],[102.66546035882119,12.16998265969741,0.0],[102.66545918660371,12.170116844011519,0.0],[102.66601029499324,12.170115852672241,0.0],[102.66601154409638,12.169972833353054,0.0]]],[[[102.66730003779021,12.16967562890769,0.0],[102.66717782714555,12.169621233911888,0.0],[102.66693313116771,12.169619166370556,0.0],[102.66693406031321,12.169512735001756,0.0],[102.66676392443321,12.169437008545474,0.0],[102.66646271563276,12.169434463056358,0.0],[102.66638104708144,12.169731973947247,0.0],[102.66637746568126,12.170142104223716,0.0],[102.66680931743524,12.17012415853147,0.0],[102.6669763607118,12.170161715708515,0.0],[102.66720113985713,12.170163615016316,0.0],[102.66729816647012,12.16989001378631,0.0],[102.66730003779021,12.16967562890769,0.0]]]]},"properties":{"plot":"1-VSD","province":"ตราด","date":"2026-09-19","class":"wetness","analysis_status":"AUTO_VALID","qa_valid_pct":100.0,"area_rai":8.642,"source":"original Sentinel-2 GeoTIFF, clipped to native PDD MultiPolygon"}},{"type":"Feature","geometry":{"type":"MultiPolygon","coordinates":[[[[102.66788467428458,12.16583191400683,0.0],[102.66788360842962,12.165954092964867,0.0],[102.66799338688686,12.166004523722801,0.0],[102.66806812152561,12.165860572194939,0.0],[102.66806950084593,12.165702446672414,0.0],[102.66806043489197,12.165688815512159,0.0],[102.66806981217556,12.165666755482768,0.0],[102.66807151067815,12.165472035193224,0.0],[102.66815229391752,12.165472717237797,0.0],[102.6682288429711,12.165292635296048,0.0],[102.66807308698849,12.16529132030468,0.0],[102.668074248996,12.165158100994196,0.0],[102.66798052562956,12.165109810612584,0.0],[102.66789098007189,12.165109054552659,0.0],[102.66789137417021,12.165063875835422,0.0],[102.66762391999971,12.164926071363812,0.0],[102.6675251903756,12.16492523764263,0.0],[102.66752361374398,12.16510595246513,0.0],[102.66741799594338,12.165105060524729,0.0],[102.66732457759441,12.165284999686053,0.0],[102.66733835383712,12.16528511603474,0.0],[102.66733677703122,12.165465830828401,0.0],[102.66723115910264,12.165464938790622,0.0],[102.66715175327238,12.165617886984887,0.0],[102.66721186986572,12.165645503965445,0.0],[102.66733520020013,12.165646545619495,0.0],[102.66733471686207,12.165701938631035,0.0],[102.667612647522,12.165829616891205,0.0],[102.66788467428458,12.16583191400683,0.0]]],[[[102.66696941035896,12.165462727914601,0.0],[102.66696870058779,12.165544059725207,0.0],[102.66705104278927,12.16558089070336,0.0],[102.66715374760506,12.16538934083098,0.0],[102.66715467061228,12.165283564662516,0.0],[102.66721021084543,12.165284033763278,0.0],[102.66734048320839,12.165041068162623,0.0],[102.66734150737332,12.164923686439748,0.0],[102.66740314128789,12.164924206951747,0.0],[102.66752721826288,12.164692795270929,0.0],[102.66752834356322,12.16456380798995,0.0],[102.66759607114452,12.16456437990181,0.0],[102.66771395276851,12.164344522155906,0.0],[102.66771517918201,12.164203929313127,0.0],[102.66778900041527,12.164204552613489,0.0],[102.6679006867253,12.163996248817567,0.0],[102.66790201422968,12.163844050409296,0.0],[102.66798192910018,12.163844725086793,0.0],[102.66806874681726,12.163682802622061,0.0],[102.66803522935224,12.16366444684815,0.0],[102.66790359043716,12.163663335521436,0.0],[102.66790420658414,12.163592692428226,0.0],[102.66770005498557,12.16348088893065,0.0],[102.66741795263835,12.163478506970472,0.0],[102.66735230696217,12.163685848314843,0.0],[102.6673493907728,12.164020112407469,0.0],[102.66724675081689,12.16401924562327,0.0],[102.66716340560987,12.16428248924296,0.0],[102.66716097807941,12.164560705557195,0.0],[102.66707554811572,12.164559984023894,0.0],[102.66697450318654,12.164879129864067,0.0],[102.66697256444111,12.16510129841964,0.0],[102.66690434453479,12.165100722172335,0.0],[102.66679020832538,12.165461214131184,0.0],[102.66696941035896,12.165462727914601,0.0]]],[[[102.66863674371918,12.163850252457584,0.0],[102.6680998321189,12.163845720435223,0.0],[102.6680854518543,12.163873659471813,0.0],[102.66808412045548,12.164026316013212,0.0],[102.66800721340567,12.164025666748904,0.0],[102.66789858934817,12.164236708976995,0.0],[102.66789728545609,12.164386195057526,0.0],[102.6678219755538,12.164385559208213,0.0],[102.66771172626483,12.16459975825416,0.0],[102.66770958431057,12.164845296556273,0.0],[102.66789255348145,12.164928680654164,0.0],[102.66789255645573,12.164928339682714,0.0],[102.66807623953359,12.164929890519915,0.0],[102.66807552278453,12.165012064651123,0.0],[102.66829584849584,12.165112472746843,0.0],[102.6684420297527,12.165113706769743,0.0],[102.66844146178742,12.165178832342221,0.0],[102.66857868904987,12.16524137012229,0.0],[102.66862492257498,12.16520590159558,0.0],[102.66862571303002,12.165115257264981,0.0],[102.6687418008743,12.165116237115111,0.0],[102.66880985655838,12.16506402738799,0.0],[102.66881097209694,12.164936092649809,0.0],[102.66897481751356,12.164937475458826,0.0],[102.66916123061078,12.16479446594964,0.0],[102.66909627262582,12.16457704379354,0.0],[102.66899780650624,12.164576212845418,0.0],[102.66900059140671,12.16425678683554,0.0],[102.66893387799276,12.164033488407211,0.0],[102.66881885054121,12.16403251766883,0.0],[102.66882185403232,12.163688029690505,0.0],[102.66875763414978,12.163679580858068,0.0],[102.66863771088332,12.163739330847807,0.0],[102.66863674371918,12.163850252457584,0.0]]],[[[102.6675251903756,12.16492523764263,0.0],[102.66752542686815,12.164898130419063,0.0],[102.66751141414956,12.164925121306641,0.0],[102.6675251903756,12.16492523764263,0.0]]]]},"properties":{"plot":"2-VSD","province":"ตราด","date":"2026-09-19","class":"vegetation","analysis_status":"AUTO_VALID","qa_valid_pct":100.0,"area_rai":22.557,"source":"original Sentinel-2 GeoTIFF, clipped to native PDD MultiPolygon"}},{"type":"Feature","geometry":{"type":"MultiPolygon","coordinates":[[[[102.66788467428458,12.16583191400683,0.0],[102.66788360842962,12.165954092964867,0.0],[102.66799338688686,12.166004523722801,0.0],[102.66806812152561,12.165860572194939,0.0],[102.66806950084593,12.165702446672414,0.0],[102.66806043489197,12.165688815512159,0.0],[102.66806981217556,12.165666755482768,0.0],[102.66807151067815,12.165472035193224,0.0],[102.66815229391752,12.165472717237797,0.0],[102.6682288429711,12.165292635296048,0.0],[102.66807308698849,12.16529132030468,0.0],[102.668074248996,12.165158100994196,0.0],[102.66798052562956,12.165109810612584,0.0],[102.66789098007189,12.165109054552659,0.0],[102.66789137417021,12.165063875835422,0.0],[102.66762391999971,12.164926071363812,0.0],[102.6675251903756,12.16492523764263,0.0],[102.66752361374398,12.16510595246513,0.0],[102.66741799594338,12.165105060524729,0.0],[102.66732457759441,12.165284999686053,0.0],[102.66733835383712,12.16528511603474,0.0],[102.66733677703122,12.165465830828401,0.0],[102.66723115910264,12.165464938790622,0.0],[102.66715175327238,12.165617886984887,0.0],[102.66721186986572,12.165645503965445,0.0],[102.66733520020013,12.165646545619495,0.0],[102.66733471686207,12.165701938631035,0.0],[102.667612647522,12.165829616891205,0.0],[102.66788467428458,12.16583191400683,0.0]]],[[[102.66696941035896,12.165462727914601,0.0],[102.66696870058779,12.165544059725207,0.0],[102.66705104278927,12.16558089070336,0.0],[102.66715374760506,12.16538934083098,0.0],[102.66715467061228,12.165283564662516,0.0],[102.66721021084543,12.165284033763278,0.0],[102.66734048320839,12.165041068162623,0.0],[102.66734150737332,12.164923686439748,0.0],[102.66740314128789,12.164924206951747,0.0],[102.66752721826288,12.164692795270929,0.0],[102.66752834356322,12.16456380798995,0.0],[102.66759607114452,12.16456437990181,0.0],[102.66771395276851,12.164344522155906,0.0],[102.66771517918201,12.164203929313127,0.0],[102.66778900041527,12.164204552613489,0.0],[102.6679006867253,12.163996248817567,0.0],[102.66790201422968,12.163844050409296,0.0],[102.66798192910018,12.163844725086793,0.0],[102.66806874681726,12.163682802622061,0.0],[102.66803522935224,12.16366444684815,0.0],[102.66790359043716,12.163663335521436,0.0],[102.66790420658414,12.163592692428226,0.0],[102.66770005498557,12.16348088893065,0.0],[102.66741795263835,12.163478506970472,0.0],[102.66735230696217,12.163685848314843,0.0],[102.6673493907728,12.164020112407469,0.0],[102.66724675081689,12.16401924562327,0.0],[102.66716340560987,12.16428248924296,0.0],[102.66716097807941,12.164560705557195,0.0],[102.66707554811572,12.164559984023894,0.0],[102.66697450318654,12.164879129864067,0.0],[102.66697256444111,12.16510129841964,0.0],[102.66690434453479,12.165100722172335,0.0],[102.66679020832538,12.165461214131184,0.0],[102.66696941035896,12.165462727914601,0.0]]],[[[102.66863674371918,12.163850252457584,0.0],[102.6680998321189,12.163845720435223,0.0],[102.6680854518543,12.163873659471813,0.0],[102.66808412045548,12.164026316013212,0.0],[102.66800721340567,12.164025666748904,0.0],[102.66789858934817,12.164236708976995,0.0],[102.66789728545609,12.164386195057526,0.0],[102.6678219755538,12.164385559208213,0.0],[102.66771172626483,12.16459975825416,0.0],[102.66770958431057,12.164845296556273,0.0],[102.66789255348145,12.164928680654164,0.0],[102.66789255645573,12.164928339682714,0.0],[102.66807623953359,12.164929890519915,0.0],[102.66807552278453,12.165012064651123,0.0],[102.66829584849584,12.165112472746843,0.0],[102.6684420297527,12.165113706769743,0.0],[102.66844146178742,12.165178832342221,0.0],[102.66857868904987,12.16524137012229,0.0],[102.66862492257498,12.16520590159558,0.0],[102.66862571303002,12.165115257264981,0.0],[102.6687418008743,12.165116237115111,0.0],[102.66880985655838,12.16506402738799,0.0],[102.66881097209694,12.164936092649809,0.0],[102.66897481751356,12.164937475458826,0.0],[102.66916123061078,12.16479446594964,0.0],[102.66909627262582,12.16457704379354,0.0],[102.66899780650624,12.164576212845418,0.0],[102.66900059140671,12.16425678683554,0.0],[102.66893387799276,12.164033488407211,0.0],[102.66881885054121,12.16403251766883,0.0],[102.66882185403232,12.163688029690505,0.0],[102.66875763414978,12.163679580858068,0.0],[102.66863771088332,12.163739330847807,0.0],[102.66863674371918,12.163850252457584,0.0]]],[[[102.6675251903756,12.16492523764263,0.0],[102.66752542686815,12.164898130419063,0.0],[102.66751141414956,12.164925121306641,0.0],[102.6675251903756,12.16492523764263,0.0]]]]},"properties":{"plot":"2-VSD","province":"ตราด","date":"2026-09-19","class":"wetness","analysis_status":"AUTO_VALID","qa_valid_pct":100.0,"area_rai":22.557,"source":"original Sentinel-2 GeoTIFF, clipped to native PDD MultiPolygon"}},{"type":"Feature","geometry":{"type":"Polygon","coordinates":[[[102.66902931302118,12.160961911961007,0.0],[102.66903088808253,12.160781196889914,0.0],[102.66866352739778,12.160778097403188,0.0],[102.66866195208875,12.160958812426863,0.0],[102.66902931302118,12.160961911961007,0.0]]]},"properties":{"plot":"3-VSD","province":"ตราด","date":"2026-09-19","class":"water","analysis_status":"AUTO_VALID","qa_valid_pct":100.0,"area_rai":0.5,"source":"original Sentinel-2 GeoTIFF, clipped to native PDD MultiPolygon"}},{"type":"Feature","geometry":{"type":"MultiPolygon","coordinates":[[[[102.66847926466363,12.160843357234368,0.0],[102.66850756006733,12.16077678133173,0.0],[102.66847984709318,12.160776547477047,0.0],[102.66847926466363,12.160843357234368,0.0]]],[[[102.66866195208875,12.160958812426863,0.0],[102.66866352739778,12.160778097403188,0.0],[102.66858331442158,12.160777420567252,0.0],[102.6684899625174,12.160957361131564,0.0],[102.66866195208875,12.160958812426863,0.0]]],[[[102.66830272500322,12.161136509319888,0.0],[102.66829282431317,12.161158375885018,0.0],[102.66829144006809,12.161317142350129,0.0],[102.66822120673669,12.161316549604207,0.0],[102.66813968834197,12.16149658984224,0.0],[102.6682898644358,12.161497857318697,0.0],[102.66828926756725,12.161566313580169,0.0],[102.66865568666897,12.161677535155139,0.0],[102.66865722601057,12.161500957482527,0.0],[102.66877911062151,12.161501985958717,0.0],[102.6688420127339,12.16137563825426,0.0],[102.66884339444833,12.161217125359457,0.0],[102.66860586095775,12.161139067433549,0.0],[102.66830272500322,12.161136509319888,0.0]]],[[[102.66828828877836,12.161678572284705,0.0],[102.66810460790491,12.161677021996288,0.0],[102.6681030320984,12.161857736936023,0.0],[102.6679918218207,12.161856798235,0.0],[102.66792599094705,12.162030022996177,0.0],[102.66794837391134,12.162037159708861,0.0],[102.66828513738787,12.16204000220905,0.0],[102.66828422845016,12.162144245246203,0.0],[102.66843703594701,12.16219296699617,0.0],[102.66846815976702,12.162117110280432,0.0],[102.66847146146011,12.161738414724363,0.0],[102.6682883405402,12.161672635672721,0.0],[102.66828828877836,12.161678572284705,0.0]]],[[[102.66918547111675,12.161143957741242,0.0],[102.66921161422978,12.161121725447819,0.0],[102.66921299352518,12.1609634615453,0.0],[102.66927919832543,12.160964020039096,0.0],[102.66935703294689,12.160758990996081,0.0],[102.668708022947,12.160537037996141,0.0],[102.66866490420287,12.16062015182409,0.0],[102.66866352739778,12.160778097403188,0.0],[102.66903088808253,12.160781196889914,0.0],[102.66902931302118,12.160961911961007,0.0],[102.66866195208875,12.160958812426863,0.0],[102.66866107934736,12.161058929621559,0.0],[102.66889439357456,12.161141502003256,0.0],[102.66918547111675,12.161143957741242,0.0]]],[[[102.66940520915196,12.159985545459383,0.0],[102.6694029659469,12.159985005996148,0.0],[102.6692080029469,12.159929014996154,0.0],[102.66903788825189,12.159977995657982,0.0],[102.66903718807609,12.16005833657995,0.0],[102.66885350821646,12.160056786992348,0.0],[102.66885035802238,12.160418217105029,0.0],[102.66874052758594,12.160417290451598,0.0],[102.66871900294693,12.160499989996143,0.0],[102.66939868539623,12.160734202307216,0.0],[102.66940520915196,12.159985545459383,0.0]]]]},"properties":{"plot":"3-VSD","province":"ตราด","date":"2026-09-19","class":"vegetation","analysis_status":"AUTO_VALID","qa_valid_pct":100.0,"area_rai":7.975,"source":"original Sentinel-2 GeoTIFF, clipped to native PDD MultiPolygon"}},{"type":"Feature","geometry":{"type":"MultiPolygon","coordinates":[[[[102.66847926466363,12.160843357234368,0.0],[102.66850756006733,12.16077678133173,0.0],[102.66847984709318,12.160776547477047,0.0],[102.66847926466363,12.160843357234368,0.0]]],[[[102.66866195208875,12.160958812426863,0.0],[102.66866352739778,12.160778097403188,0.0],[102.66858331442158,12.160777420567252,0.0],[102.6684899625174,12.160957361131564,0.0],[102.66866195208875,12.160958812426863,0.0]]],[[[102.66847146146011,12.161738414724363,0.0],[102.6682883405402,12.161672635672721,0.0],[102.66828828877836,12.161678572284705,0.0],[102.66810460790491,12.161677021996288,0.0],[102.6681030320984,12.161857736936023,0.0],[102.6679918218207,12.161856798235,0.0],[102.66792599094705,12.162030022996177,0.0],[102.66794837391134,12.162037159708861,0.0],[102.66828513738787,12.16204000220905,0.0],[102.66828671309571,12.161859287248157,0.0],[102.66847039411819,12.161860837438427,0.0],[102.66847146146011,12.161738414724363,0.0]]],[[[102.66865722601057,12.161500957482527,0.0],[102.66877911062151,12.161501985958717,0.0],[102.6688420127339,12.16137563825426,0.0],[102.66884339444833,12.161217125359457,0.0],[102.66860586095775,12.161139067433549,0.0],[102.66830272500322,12.161136509319888,0.0],[102.66829282431317,12.161158375885018,0.0],[102.66829144006809,12.161317142350129,0.0],[102.66822120673669,12.161316549604207,0.0],[102.66813968834197,12.16149658984224,0.0],[102.6682898644358,12.161497857318697,0.0],[102.66828926756725,12.161566313580169,0.0],[102.66865568666897,12.161677535155139,0.0],[102.66865722601057,12.161500957482527,0.0]]],[[[102.66918547111675,12.161143957741242,0.0],[102.66921161422978,12.161121725447819,0.0],[102.66921299352518,12.1609634615453,0.0],[102.66927919832543,12.160964020039096,0.0],[102.66935703294689,12.160758990996081,0.0],[102.668708022947,12.160537037996141,0.0],[102.66866490420287,12.16062015182409,0.0],[102.66866352739778,12.160778097403188,0.0],[102.66884720772755,12.160779647207473,0.0],[102.66884563254239,12.160960362254858,0.0],[102.66866195208875,12.160958812426863,0.0],[102.66866107934736,12.161058929621559,0.0],[102.66889439357456,12.161141502003256,0.0],[102.66918547111675,12.161143957741242,0.0]]],[[[102.66940520915196,12.159985545459383,0.0],[102.6694029659469,12.159985005996148,0.0],[102.6692080029469,12.159929014996154,0.0],[102.66903788825189,12.159977995657982,0.0],[102.66903718807609,12.16005833657995,0.0],[102.66885350821646,12.160056786992348,0.0],[102.66885035802238,12.160418217105029,0.0],[102.66874052758594,12.160417290451598,0.0],[102.66871900294693,12.160499989996143,0.0],[102.66939868539623,12.160734202307216,0.0],[102.66940520915196,12.159985545459383,0.0]]],[[[102.66846881853421,12.162041552423034,0.0],[102.66828513738787,12.16204000220905,0.0],[102.66828422845016,12.162144245246203,0.0],[102.66843703594701,12.16219296699617,0.0],[102.66846815976702,12.162117110280432,0.0],[102.66846881853421,12.162041552423034,0.0]]]]},"properties":{"plot":"3-VSD","province":"ตราด","date":"2026-09-19","class":"wetness","analysis_status":"AUTO_VALID","qa_valid_pct":100.0,"area_rai":7.975,"source":"original Sentinel-2 GeoTIFF, clipped to native PDD MultiPolygon"}},{"type":"Feature","geometry":{"type":"MultiPolygon","coordinates":[[[[102.66682041914451,12.161485451789103,0.0],[102.66682199576753,12.161304737010315,0.0],[102.66700567621692,12.161306288104281,0.0],[102.66700725269091,12.161125573299206,0.0],[102.66717968917004,12.161127029310816,0.0],[102.66719105134833,12.161113561298448,0.0],[102.66719408566632,12.160765694582304,0.0],[102.66737098636807,12.160767188126048,0.0],[102.66737793302798,12.160748071215787,0.0],[102.66737934194529,12.160586530501176,0.0],[102.66683876291664,12.16058196620507,0.0],[102.66682828002803,12.160584397386035,0.0],[102.66682672548544,12.16076259265859,0.0],[102.66664304543279,12.160761041513963,0.0],[102.66664146876153,12.160941756276697,0.0],[102.66645778861024,12.160940204986488,0.0],[102.66645463494443,12.161301634456816,0.0],[102.66629028032341,12.161300246238346,0.0],[102.66627073156165,12.161325638750043,0.0],[102.6662678005563,12.161661512409909,0.0],[102.6666351618244,12.161664615302051,0.0],[102.6666367385965,12.161483900549554,0.0],[102.66682041914451,12.161485451789103,0.0]]],[[[102.66736515568176,12.162212964150916,0.0],[102.66736673203407,12.16203224931118,0.0],[102.66755041305443,12.16203380013448,0.0],[102.66755198925767,12.161853085268463,0.0],[102.6677356701794,12.161854635946176,0.0],[102.66773724623359,12.161673921053879,0.0],[102.66755356543574,12.16167237039989,0.0],[102.6675551415886,12.161491655528755,0.0],[102.66718778031614,12.161488553902643,0.0],[102.66718620391559,12.161669268726328,0.0],[102.66700252319332,12.16166771770676,0.0],[102.66700094664373,12.16184843250416,0.0],[102.6668172658228,12.161846881339004,0.0],[102.6668129212636,12.162344830008424,0.0],[102.66691266886374,12.162389871311309,0.0],[102.66717989806139,12.16239212799548,0.0],[102.66718147456274,12.162211413182028,0.0],[102.66736515568176,12.162212964150916,0.0]]],[[[102.66570413880478,12.163102574136134,0.0],[102.66570256118649,12.16328328874691,0.0],[102.66588624284702,12.163284840833148,0.0],[102.66588782034144,12.16310412619863,0.0],[102.66570413880478,12.163102574136134,0.0]]],[[[102.66533362004986,12.163460898769545,0.0],[102.66533204213343,12.163641613327716,0.0],[102.66551572399123,12.16364316570519,0.0],[102.66551730178382,12.163462451123277,0.0],[102.66533362004986,12.163460898769545,0.0]]]]},"properties":{"plot":"4-VSD","province":"ตราด","date":"2026-09-19","class":"water","analysis_status":"AUTO_VALID","qa_valid_pct":100.0,"area_rai":8.73,"source":"original Sentinel-2 GeoTIFF, clipped to native PDD MultiPolygon"}},{"type":"Feature","geometry":{"type":"MultiPolygon","coordinates":[[[[102.66682672548544,12.16076259265859,0.0],[102.66682828002803,12.160584397386035,0.0],[102.66664421413289,12.160627085687858,0.0],[102.66664304543279,12.160761041513963,0.0],[102.66682672548544,12.16076259265859,0.0]]],[[[102.66654873945834,12.160760245069742,0.0],[102.66645817034693,12.16089645483573,0.0],[102.66645778861024,12.160940204986488,0.0],[102.66664146876153,12.160941756276697,0.0],[102.66664304543279,12.160761041513963,0.0],[102.66654873945834,12.160760245069742,0.0]]],[[[102.66645463494443,12.161301634456816,0.0],[102.66645621178994,12.161120919722933,0.0],[102.66637364615679,12.161120222356152,0.0],[102.66636896894722,12.161198034996213,0.0],[102.66629028032341,12.161300246238346,0.0],[102.66645463494443,12.161301634456816,0.0]]],[[[102.66615204331022,12.161479806560536,0.0],[102.66611801494723,12.161524006996176,0.0],[102.66614600994721,12.16161696199615,0.0],[102.66620929075424,12.161661018165738,0.0],[102.6662678005563,12.161661512409909,0.0],[102.66626937757609,12.161480797704877,0.0],[102.66615204331022,12.161479806560536,0.0]]],[[[102.6666351618244,12.161664615302051,0.0],[102.6662678005563,12.161661512409909,0.0],[102.66626745151342,12.161701509729012,0.0],[102.66633996694722,12.161751994996173,0.0],[102.66658999994716,12.161826006996188,0.0],[102.66663421087684,12.161773602548656,0.0],[102.6666351618244,12.161664615302051,0.0]]],[[[102.66681411240029,12.162208310878663,0.0],[102.6668172658228,12.161846881339004,0.0],[102.66672839093853,12.16184613075616,0.0],[102.6666650179472,12.161916028996185,0.0],[102.66663245419106,12.161974931963357,0.0],[102.66663055400626,12.16219270340686,0.0],[102.66663702194717,12.16220302499617,0.0],[102.66664161102203,12.162206853968963,0.0],[102.66681411240029,12.162208310878663,0.0]]],[[[102.66644201927271,12.162747352235751,0.0],[102.66644207417957,12.16274106047658,0.0],[102.66628799994723,12.162577025996201,0.0],[102.66625963896433,12.162596723771177,0.0],[102.66625833790813,12.162745800586345,0.0],[102.66604756076683,12.162744019894776,0.0],[102.66589203794726,12.16285203599616,0.0],[102.66594381707405,12.16292387136039,0.0],[102.66607307924865,12.16292496347844,0.0],[102.66607154212925,12.163101069535234,0.0],[102.66607488462975,12.163105706719048,0.0],[102.66627771462773,12.16310742030206,0.0],[102.66643989619554,12.162990632260765,0.0],[102.6664404422003,12.162928066946598,0.0],[102.66652577843269,12.162928787793929,0.0],[102.66658103094724,12.162888999996182,0.0],[102.66644803160838,12.162747403022928,0.0],[102.66644201927271,12.162747352235751,0.0]]],[[[102.6658888842463,12.162982245733598,0.0],[102.66584775532758,12.162923059708957,0.0],[102.66579241724324,12.162922592127497,0.0],[102.66570524438357,12.162975929459384,0.0],[102.66570413880478,12.163102574136134,0.0],[102.66588782034144,12.16310412619863,0.0],[102.6658888842463,12.162982245733598,0.0]]],[[[102.66607030058232,12.163243310177695,0.0],[102.66597408668507,12.163104855085273,0.0],[102.66588782034144,12.16310412619863,0.0],[102.66588624284702,12.163284840833148,0.0],[102.66604995274693,12.1632862240577,0.0],[102.66607004568772,12.163272512535409,0.0],[102.66607030058232,12.163243310177695,0.0]]],[[[102.6651497736063,12.16347821158694,0.0],[102.66526898331969,12.163641080361344,0.0],[102.66533204213343,12.163641613327716,0.0],[102.66533362004986,12.163460898769545,0.0],[102.66552921236068,12.163462551779196,0.0],[102.66542428593,12.163280937124455,0.0],[102.66527188230678,12.16327964908744,0.0],[102.66515079381311,12.163361377868537,0.0],[102.6651497736063,12.16347821158694,0.0]]],[[[102.66578835168285,12.163464741630616,0.0],[102.665885249649,12.163398618148106,0.0],[102.66588624284702,12.163284840833148,0.0],[102.66570256118649,12.16328328874691,0.0],[102.66570413880478,12.163102574136134,0.0],[102.66552045729334,12.163101021951764,0.0],[102.66551887955119,12.1632817365388,0.0],[102.6654997663458,12.163281575014972,0.0],[102.66562824858345,12.163463388711413,0.0],[102.66578835168285,12.163464741630616,0.0]]],[[[102.66543618836594,12.163823221433551,0.0],[102.66551459167547,12.163772855221213,0.0],[102.66551572399123,12.16364316570519,0.0],[102.66533204213343,12.163641613327716,0.0],[102.66533130334128,12.163726224223733,0.0],[102.6654020883854,12.163822933234771,0.0],[102.66543618836594,12.163823221433551,0.0]]],[[[102.66737934194529,12.160586530501176,0.0],[102.66738047749186,12.160456331678859,0.0],[102.66719641170754,12.160499020381533,0.0],[102.66719566194087,12.160584979745822,0.0],[102.66737934194529,12.160586530501176,0.0]]],[[[102.66773928842125,12.161439753662373,0.0],[102.66779498194701,12.161470027996192,0.0],[102.66792345583337,12.161385485930346,0.0],[102.66792407884178,12.161314041746303,0.0],[102.66798758277126,12.161314577767351,0.0],[102.66806697494701,12.161210020996185,0.0],[102.66810961683953,12.161102573560035,0.0],[102.66811228023026,12.160797111350568,0.0],[102.66806808877553,12.16077307254573,0.0],[102.66792880633051,12.160771896967539,0.0],[102.66792945366429,12.160697659201405,0.0],[102.66773061333024,12.160589495840531,0.0],[102.6675630219749,12.160588081134685,0.0],[102.66756144594802,12.16076879601862,0.0],[102.66747665500336,12.160768080215071,0.0],[102.66737508575207,12.16107452120903,0.0],[102.66737450163454,12.161141491130417,0.0],[102.66737999394707,12.161158974996136,0.0],[102.6674229929471,12.161251008996171,0.0],[102.6675565188074,12.161333747207031,0.0],[102.66755671771624,12.161310940655058,0.0],[102.6677403982664,12.161312491261606,0.0],[102.66773928842125,12.161439753662373,0.0]]],[[[102.66719408566632,12.160765694582304,0.0],[102.66719250936659,12.160946409416226,0.0],[102.66730551456858,12.160947363527713,0.0],[102.66737098636807,12.160767188126048,0.0],[102.66719408566632,12.160765694582304,0.0]]],[[[102.66718778031614,12.161488553902643,0.0],[102.6675551415886,12.161491655528755,0.0],[102.66755559527773,12.161439636957514,0.0],[102.66736297894711,12.161318985996138,0.0],[102.66721503794712,12.161332983996175,0.0],[102.66718897038808,12.16135212495982,0.0],[102.66718778031614,12.161488553902643,0.0]]],[[[102.66700725269091,12.161125573299206,0.0],[102.66700567621692,12.161306288104281,0.0],[102.66702829763763,12.16130647912297,0.0],[102.66717968917004,12.161127029310816,0.0],[102.66700725269091,12.161125573299206,0.0]]],[[[102.66682041914451,12.161485451789103,0.0],[102.66687690589477,12.161485928812795,0.0],[102.6670054381742,12.161333575232405,0.0],[102.66700567621692,12.161306288104281,0.0],[102.66682199576753,12.161304737010315,0.0],[102.66682041914451,12.161485451789103,0.0]]],[[[102.66682041914451,12.161485451789103,0.0],[102.6666367385965,12.161483900549554,0.0],[102.6666351618244,12.161664615302051,0.0],[102.66672551394146,12.16166537838029,0.0],[102.6668198246837,12.161553588982475,0.0],[102.66682041914451,12.161485451789103,0.0]]],[[[102.66773829143285,12.161554073917053,0.0],[102.66763978254191,12.161492370081936,0.0],[102.6675551415886,12.161491655528755,0.0],[102.66755356543574,12.16167237039989,0.0],[102.66773724623359,12.161673921053879,0.0],[102.66773829143285,12.161554073917053,0.0]]],[[[102.66700252319332,12.16166771770676,0.0],[102.66689100209436,12.161666775951174,0.0],[102.6668181359913,12.161747144935411,0.0],[102.6668172658228,12.161846881339004,0.0],[102.66700094664373,12.16184843250416,0.0],[102.66700252319332,12.16166771770676,0.0]]],[[[102.66757721597672,12.162034026421994,0.0],[102.66773560932928,12.161861613137399,0.0],[102.6677356701794,12.161854635946176,0.0],[102.66755198925767,12.161853085268463,0.0],[102.66755041305443,12.16203380013448,0.0],[102.66757721597672,12.162034026421994,0.0]]],[[[102.66755041305443,12.16203380013448,0.0],[102.66736673203407,12.16203224931118,0.0],[102.66736515568176,12.162212964150916,0.0],[102.66741246143077,12.16221336357201,0.0],[102.66755015415198,12.162063483544799,0.0],[102.66755041305443,12.16203380013448,0.0]]],[[[102.66717989806139,12.16239212799548,0.0],[102.66724770665947,12.162392700581135,0.0],[102.66736469868911,12.162265353773686,0.0],[102.66736515568176,12.162212964150916,0.0],[102.66718147456274,12.162211413182028,0.0],[102.66717989806139,12.16239212799548,0.0]]]]},"properties":{"plot":"4-VSD","province":"ตราด","date":"2026-09-19","class":"vegetation","analysis_status":"AUTO_VALID","qa_valid_pct":100.0,"area_rai":10.275,"source":"original Sentinel-2 GeoTIFF, clipped to native PDD MultiPolygon"}},{"type":"Feature","geometry":{"type":"MultiPolygon","coordinates":[[[[102.66664304543279,12.160761041513963,0.0],[102.66654873945834,12.160760245069742,0.0],[102.66645817034693,12.16089645483573,0.0],[102.66645621178994,12.161120919722933,0.0],[102.66663989206506,12.161122471036874,0.0],[102.66664304543279,12.160761041513963,0.0]]],[[[102.66663831534338,12.161303185794493,0.0],[102.66682199576753,12.161304737010315,0.0],[102.66682357236537,12.161124022228968,0.0],[102.66663989206506,12.161122471036874,0.0],[102.66663831534338,12.161303185794493,0.0]]],[[[102.66687690589477,12.161485928812795,0.0],[102.6670054381742,12.161333575232405,0.0],[102.66700567621692,12.161306288104281,0.0],[102.66682199576753,12.161304737010315,0.0],[102.66682041914451,12.161485451789103,0.0],[102.66687690589477,12.161485928812795,0.0]]],[[[102.6666367385965,12.161483900549554,0.0],[102.66663831534338,12.161303185794493,0.0],[102.66645463494443,12.161301634456816,0.0],[102.66645621178994,12.161120919722933,0.0],[102.66637364615679,12.161120222356152,0.0],[102.66636896894722,12.161198034996213,0.0],[102.66627073156165,12.161325638750043,0.0],[102.66626937757609,12.161480797704877,0.0],[102.66615204331022,12.161479806560536,0.0],[102.66611801494723,12.161524006996176,0.0],[102.66614600994721,12.16161696199615,0.0],[102.66620929075424,12.161661018165738,0.0],[102.6662678005563,12.161661512409909,0.0],[102.66626745151342,12.161701509729012,0.0],[102.66633996694722,12.161751994996173,0.0],[102.66658999994716,12.161826006996188,0.0],[102.66663421087684,12.161773602548656,0.0],[102.6666351618244,12.161664615302051,0.0],[102.66645148117775,12.16166306391691,0.0],[102.66645305807369,12.161482349188141,0.0],[102.6666367385965,12.161483900549554,0.0]]],[[[102.66672551394146,12.16166537838029,0.0],[102.6668198246837,12.161553588982475,0.0],[102.66682041914451,12.161485451789103,0.0],[102.6666367385965,12.161483900549554,0.0],[102.6666351618244,12.161664615302051,0.0],[102.66672551394146,12.16166537838029,0.0]]],[[[102.66681568912415,12.162027596110114,0.0],[102.6668129212636,12.162344830008424,0.0],[102.66691266886374,12.162389871311309,0.0],[102.6669962168437,12.162390576880998,0.0],[102.66699779346891,12.162209862091279,0.0],[102.66718147456274,12.162211413182028,0.0],[102.66718305103889,12.162030698366019,0.0],[102.66681568912415,12.162027596110114,0.0]]],[[[102.66652577843269,12.162928787793929,0.0],[102.66658103094724,12.162888999996182,0.0],[102.66644803160838,12.162747403022928,0.0],[102.66644201927271,12.162747352235751,0.0],[102.66644207417957,12.16274106047658,0.0],[102.66628799994723,12.162577025996201,0.0],[102.66625963896433,12.162596723771177,0.0],[102.66625833790813,12.162745800586345,0.0],[102.66604756076683,12.162744019894776,0.0],[102.66589203794726,12.16285203599616,0.0],[102.66594381707405,12.16292387136039,0.0],[102.66607307924865,12.16292496347844,0.0],[102.66607154212925,12.163101069535234,0.0],[102.66607488462975,12.163105706719048,0.0],[102.66627771462773,12.16310742030206,0.0],[102.66643989619554,12.162990632260765,0.0],[102.6664404422003,12.162928066946598,0.0],[102.66652577843269,12.162928787793929,0.0]]],[[[102.6654997663458,12.163281575014972,0.0],[102.66562824858345,12.163463388711413,0.0],[102.66578835168285,12.163464741630616,0.0],[102.665885249649,12.163398618148106,0.0],[102.66588624284702,12.163284840833148,0.0],[102.66604995274693,12.1632862240577,0.0],[102.66607004568772,12.163272512535409,0.0],[102.66607030058232,12.163243310177695,0.0],[102.66597408668507,12.163104855085273,0.0],[102.66588782034144,12.16310412619863,0.0],[102.6658888842463,12.162982245733598,0.0],[102.66584775532758,12.162923059708957,0.0],[102.66579241724324,12.162922592127497,0.0],[102.66570524438357,12.162975929459384,0.0],[102.66570413880478,12.163102574136134,0.0],[102.66552045729334,12.163101021951764,0.0],[102.66551887955119,12.1632817365388,0.0],[102.6654997663458,12.163281575014972,0.0]]],[[[102.66527188230678,12.16327964908744,0.0],[102.66515079381311,12.163361377868537,0.0],[102.6651497736063,12.16347821158694,0.0],[102.66526898331969,12.163641080361344,0.0],[102.66533204213343,12.163641613327716,0.0],[102.66533362004986,12.163460898769545,0.0],[102.66552921236068,12.163462551779196,0.0],[102.66542428593,12.163280937124455,0.0],[102.66527188230678,12.16327964908744,0.0]]],[[[102.66543618836594,12.163823221433551,0.0],[102.66551459167547,12.163772855221213,0.0],[102.66551572399123,12.16364316570519,0.0],[102.66533204213343,12.163641613327716,0.0],[102.66533130334128,12.163726224223733,0.0],[102.6654020883854,12.163822933234771,0.0],[102.66543618836594,12.163823221433551,0.0]]],[[[102.66792880633051,12.160771896967539,0.0],[102.66792945366429,12.160697659201405,0.0],[102.66773061333024,12.160589495840531,0.0],[102.6675630219749,12.160588081134685,0.0],[102.66756144594802,12.16076879601862,0.0],[102.66747665500336,12.160768080215071,0.0],[102.66737508575207,12.16107452120903,0.0],[102.66737450163454,12.161141491130417,0.0],[102.66737999394707,12.161158974996136,0.0],[102.6674229929471,12.161251008996171,0.0],[102.66751920163226,12.161310623934302,0.0],[102.6677403982664,12.161312491261606,0.0],[102.66773928842125,12.161439753662373,0.0],[102.66779498194701,12.161470027996192,0.0],[102.66792345583337,12.161385485930346,0.0],[102.66792407884178,12.161314041746303,0.0],[102.66798758277126,12.161314577767351,0.0],[102.66806697494701,12.161210020996185,0.0],[102.66810961683953,12.161102573560035,0.0],[102.66811228023026,12.160797111350568,0.0],[102.66806808877553,12.16077307254573,0.0],[102.66792880633051,12.160771896967539,0.0]]],[[[102.66738047749186,12.160456331678859,0.0],[102.66719641170754,12.160499020381533,0.0],[102.66719566194087,12.160584979745822,0.0],[102.66683876291664,12.16058196620507,0.0],[102.66664421413289,12.160627085687858,0.0],[102.66664304543279,12.160761041513963,0.0],[102.66719408566632,12.160765694582304,0.0],[102.66719250936659,12.160946409416226,0.0],[102.66730551456858,12.160947363527713,0.0],[102.66737793302798,12.160748071215787,0.0],[102.66738047749186,12.160456331678859,0.0]]],[[[102.66717968917004,12.161127029310816,0.0],[102.66719105134833,12.161113561298448,0.0],[102.66719250936659,12.160946409416226,0.0],[102.66700882913969,12.160944858491566,0.0],[102.66700725269091,12.161125573299206,0.0],[102.66717968917004,12.161127029310816,0.0]]],[[[102.66737146093976,12.161490104776625,0.0],[102.66737289929269,12.16132519990475,0.0],[102.66736297894711,12.161318985996138,0.0],[102.66721503794712,12.161332983996175,0.0],[102.66718897038808,12.16135212495982,0.0],[102.66718778031614,12.161488553902643,0.0],[102.66737146093976,12.161490104776625,0.0]]],[[[102.66773724623359,12.161673921053879,0.0],[102.66773829143285,12.161554073917053,0.0],[102.66763978254191,12.161492370081936,0.0],[102.6675551415886,12.161491655528755,0.0],[102.66755356543574,12.16167237039989,0.0],[102.66773724623359,12.161673921053879,0.0]]],[[[102.66736830836116,12.16185153446889,0.0],[102.66736988466306,12.161670819624037,0.0],[102.66718620391559,12.161669268726328,0.0],[102.66718462748983,12.161849983547453,0.0],[102.66736830836116,12.16185153446889,0.0]]],[[[102.66757721597672,12.162034026421994,0.0],[102.66773560932928,12.161861613137399,0.0],[102.6677356701794,12.161854635946176,0.0],[102.66755198925767,12.161853085268463,0.0],[102.66755041305443,12.16203380013448,0.0],[102.66757721597672,12.162034026421994,0.0]]],[[[102.66755041305443,12.16203380013448,0.0],[102.66736673203407,12.16203224931118,0.0],[102.66736515568176,12.162212964150916,0.0],[102.66741246143077,12.16221336357201,0.0],[102.66755015415198,12.162063483544799,0.0],[102.66755041305443,12.16203380013448,0.0]]],[[[102.66717989806139,12.16239212799548,0.0],[102.66724770665947,12.162392700581135,0.0],[102.66736469868911,12.162265353773686,0.0],[102.66736515568176,12.162212964150916,0.0],[102.66718147456274,12.162211413182028,0.0],[102.66717989806139,12.16239212799548,0.0]]]]},"properties":{"plot":"4-VSD","province":"ตราด","date":"2026-09-19","class":"wetness","analysis_status":"AUTO_VALID","qa_valid_pct":100.0,"area_rai":12.782,"source":"original Sentinel-2 GeoTIFF, clipped to native PDD MultiPolygon"}},{"type":"Feature","geometry":{"type":"MultiPolygon","coordinates":[[[[102.66904191280686,12.159516191320616,0.0],[102.66940927185868,12.159519289988065,0.0],[102.66941399561989,12.158977144563467,0.0],[102.66867927910286,12.15897094702571,0.0],[102.66867770404569,12.159151662074972,0.0],[102.66831034569063,12.159148562527681,0.0],[102.66830561962504,12.159690707517838,0.0],[102.66895346458112,12.159696173552351,0.0],[102.66904056035737,12.159671382521227,0.0],[102.66904191280686,12.159516191320616,0.0]]],[[[102.667572477607,12.159503791777356,0.0],[102.66756932583041,12.15986522157337,0.0],[102.66793668497455,12.159868322285083,0.0],[102.66793983625581,12.159506892394191,0.0],[102.667572477607,12.159503791777356,0.0]]],[[[102.6672003906133,12.160042835221017,0.0],[102.66720354293561,12.159681405525015,0.0],[102.66665250493106,12.159676752883797,0.0],[102.66664777529536,12.160218897210395,0.0],[102.66701513468283,12.160221999235425,0.0],[102.6670167110056,12.160041284414993,0.0],[102.6672003906133,12.160042835221017,0.0]]]]},"properties":{"plot":"5-VSD","province":"ตราด","date":"2026-09-19","class":"water","analysis_status":"AUTO_VALID","qa_valid_pct":100.0,"area_rai":7.992,"source":"original Sentinel-2 GeoTIFF, clipped to native PDD MultiPolygon"}},{"type":"Feature","geometry":{"type":"MultiPolygon","coordinates":[[[[102.66941242105798,12.159157859707559,0.0],[102.66940927185868,12.159519289988065,0.0],[102.66950404125747,12.15952008928714,0.0],[102.66953699294687,12.159471027996108,0.0],[102.66950841644176,12.159158669322874,0.0],[102.66941242105798,12.159157859707559,0.0]]],[[[102.667572477607,12.159503791777356,0.0],[102.66793983625581,12.159506892394191,0.0],[102.66794141185866,12.159326177444905,0.0],[102.66795761853297,12.159326314220838,0.0],[102.66790696394702,12.159160980996182,0.0],[102.6679629261747,12.158964902509824,0.0],[102.66766117783169,12.158962355831195,0.0],[102.66720935659131,12.159014810149062,0.0],[102.66720932137504,12.159018848176752,0.0],[102.66730698794709,12.159304981996174,0.0],[102.66731456808728,12.159320886479232,0.0],[102.6673903742947,12.159321526408068,0.0],[102.6673885869157,12.159526482557077,0.0],[102.66748991083499,12.159864551203277,0.0],[102.66756932583041,12.15986522157337,0.0],[102.667572477607,12.159503791777356,0.0]]],[[[102.66793668497455,12.159868322285083,0.0],[102.6680815394067,12.15986954480136,0.0],[102.66809396394702,12.159864976996134,0.0],[102.66810703994699,12.15981401499617,0.0],[102.6680131334222,12.159507510985769,0.0],[102.66793983625581,12.159506892394191,0.0],[102.66793668497455,12.159868322285083,0.0]]],[[[102.66833680582783,12.159871698968045,0.0],[102.66867226043416,12.159776215559091,0.0],[102.66867297872304,12.159693807207406,0.0],[102.66830561962504,12.159690707517838,0.0],[102.66831034569063,12.159148562527681,0.0],[102.66867770404569,12.159151662074972,0.0],[102.66867927910286,12.15897094702571,0.0],[102.6685675797983,12.15897000464007,0.0],[102.66803503994701,12.159023014996164,0.0],[102.66802003594704,12.159233986996142,0.0],[102.66804922499864,12.15932708731407,0.0],[102.66812509109705,12.15932772754685,0.0],[102.66812351561802,12.159508442519853,0.0],[102.66810603774925,12.15950829502409,0.0],[102.66819999594702,12.159807979996117,0.0],[102.66826626541759,12.15987110370846,0.0],[102.66833680582783,12.159871698968045,0.0]]],[[[102.66684091327808,12.159136159465218,0.0],[102.66647355542695,12.159133057481283,0.0],[102.6664741331015,12.159066840579491,0.0],[102.66639201894719,12.159025025996176,0.0],[102.66629053999283,12.15905546278494,0.0],[102.66628741609306,12.159413512475131,0.0],[102.66640098794721,12.159640006996163,0.0],[102.6665149819472,12.159633971996199,0.0],[102.66657700794717,12.159577980996131,0.0],[102.66662604194721,12.159578985996168,0.0],[102.66665340585233,12.159573479958134,0.0],[102.66665408142588,12.159496038103148,0.0],[102.6668377606117,12.15949758908166,0.0],[102.66683742160406,12.159536453083119,0.0],[102.66710800094712,12.159482007996187,0.0],[102.66714798294713,12.159376982996195,0.0],[102.66712614919373,12.159319295824423,0.0],[102.66702301604468,12.159318425107669,0.0],[102.66702533173282,12.159052924775718,0.0],[102.66701635386873,12.159029204230588,0.0],[102.66684163361909,12.159053576133479,0.0],[102.66684091327808,12.159136159465218,0.0]]],[[[102.66646716340023,12.159865728183986,0.0],[102.66654409569156,12.160037293565168,0.0],[102.66664935186579,12.160038182437422,0.0],[102.66665266534527,12.159658364614833,0.0],[102.66647902294719,12.159704965996161,0.0],[102.66646796161491,12.15977423734266,0.0],[102.66646716340023,12.159865728183986,0.0]]],[[[102.6668361842407,12.159678303886043,0.0],[102.66720354293561,12.159681405525015,0.0],[102.6672037915729,12.159652897509257,0.0],[102.6671810079471,12.159586026996148,0.0],[102.66706399594713,12.15954797299616,0.0],[102.66683678921497,12.159608950118624,0.0],[102.6668361842407,12.159678303886043,0.0]]],[[[102.66904056035737,12.159671382521227,0.0],[102.66922471024245,12.159618965797957,0.0],[102.66922559232019,12.159517740715259,0.0],[102.66904191280686,12.159516191320616,0.0],[102.66904056035737,12.159671382521227,0.0]]],[[[102.66756774990432,12.160045936467538,0.0],[102.66760098513767,12.16004621701524,0.0],[102.66775192454082,12.159990725385464,0.0],[102.6677530053899,12.159866771990147,0.0],[102.66756932583041,12.15986522157337,0.0],[102.66756774990432,12.160045936467538,0.0]]],[[[102.6672003906133,12.160042835221017,0.0],[102.6670167110056,12.160041284414993,0.0],[102.66701513468283,12.160221999235425,0.0],[102.6671589710491,12.160223213673286,0.0],[102.66728796094708,12.160175023996182,0.0],[102.66734998694713,12.160081983996161,0.0],[102.66727528739534,12.159862739376695,0.0],[102.66720196678706,12.159862120374296,0.0],[102.6672003906133,12.160042835221017,0.0]]],[[[102.6666473507477,12.160267560595923,0.0],[102.66666099394715,12.160297985996168,0.0],[102.66678202894714,12.160364035996169,0.0],[102.66683035989878,12.160345980008348,0.0],[102.66683145497649,12.160220448283832,0.0],[102.66664777529536,12.160218897210395,0.0],[102.6666473507477,12.160267560595923,0.0]]]]},"properties":{"plot":"5-VSD","province":"ตราด","date":"2026-09-19","class":"vegetation","analysis_status":"AUTO_VALID","qa_valid_pct":100.0,"area_rai":10.151,"source":"original Sentinel-2 GeoTIFF, clipped to native PDD MultiPolygon"}},{"type":"Feature","geometry":{"type":"MultiPolygon","coordinates":[[[[102.66922874176714,12.159156310482162,0.0],[102.66941242105798,12.159157859707559,0.0],[102.66941399561989,12.158977144563467,0.0],[102.66923031645285,12.158975595361776,0.0],[102.66922874176714,12.159156310482162,0.0]]],[[[102.66941084647092,12.159338574849091,0.0],[102.66922716705625,12.159337025599989,0.0],[102.66922559232019,12.159517740715259,0.0],[102.66950404125747,12.15952008928714,0.0],[102.66953699294687,12.159471027996108,0.0],[102.66950841644176,12.159158669322874,0.0],[102.66941242105798,12.159157859707559,0.0],[102.66941084647092,12.159338574849091,0.0]]],[[[102.66849087441801,12.159511542405667,0.0],[102.66867455385578,12.159513092165819,0.0],[102.66867612896331,12.159332377121675,0.0],[102.66849244964938,12.159330827385233,0.0],[102.66849087441801,12.159511542405667,0.0]]],[[[102.66775458116695,12.159686057069699,0.0],[102.66757090173131,12.159684506676644,0.0],[102.667572477607,12.159503791777356,0.0],[102.66793983625581,12.159506892394191,0.0],[102.66794141185866,12.159326177444905,0.0],[102.66795761853297,12.159326314220838,0.0],[102.66790696394702,12.159160980996182,0.0],[102.6679629261747,12.158964902509824,0.0],[102.66776088402324,12.158963197362317,0.0],[102.66775930834696,12.159143912293,0.0],[102.66757562928278,12.159142361971108,0.0],[102.66757711380228,12.158972115327872,0.0],[102.66720935659131,12.159014810149062,0.0],[102.66720932137504,12.159018848176752,0.0],[102.66730698794709,12.159304981996174,0.0],[102.66731456808728,12.159320886479232,0.0],[102.6673903742947,12.159321526408068,0.0],[102.6673885869157,12.159526482557077,0.0],[102.66748991083499,12.159864551203277,0.0],[102.66756932583041,12.15986522157337,0.0],[102.66756774990432,12.160045936467538,0.0],[102.66760098513767,12.16004621701524,0.0],[102.66775192454082,12.159990725385464,0.0],[102.66775458116695,12.159686057069699,0.0]]],[[[102.66812509109705,12.15932772754685,0.0],[102.66812666655089,12.159147012571287,0.0],[102.66867770404569,12.159151662074972,0.0],[102.66867927910286,12.15897094702571,0.0],[102.6685675797983,12.15897000464007,0.0],[102.66803503994701,12.159023014996164,0.0],[102.66802003594704,12.159233986996142,0.0],[102.66804922499864,12.15932708731407,0.0],[102.66812509109705,12.15932772754685,0.0]]],[[[102.6664741331015,12.159066840579491,0.0],[102.66639201894719,12.159025025996176,0.0],[102.66629053999283,12.15905546278494,0.0],[102.66628741609306,12.159413512475131,0.0],[102.66640098794721,12.159640006996163,0.0],[102.6665149819472,12.159633971996199,0.0],[102.66657700794717,12.159577980996131,0.0],[102.66662604194721,12.159578985996168,0.0],[102.66665340585233,12.159573479958134,0.0],[102.66665408142588,12.159496038103148,0.0],[102.6668377606117,12.15949758908166,0.0],[102.66683742160406,12.159536453083119,0.0],[102.66710800094712,12.159482007996187,0.0],[102.66714798294713,12.159376982996195,0.0],[102.66712614919373,12.159319295824423,0.0],[102.66702301604468,12.159318425107669,0.0],[102.66702459224146,12.15913771027444,0.0],[102.66647355542695,12.159133057481283,0.0],[102.6664741331015,12.159066840579491,0.0]]],[[[102.66646716340023,12.159865728183986,0.0],[102.66654409569156,12.160037293565168,0.0],[102.66664935186579,12.160038182437422,0.0],[102.6666473507477,12.160267560595923,0.0],[102.66666099394715,12.160297985996168,0.0],[102.66678202894714,12.160364035996169,0.0],[102.66683035989878,12.160345980008348,0.0],[102.66683145497649,12.160220448283832,0.0],[102.6671589710491,12.160223213673286,0.0],[102.66728796094708,12.160175023996182,0.0],[102.66734998694713,12.160081983996161,0.0],[102.66727528739534,12.159862739376695,0.0],[102.66720196678706,12.159862120374296,0.0],[102.6672037915729,12.159652897509257,0.0],[102.6671810079471,12.159586026996148,0.0],[102.66706399594713,12.15954797299616,0.0],[102.66683678921497,12.159608950118624,0.0],[102.6668361842407,12.159678303886043,0.0],[102.66665250493106,12.159676752883797,0.0],[102.66665266534527,12.159658364614833,0.0],[102.66647902294719,12.159704965996161,0.0],[102.66646796161491,12.15977423734266,0.0],[102.66646716340023,12.159865728183986,0.0]]],[[[102.66793668497455,12.159868322285083,0.0],[102.6680815394067,12.15986954480136,0.0],[102.66809396394702,12.159864976996134,0.0],[102.66810703994699,12.15981401499617,0.0],[102.6680131334222,12.159507510985769,0.0],[102.66793983625581,12.159506892394191,0.0],[102.66793668497455,12.159868322285083,0.0]]],[[[102.66812351561802,12.159508442519853,0.0],[102.66810603774925,12.15950829502409,0.0],[102.6681230440114,12.15956253749272,0.0],[102.66812351561802,12.159508442519853,0.0]]],[[[102.66830404421947,12.159871422509442,0.0],[102.66833680582783,12.159871698968045,0.0],[102.66867226043416,12.159776215559091,0.0],[102.66867297872304,12.159693807207406,0.0],[102.66830561962504,12.159690707517838,0.0],[102.66830404421947,12.159871422509442,0.0]]]]},"properties":{"plot":"5-VSD","province":"ตราด","date":"2026-09-19","class":"wetness","analysis_status":"AUTO_VALID","qa_valid_pct":100.0,"area_rai":11.721,"source":"original Sentinel-2 GeoTIFF, clipped to native PDD MultiPolygon"}},{"type":"Feature","geometry":{"type":"Polygon","coordinates":[[[102.28569878511082,12.288092922725484,0.0],[102.28643364037518,12.288100213217364,0.0],[102.28643207015092,12.288253287511878,0.0],[102.28665378471386,12.28828307522373,0.0],[102.28735035754376,12.288289983629369,0.0],[102.28735591517271,12.287748003425925,0.0],[102.287172201416,12.287746181657782,0.0],[102.2871732840306,12.287640609182533,0.0],[102.28688166760962,12.287562621996681,0.0],[102.28680662685017,12.287561877762101,0.0],[102.28680477399062,12.287742537752447,0.0],[102.28667728329995,12.28774127326774,0.0],[102.28661926028566,12.287916210547666,0.0],[102.28661920730798,12.287921375575339,0.0],[102.2866175525968,12.28792135916253,0.0],[102.28660838437983,12.287949000971812,0.0],[102.28651457963998,12.28792033777097,0.0],[102.2857021377073,12.287912277778704,0.0],[102.28570060197586,12.287915849850922,0.0],[102.28569878511082,12.288092922725484,0.0]]]},"properties":{"plot":"6-VSD","province":"ตราด","date":"2026-07-18","class":"water","analysis_status":"AUTO_VALID","qa_valid_pct":100.0,"area_rai":4.846,"source":"original Sentinel-2 GeoTIFF, clipped to native PDD MultiPolygon"}},{"type":"Feature","geometry":{"type":"MultiPolygon","coordinates":[[[[102.28479033712932,12.28709776063844,0.0],[102.2849734776085,12.287155365733465,0.0],[102.28497505489047,12.287001671971572,0.0],[102.28480902333966,12.287000024198173,0.0],[102.28479113391326,12.287020125418152,0.0],[102.28479033712932,12.28709776063844,0.0]]],[[[102.28607547948367,12.28719326881775,0.0],[102.28607733275547,12.28701260892984,0.0],[102.28602084359153,12.287012048544208,0.0],[102.28589221069755,12.287148129629607,0.0],[102.28589176630767,12.287191446271294,0.0],[102.28607547948367,12.28719326881775,0.0]]],[[[102.28552434004378,12.287187800809344,0.0],[102.2853406269559,12.287185977893849,0.0],[102.28533979548305,12.287267008335657,0.0],[102.2855229477163,12.287323497689558,0.0],[102.28552434004378,12.287187800809344,0.0]]],[[[102.28588991288144,12.28737210612894,0.0],[102.28589176630767,12.287191446271294,0.0],[102.28585164117465,12.287191048189161,0.0],[102.28574818403503,12.287300495548987,0.0],[102.28584154202746,12.2873716262332,0.0],[102.28588991288144,12.28737210612894,0.0]]],[[[102.28620869694115,12.287555946914955,0.0],[102.28625596578887,12.287509669052774,0.0],[102.28625733951294,12.287375751154052,0.0],[102.28588991288144,12.28737210612894,0.0],[102.28588954259918,12.287408198476928,0.0],[102.28608180850874,12.287554688144752,0.0],[102.28620869694115,12.287555946914955,0.0]]],[[[102.28606621268428,12.288096568217469,0.0],[102.28588249888287,12.288094745532987,0.0],[102.28588163100402,12.288179334333813,0.0],[102.28606511065914,12.288203985509261,0.0],[102.28606621268428,12.288096568217469,0.0]]],[[[102.28607733275547,12.28701260892984,0.0],[102.28626104583574,12.287014431325684,0.0],[102.28626289895311,12.286833771407519,0.0],[102.28619004577554,12.286833048744239,0.0],[102.28607795832635,12.286951626637878,0.0],[102.28607733275547,12.28701260892984,0.0]]],[[[102.2865740888192,12.287198214704192,0.0],[102.28662715741167,12.287146258443311,0.0],[102.28662847208435,12.287018075748332,0.0],[102.28644475894536,12.287016253598514,0.0],[102.28644290592372,12.287196913541624,0.0],[102.2865740888192,12.287198214704192,0.0]]],[[[102.28625919268902,12.287195091241195,0.0],[102.28625733951294,12.287375751154052,0.0],[102.28639139300375,12.287377080897672,0.0],[102.2864415617278,12.287327963838957,0.0],[102.28644290592372,12.287196913541624,0.0],[102.28625919268902,12.287195091241195,0.0]]],[[[102.28680477399062,12.287742537752447,0.0],[102.28680662685017,12.287561877762101,0.0],[102.28673701389786,12.287561187340694,0.0],[102.28667728329995,12.28774127326774,0.0],[102.28680477399062,12.287742537752447,0.0]]],[[[102.28625177980855,12.28791773087669,0.0],[102.28625257434099,12.287840278613224,0.0],[102.28606941615175,12.287784312057237,0.0],[102.28606806610287,12.287915908342834,0.0],[102.28625177980855,12.28791773087669,0.0]]],[[[102.28735035754376,12.288289983629369,0.0],[102.28734946993909,12.28837654048683,0.0],[102.28746442837833,12.28839198497346,0.0],[102.28748013259323,12.288291270504454,0.0],[102.28735035754376,12.288289983629369,0.0]]]]},"properties":{"plot":"6-VSD","province":"ตราด","date":"2026-07-18","class":"vegetation","analysis_status":"AUTO_VALID","qa_valid_pct":100.0,"area_rai":2.198,"source":"original Sentinel-2 GeoTIFF, clipped to native PDD MultiPolygon"}},{"type":"Feature","geometry":{"type":"MultiPolygon","coordinates":[[[[102.28534804186812,12.286463338768005,0.0],[102.28534433447074,12.286824658336236,0.0],[102.28547395293829,12.286825944466871,0.0],[102.28552865930364,12.286766833464192,0.0],[102.28552990089679,12.286645821386111,0.0],[102.28563964636166,12.286646910242773,0.0],[102.28571445039546,12.286566083234385,0.0],[102.28571517188031,12.286495757748082,0.0],[102.28565726762206,12.286466406849787,0.0],[102.28534804186812,12.286463338768005,0.0]]],[[[102.28571361363883,12.286647644095769,0.0],[102.28571364615304,12.286644474860537,0.0],[102.28571072932297,12.286647615479923,0.0],[102.28571361363883,12.286647644095769,0.0]]],[[[102.28515876779454,12.287003495105475,0.0],[102.28530825928584,12.28700497854123,0.0],[102.28534286792375,12.286967583505735,0.0],[102.28534433447074,12.286824658336236,0.0],[102.28516062166236,12.286822835352954,0.0],[102.28515876779454,12.287003495105475,0.0]]],[[[102.28570990668301,12.28700896376913,0.0],[102.28585386216604,12.2870103919815,0.0],[102.28589402650711,12.286971132949203,0.0],[102.28589732641024,12.286649466682418,0.0],[102.28571361363883,12.286647644095769,0.0],[102.2857117601756,12.286828303933774,0.0],[102.28554445753024,12.286826644018223,0.0],[102.2855278623044,12.286844512445237,0.0],[102.28552619369083,12.287007141004255,0.0],[102.28537818550778,12.287005672405925,0.0],[102.28534207816895,12.287044549841914,0.0],[102.2853406269559,12.287185977893849,0.0],[102.28567087460405,12.287189254727968,0.0],[102.28570843360679,12.28715254239592,0.0],[102.28570990668301,12.28700896376913,0.0]]]]},"properties":{"plot":"6-VSD","province":"ตราด","date":"2026-07-18","class":"bare_soil","analysis_status":"AUTO_VALID","qa_valid_pct":100.0,"area_rai":2.186,"source":"original Sentinel-2 GeoTIFF, clipped to native PDD MultiPolygon"}},{"type":"Feature","geometry":{"type":"MultiPolygon","coordinates":[[[[102.28480902333966,12.287000024198173,0.0],[102.28479113391326,12.287020125418152,0.0],[102.28479033712932,12.28709776063844,0.0],[102.2849734776085,12.287155365733465,0.0],[102.28497505489047,12.287001671971572,0.0],[102.28480902333966,12.287000024198173,0.0]]],[[[102.28644475894536,12.287016253598514,0.0],[102.28644290592372,12.287196913541624,0.0],[102.2865740888192,12.287198214704192,0.0],[102.28662715741167,12.287146258443311,0.0],[102.28662847208435,12.287018075748332,0.0],[102.28644475894536,12.287016253598514,0.0]]],[[[102.28625919268902,12.287195091241195,0.0],[102.28625733951294,12.287375751154052,0.0],[102.28639139300375,12.287377080897672,0.0],[102.2864415617278,12.287327963838957,0.0],[102.28644290592372,12.287196913541624,0.0],[102.28625919268902,12.287195091241195,0.0]]],[[[102.28716849610922,12.288107501740885,0.0],[102.28717034877728,12.287926841700662,0.0],[102.28735406265908,12.287928663496395,0.0],[102.28735591517271,12.287748003425925,0.0],[102.287172201416,12.287746181657782,0.0],[102.2871732840306,12.287640609182533,0.0],[102.28688166760962,12.287562621996681,0.0],[102.28673701389786,12.287561187340694,0.0],[102.28667728329995,12.28774127326774,0.0],[102.28680477399062,12.287742537752447,0.0],[102.28680292110174,12.287923197740135,0.0],[102.28661920730798,12.287921375575339,0.0],[102.28661735426465,12.288102035532777,0.0],[102.28588249888287,12.288094745532987,0.0],[102.28588163100402,12.288179334333813,0.0],[102.28665378471386,12.28828307522373,0.0],[102.28698292930918,12.288286339804515,0.0],[102.28698478213167,12.28810567979454,0.0],[102.28716849610922,12.288107501740885,0.0]]]]},"properties":{"plot":"6-VSD","province":"ตราด","date":"2026-07-18","class":"wetness","analysis_status":"AUTO_VALID","qa_valid_pct":100.0,"area_rai":3.925,"source":"original Sentinel-2 GeoTIFF, clipped to native PDD MultiPolygon"}},{"type":"Feature","geometry":{"type":"Polygon","coordinates":[[[102.50716611617253,12.184667421751916,0.0],[102.50716780392445,12.184486728624993,0.0],[102.50698412927318,12.184485068222092,0.0],[102.50698244139723,12.18466576132366,0.0],[102.50716611617253,12.184667421751916,0.0]]]},"properties":{"plot":"7-VSD","province":"ตราด","date":"2026-09-09","class":"water","analysis_status":"AUTO_VALID","qa_valid_pct":100.0,"area_rai":0.25,"source":"original Sentinel-2 GeoTIFF, clipped to native PDD MultiPolygon"}},{"type":"Feature","geometry":{"type":"MultiPolygon","coordinates":[[[[102.50716611617253,12.184667421751916,0.0],[102.5072903160348,12.184668544454974,0.0],[102.50733802996159,12.184624028997385,0.0],[102.50725999496156,12.184312976997322,0.0],[102.50716894642127,12.18436440964695,0.0],[102.50716611617253,12.184667421751916,0.0]]],[[[102.50695580376212,12.184484812151048,0.0],[102.5068350319616,12.184553034997307,0.0],[102.50679954857131,12.184580399725416,0.0],[102.50679876664884,12.184664100773366,0.0],[102.50698244139723,12.18466576132366,0.0],[102.50698412927318,12.184485068222092,0.0],[102.50695580376212,12.184484812151048,0.0]]],[[[102.50698244139723,12.18466576132366,0.0],[102.50698075349433,12.184846454422635,0.0],[102.5069879367857,12.184846519363159,0.0],[102.50716539470416,12.184744662304915,0.0],[102.50716611617253,12.184667421751916,0.0],[102.50698244139723,12.18466576132366,0.0]]],[[[102.50670455300478,12.185024665612707,0.0],[102.50679594130528,12.18496653508733,0.0],[102.50679707862191,12.184844793846988,0.0],[102.5064606566667,12.184841751991861,0.0],[102.50642950185593,12.18486577842221,0.0],[102.50642876386597,12.184944763078768,0.0],[102.50652003996159,12.185142030997328,0.0],[102.50661115269213,12.185084075880955,0.0],[102.50661171559852,12.185023826194968,0.0],[102.50670455300478,12.185024665612707,0.0]]]]},"properties":{"plot":"7-VSD","province":"ตราด","date":"2026-09-09","class":"vegetation","analysis_status":"AUTO_VALID","qa_valid_pct":100.0,"area_rai":1.269,"source":"original Sentinel-2 GeoTIFF, clipped to native PDD MultiPolygon"}},{"type":"Feature","geometry":{"type":"MultiPolygon","coordinates":[[[[102.50716780392445,12.184486728624993,0.0],[102.50695580376212,12.184484812151048,0.0],[102.5068350319616,12.184553034997307,0.0],[102.50679954857131,12.184580399725416,0.0],[102.50679876664884,12.184664100773366,0.0],[102.5072903160348,12.184668544454974,0.0],[102.50733802996159,12.184624028997385,0.0],[102.50725999496156,12.184312976997322,0.0],[102.50716894642127,12.18436440964695,0.0],[102.50716780392445,12.184486728624993,0.0]]],[[[102.50661340377644,12.184843133149295,0.0],[102.5064606566667,12.184841751991861,0.0],[102.50642950185593,12.18486577842221,0.0],[102.50642876386597,12.184944763078768,0.0],[102.50652003996159,12.185142030997328,0.0],[102.50661115269213,12.185084075880955,0.0],[102.50661340377644,12.184843133149295,0.0]]]]},"properties":{"plot":"7-VSD","province":"ตราด","date":"2026-09-09","class":"wetness","analysis_status":"AUTO_VALID","qa_valid_pct":100.0,"area_rai":1.108,"source":"original Sentinel-2 GeoTIFF, clipped to native PDD MultiPolygon"}},{"type":"Feature","geometry":{"type":"MultiPolygon","coordinates":[[[[102.50716780392445,12.184486728624993,0.0],[102.50698412927318,12.184485068222092,0.0],[102.50698244139723,12.18466576132366,0.0],[102.50716611617253,12.184667421751916,0.0],[102.50716780392445,12.184486728624993,0.0]]],[[[102.50661340377644,12.184843133149295,0.0],[102.50698075349433,12.184846454422635,0.0],[102.50698244139723,12.18466576132366,0.0],[102.50669226332191,12.184663137851569,0.0],[102.50661452530785,12.184723089155915,0.0],[102.50661340377644,12.184843133149295,0.0]]]]},"properties":{"plot":"7-VSD","province":"ตราด","date":"2026-09-29","class":"water","analysis_status":"AUTO_VALID","qa_valid_pct":100.0,"area_rai":0.732,"source":"original Sentinel-2 GeoTIFF, clipped to native PDD MultiPolygon"}},{"type":"Feature","geometry":{"type":"MultiPolygon","coordinates":[[[[102.50716611617253,12.184667421751916,0.0],[102.5072903160348,12.184668544454974,0.0],[102.50733802996159,12.184624028997385,0.0],[102.50725999496156,12.184312976997322,0.0],[102.50716894642127,12.18436440964695,0.0],[102.50716611617253,12.184667421751916,0.0]]],[[[102.50695580376212,12.184484812151048,0.0],[102.5068350319616,12.184553034997307,0.0],[102.50679954857131,12.184580399725416,0.0],[102.50679876664884,12.184664100773366,0.0],[102.50698244139723,12.18466576132366,0.0],[102.50698412927318,12.184485068222092,0.0],[102.50695580376212,12.184484812151048,0.0]]],[[[102.50698244139723,12.18466576132366,0.0],[102.50698075349433,12.184846454422635,0.0],[102.5069879367857,12.184846519363159,0.0],[102.50716539470416,12.184744662304915,0.0],[102.50716611617253,12.184667421751916,0.0],[102.50698244139723,12.18466576132366,0.0]]],[[[102.50670455300478,12.185024665612707,0.0],[102.50679594130528,12.18496653508733,0.0],[102.50679707862191,12.184844793846988,0.0],[102.5064606566667,12.184841751991861,0.0],[102.50642950185593,12.18486577842221,0.0],[102.50642876386597,12.184944763078768,0.0],[102.50652003996159,12.185142030997328,0.0],[102.50661115269213,12.185084075880955,0.0],[102.50661171559852,12.185023826194968,0.0],[102.50670455300478,12.185024665612707,0.0]]]]},"properties":{"plot":"7-VSD","province":"ตราด","date":"2026-09-29","class":"vegetation","analysis_status":"AUTO_VALID","qa_valid_pct":100.0,"area_rai":1.269,"source":"original Sentinel-2 GeoTIFF, clipped to native PDD MultiPolygon"}},{"type":"Feature","geometry":{"type":"MultiPolygon","coordinates":[[[[102.50716780392445,12.184486728624993,0.0],[102.50695580376212,12.184484812151048,0.0],[102.5068350319616,12.184553034997307,0.0],[102.50679954857131,12.184580399725416,0.0],[102.50679876664884,12.184664100773366,0.0],[102.5072903160348,12.184668544454974,0.0],[102.50733802996159,12.184624028997385,0.0],[102.50725999496156,12.184312976997322,0.0],[102.50716894642127,12.18436440964695,0.0],[102.50716780392445,12.184486728624993,0.0]]],[[[102.50669226332191,12.184663137851569,0.0],[102.50661452530785,12.184723089155915,0.0],[102.50661340377644,12.184843133149295,0.0],[102.50679707862191,12.184844793846988,0.0],[102.50679876664884,12.184664100773366,0.0],[102.50669226332191,12.184663137851569,0.0]]],[[[102.50661340377644,12.184843133149295,0.0],[102.5064606566667,12.184841751991861,0.0],[102.50642950185593,12.18486577842221,0.0],[102.50642876386597,12.184944763078768,0.0],[102.50652003996159,12.185142030997328,0.0],[102.50661115269213,12.185084075880955,0.0],[102.50661340377644,12.184843133149295,0.0]]]]},"properties":{"plot":"7-VSD","province":"ตราด","date":"2026-09-29","class":"wetness","analysis_status":"AUTO_VALID","qa_valid_pct":100.0,"area_rai":1.34,"source":"original Sentinel-2 GeoTIFF, clipped to native PDD MultiPolygon"}},{"type":"Feature","geometry":{"type":"MultiPolygon","coordinates":[[[[102.66851922472931,12.156258671646416,0.0],[102.66815187038641,12.156255572614324,0.0],[102.66814714515844,12.156797717656143,0.0],[102.66809059293315,12.156797240512528,0.0],[102.66809396394696,12.156803989996183,0.0],[102.66851449789885,12.156801085945501,0.0],[102.66851922472931,12.156258671646416,0.0]]],[[[102.66851292536532,12.156981531886775,0.0],[102.66851416407737,12.156839391718892,0.0],[102.66807401594697,12.15684497699617,0.0],[102.66803897894701,12.156918988996178,0.0],[102.66798298794701,12.157298018996187,0.0],[102.66800715455466,12.157338721343661,0.0],[102.66858801972612,12.157343622061086,0.0],[102.66863099294694,12.157273040996184,0.0],[102.66861722152429,12.156982411700463,0.0],[102.66851292536532,12.156981531886775,0.0]]]]},"properties":{"plot":"8-VSD","province":"ตราด","date":"2026-09-19","class":"vegetation","analysis_status":"AUTO_VALID","qa_valid_pct":100.0,"area_rai":3.67,"source":"original Sentinel-2 GeoTIFF, clipped to native PDD MultiPolygon"}},{"type":"Feature","geometry":{"type":"MultiPolygon","coordinates":[[[[102.66851922472931,12.156258671646416,0.0],[102.66815187038641,12.156255572614324,0.0],[102.66814714515844,12.156797717656143,0.0],[102.66809059293315,12.156797240512528,0.0],[102.66809396394696,12.156803989996183,0.0],[102.66851449789885,12.156801085945501,0.0],[102.66851922472931,12.156258671646416,0.0]]],[[[102.66851292536532,12.156981531886775,0.0],[102.66851416407737,12.156839391718892,0.0],[102.66807401594697,12.15684497699617,0.0],[102.66803897894701,12.156918988996178,0.0],[102.66798298794701,12.157298018996187,0.0],[102.66800715455466,12.157338721343661,0.0],[102.66858801972612,12.157343622061086,0.0],[102.66863099294694,12.157273040996184,0.0],[102.66861722152429,12.156982411700463,0.0],[102.66851292536532,12.156981531886775,0.0]]]]},"properties":{"plot":"8-VSD","province":"ตราด","date":"2026-09-19","class":"wetness","analysis_status":"AUTO_VALID","qa_valid_pct":100.0,"area_rai":3.67,"source":"original Sentinel-2 GeoTIFF, clipped to native PDD MultiPolygon"}},{"type":"Feature","geometry":{"type":"MultiPolygon","coordinates":[[[[101.68961285280163,12.708055010539795,0.0],[101.6897968671332,12.70805314349917,0.0],[101.68979496535461,12.707872485623213,0.0],[101.68997897952718,12.707870618482621,0.0],[101.68997517579837,12.707509302777304,0.0],[101.69015918968223,12.707507435564143,0.0],[101.69015538581111,12.707146119902692,0.0],[101.69033939940626,12.707144252616976,0.0],[101.69033559539285,12.706782936999387,0.0],[101.69051960869929,12.706781069641124,0.0],[101.69051580454361,12.706419754067408,0.0],[101.69069981756135,12.7064178866366,0.0],[101.69069791539772,12.706237228873047,0.0],[101.69088192825649,12.7062353613423,0.0],[101.69087812375771,12.705874045861805,0.0],[101.69069411115835,12.705875913337733,0.0],[101.69069601326339,12.706056571106757,0.0],[101.69051200050507,12.70605843848275,0.0],[101.6905139025097,12.706239096276446,0.0],[101.69032988959238,12.70624096355249,0.0],[101.69033369343008,12.706602279186491,0.0],[101.69014968022407,12.706604146389992,0.0],[101.69015348391947,12.70696546206786,0.0],[101.68996947042477,12.706967329198811,0.0],[101.6899732739779,12.707328644920542,0.0],[101.68978926019447,12.707330511978935,0.0],[101.68979116188524,12.707511169863098,0.0],[101.68960714794282,12.707513036821526,0.0],[101.68960904953315,12.707693694730349,0.0],[101.68942503543175,12.70769556158881,0.0],[101.68942693692162,12.7078762195223,0.0],[101.68924292266122,12.707878086280788,0.0],[101.68924672546936,12.708239402194344,0.0],[101.68887869634185,12.708243135438783,0.0],[101.68888249874817,12.708604451450965,0.0],[101.6892505283946,12.708600718096958,0.0],[101.68925242990112,12.708781376044163,0.0],[101.68943644481014,12.708779509148698,0.0],[101.68943264156691,12.708418193306343,0.0],[101.68961665618721,12.708416326338295,0.0],[101.68961285280163,12.708055010539795,0.0]]],[[[101.69036603077993,12.709673461633678,0.0],[101.6901820153686,12.709675329303055,0.0],[101.69018011306703,12.70949467150653,0.0],[101.68981208241603,12.709498406408322,0.0],[101.68981398445813,12.709679064259653,0.0],[101.68999799992802,12.70967719684505,0.0],[101.68999990212916,12.709857854666245,0.0],[101.69018391769949,12.70985598709685,0.0],[101.69018582005964,12.710036644887905,0.0],[101.69055385137196,12.710032909312135,0.0],[101.69055194875232,12.709852251575892,0.0],[101.69036793324054,12.709854119400068,0.0],[101.69036603077993,12.709673461633678,0.0]]],[[[101.68872700371412,12.711316188090324,0.0],[101.6889110205274,12.711314321193532,0.0],[101.688907217243,12.710953005263425,0.0],[101.68872320068922,12.710954872105434,0.0],[101.68872700371412,12.711316188090324,0.0]]],[[[101.69148725283902,12.71128817126103,0.0],[101.69148534936558,12.711107513681005,0.0],[101.69130133309203,12.711109382334039,0.0],[101.69130323643572,12.711290039941478,0.0],[101.69148725283902,12.71128817126103,0.0]]],[[[101.68910454668345,12.712215743809766,0.0],[101.68910074284682,12.711854427961802,0.0],[101.68891672567351,12.711856295068175,0.0],[101.68892052925062,12.71221761097092,0.0],[101.68910454668345,12.712215743809766,0.0]]],[[[101.69004175796238,12.713832326040238,0.0],[101.6904097947834,12.713828589568266,0.0],[101.69040789167849,12.713647931862083,0.0],[101.6907759281228,12.713644194935204,0.0],[101.69077402478761,12.713463537281106,0.0],[101.69095804283606,12.713461668653938,0.0],[101.690954235994,12.713100353392344,0.0],[101.69077021820512,12.713102221964691,0.0],[101.69076450855101,12.712560248969538,0.0],[101.69058049112218,12.712562117332233,0.0],[101.6905785880925,12.712381459634301,0.0],[101.69002653601956,12.712387063875667,0.0],[101.69002843865991,12.712567721655816,0.0],[101.68984442111393,12.712569589508846,0.0],[101.6898463236538,12.71275024731366,0.0],[101.68966230594874,12.71275211506667,0.0],[101.68966420838812,12.712932772896147,0.0],[101.68948019052404,12.712934640549136,0.0],[101.6894820928629,12.713115298403276,0.0],[101.68929807483974,12.713117165956238,0.0],[101.68929997707812,12.713297823835036,0.0],[101.68948399523106,12.713295956254678,0.0],[101.68949160499645,12.71401858763292,0.0],[101.68967562363925,12.714016719815541,0.0],[101.68968133166007,12.71455869323829,0.0],[101.68986535066296,12.714556825211282,0.0],[101.68986344783028,12.714376167433837,0.0],[101.69004746667409,12.71437429930679,0.0],[101.69004175796238,12.713832326040238,0.0]]],[[[101.69180389505269,12.706406679377356,0.0],[101.69180008919831,12.706045364176488,0.0],[101.69161607661572,12.706047232316573,0.0],[101.69161417386219,12.705866574684613,0.0],[101.69143016138001,12.705868442669932,0.0],[101.69143206400383,12.706049100329306,0.0],[101.69124805136268,12.706050968214695,0.0],[101.69125185643883,12.706412283580066,0.0],[101.6914358693394,12.70641041563985,0.0],[101.69143396665697,12.706229757985945,0.0],[101.69161797939856,12.706227889945794,0.0],[101.69161988221069,12.706408547572279,0.0],[101.69180389505269,12.706406679377356,0.0]]],[[[101.69494735111212,12.707820157541496,0.0],[101.6949454457307,12.707639500430732,0.0],[101.6947614324791,12.707641370982797,0.0],[101.69476333773082,12.707822028121013,0.0],[101.69494735111212,12.707820157541496,0.0]]],[[[101.69568340434398,12.707812673949773,0.0],[101.69494735111212,12.707820157541496,0.0],[101.694951161963,12.708181471754816,0.0],[101.6951351755744,12.708179600993027,0.0],[101.69513708117358,12.708360258068128,0.0],[101.69532109488539,12.708358387151513,0.0],[101.69532300064361,12.708539044196424,0.0],[101.69587504199214,12.708533430599974,0.0],[101.69586932363796,12.707991459704168,0.0],[101.69568531027363,12.707993330947975,0.0],[101.69568340434398,12.707812673949773,0.0]]],[[[101.69166746203595,12.71092498734523,0.0],[101.69185147812115,12.710923118464812,0.0],[101.69184701658114,12.710499716665549,0.0],[101.69168266951507,12.710382802233163,0.0],[101.69147773576479,12.710384883333534,0.0],[101.6914815425066,12.710746198512744,0.0],[101.69166555849135,12.710744329787147,0.0],[101.69166746203595,12.71092498734523,0.0]]],[[[101.69185718932002,12.71146509104038,0.0],[101.69204120576518,12.7114632219503,0.0],[101.69203549417705,12.710921249456998,0.0],[101.69185147812115,12.710923118464812,0.0],[101.69185718932002,12.71146509104038,0.0]]]]},"properties":{"plot":"13-STC","province":"ระยอง","date":"2026-04-30","class":"water","analysis_status":"AUTO_VALID","qa_valid_pct":100.0,"area_rai":32.927,"source":"original Sentinel-2 GeoTIFF, clipped to native PDD MultiPolygon"}},{"type":"Feature","geometry":{"type":"MultiPolygon","coordinates":[[[[101.69032988959238,12.70624096355249,0.0],[101.69021726561357,12.706242106344385,0.0],[101.69014702527085,12.706351943934495,0.0],[101.69014777842028,12.706423488546958,0.0],[101.69033179149659,12.70642162137086,0.0],[101.69032988959238,12.70624096355249,0.0]]],[[[101.69010096924984,12.706423963498075,0.0],[101.68998467273668,12.706605820631689,0.0],[101.69014968022407,12.706604146389992,0.0],[101.69014777842028,12.706423488546958,0.0],[101.69010096924984,12.706423963498075,0.0]]],[[[101.6898582978205,12.706787779997425,0.0],[101.68978456621987,12.706884579234035,0.0],[101.68978545690078,12.706969196202401,0.0],[101.68971960486289,12.706969864307013,0.0],[101.68960304144655,12.70712289543114,0.0],[101.68960334485,12.707151720995672,0.0],[101.68958091171923,12.707151948581389,0.0],[101.68942151635454,12.707361211567923,0.0],[101.68942313397115,12.70751490365259,0.0],[101.68960714794282,12.707513036821526,0.0],[101.68960524638177,12.707332378909962,0.0],[101.68978926019447,12.707330511978935,0.0],[101.68978735853298,12.707149854092037,0.0],[101.68997137218669,12.707147987061045,0.0],[101.68996756869213,12.706786671333845,0.0],[101.6898582978205,12.706787779997425,0.0]]],[[[101.68930352487384,12.70751611702448,0.0],[101.68923956753747,12.707559296921417,0.0],[101.68924102130106,12.707697428319904,0.0],[101.68942503543175,12.70769556158881,0.0],[101.68942313397115,12.70751490365259,0.0],[101.68930352487384,12.70751611702448,0.0]]],[[[101.68979496535461,12.707872485623213,0.0],[101.6897968671332,12.70805314349917,0.0],[101.68992661273514,12.70805182700154,0.0],[101.68997985215343,12.707953507566478,0.0],[101.68997897952718,12.707870618482621,0.0],[101.68979496535461,12.707872485623213,0.0]]],[[[101.68961285280163,12.708055010539795,0.0],[101.68961665618721,12.708416326338295,0.0],[101.68972986004489,12.708415177735775,0.0],[101.68979932780736,12.708286889063054,0.0],[101.6897968671332,12.70805314349917,0.0],[101.68961285280163,12.708055010539795,0.0]]],[[[101.68851446898468,12.70860818429547,0.0],[101.68851066709728,12.708246868173733,0.0],[101.68887869634185,12.708243135438783,0.0],[101.6888767951826,12.708062477428589,0.0],[101.68924482405066,12.708058744238937,0.0],[101.68924102130106,12.707697428319904,0.0],[101.6890318262538,12.707699550343706,0.0],[101.68887409659618,12.707806038974024,0.0],[101.6888748940526,12.707881819415658,0.0],[101.68876012721256,12.707882983460085,0.0],[101.68869136083975,12.707929409862682,0.0],[101.68869278070467,12.708064343832358,0.0],[101.68848842775016,12.708066416373596,0.0],[101.68832588875533,12.708176151364707,0.0],[101.68832665243109,12.708248734350146,0.0],[101.68823915156935,12.70824962169139,0.0],[101.68814377371372,12.70835857513458,0.0],[101.68814453840525,12.708431258516194,0.0],[101.68807956989878,12.708431917324996,0.0],[101.68796192466523,12.708566307328095,0.0],[101.68796347985021,12.70871413358804,0.0],[101.68808482494144,12.70879321882868,0.0],[101.68814833983227,12.708792574742002,0.0],[101.6881487851896,12.708834904123936,0.0],[101.68835780183474,12.708971127895,0.0],[101.68851827098915,12.708969500406265,0.0],[101.68851939634942,12.709076444698272,0.0],[101.68863077907604,12.709149036601474,0.0],[101.68870418732085,12.709148292016836,0.0],[101.68870470216987,12.709197214736704,0.0],[101.68890375666531,12.709326944948089,0.0],[101.68907411926881,12.709325216719623,0.0],[101.68907531429184,12.70943875431608,0.0],[101.68914943679322,12.709487062152359,0.0],[101.68925775232837,12.709287033336585,0.0],[101.68925433143691,12.708962033988628,0.0],[101.68907031636888,12.708963900784111,0.0],[101.6890684149628,12.70878324281225,0.0],[101.68888439999523,12.708785109452958,0.0],[101.68888249874817,12.708604451450965,0.0],[101.68851446898468,12.70860818429547,0.0]]],[[[101.68943454317389,12.708598851228889,0.0],[101.68943644481014,12.708779509148698,0.0],[101.68953310687142,12.708778528427207,0.0],[101.68961880305453,12.708620270523605,0.0],[101.68961855792392,12.708596984233441,0.0],[101.68943454317389,12.708598851228889,0.0]]],[[[101.68947152821337,12.709140507611595,0.0],[101.68944084245801,12.709197280759419,0.0],[101.68944402530728,12.70949963857957,0.0],[101.68944726075605,12.7095021082401,0.0],[101.6896280670466,12.709500273668139,0.0],[101.6896242633097,12.709138957902468,0.0],[101.68947152821337,12.709140507611595,0.0]]],[[[101.68999609775618,12.709496539021119,0.0],[101.69018011306703,12.70949467150653,0.0],[101.69017946653196,12.709433270723162,0.0],[101.68999433165195,12.709328801659362,0.0],[101.68999609775618,12.709496539021119,0.0]]],[[[101.68981398445813,12.709679064259653,0.0],[101.68981507734873,12.709782866836157,0.0],[101.68991445385048,12.709858721835264,0.0],[101.68999990212916,12.709857854666245,0.0],[101.68999799992802,12.70967719684505,0.0],[101.68981398445813,12.709679064259653,0.0]]],[[[101.68999990212916,12.709857854666245,0.0],[101.69000060366237,12.709924480705496,0.0],[101.69006208712578,12.709971411503703,0.0],[101.69012033953462,12.710037309472025,0.0],[101.69018582005964,12.710036644887905,0.0],[101.69018391769949,12.70985598709685,0.0],[101.68999990212916,12.709857854666245,0.0]]],[[[101.68842024961003,12.710777267929489,0.0],[101.68839494591656,12.710785384056246,0.0],[101.68844621066214,12.710957681919561,0.0],[101.68872320068922,12.710954872105434,0.0],[101.68872129922069,12.71077421410889,0.0],[101.68842024961003,12.710777267929489,0.0]]],[[[101.68835465144853,12.710909569650722,0.0],[101.68837216347389,12.710958433012522,0.0],[101.68837216349979,12.710958433012259,0.0],[101.68835465144792,12.71090956959159,0.0],[101.68835465144853,12.710909569650722,0.0]]],[[[101.69057097626668,12.7116588288152,0.0],[101.69059103684239,12.711658625156918,0.0],[101.69047128013575,12.711298486836197,0.0],[101.69038315397974,12.711299381432658,0.0],[101.6903802617824,12.711024770962474,0.0],[101.69029164588686,12.710758279110221,0.0],[101.6901934297931,12.71075927602477,0.0],[101.69019020682246,12.710453223575211,0.0],[101.69011698843983,12.710233034856493,0.0],[101.6898208173204,12.71032803335207,0.0],[101.68982159291936,12.710401695637621,0.0],[101.68958363559169,12.710404110407309,0.0],[101.68927056832356,12.710504527702815,0.0],[101.68927144657637,12.710587955365726,0.0],[101.68900194314492,12.710590689723572,0.0],[101.68872031835305,12.710681021060033,0.0],[101.68872129922069,12.71077421410889,0.0],[101.6894573647411,12.710766746086021,0.0],[101.68945926672865,12.710947403972996,0.0],[101.68964328316532,12.71094553662138,0.0],[101.68963947895998,12.71058422089949,0.0],[101.69000751122648,12.710580485923664,0.0],[101.69001131595084,12.710941801535956,0.0],[101.68982729957271,12.71094366914237,0.0],[101.68982920184907,12.711124326971813,0.0],[101.68964518531192,12.711126194478226,0.0],[101.68964708748778,12.71130685233233,0.0],[101.68927905406613,12.711310587017742,0.0],[101.68927715214978,12.711129929108843,0.0],[101.68909313552481,12.711131796233047,0.0],[101.6890950373114,12.711312454169342,0.0],[101.6889110205274,12.711314321193532,0.0],[101.68891292221349,12.711494979154486,0.0],[101.68909693912727,12.7114931121029,0.0],[101.6890988409724,12.71167377003372,0.0],[101.68928285798665,12.711671902827334,0.0],[101.68929190880927,12.712531551451994,0.0],[101.68947530760627,12.71247091576764,0.0],[101.68947448368306,12.712392666970299,0.0],[101.68971949953654,12.712390180306253,0.0],[101.68984210486846,12.71234964406929,0.0],[101.68983871367,12.712027616077982,0.0],[101.68965469648404,12.71202948372139,0.0],[101.68964898969293,12.711487510183703,0.0],[101.68983300648961,12.711485642622492,0.0],[101.68983490885378,12.711666300443724,0.0],[101.69001892575093,12.711664432727703,0.0],[101.69002082827416,12.7118450905188,0.0],[101.6902048452718,12.711843222647971,0.0],[101.69020674795406,12.712023880408925,0.0],[101.69002273082668,12.712025748307159,0.0],[101.69002463340847,12.71220640609278,0.0],[101.69039266789352,12.712202670114095,0.0],[101.69039457076414,12.712383327842172,0.0],[101.69076260539157,12.712379591299015,0.0],[101.69076070226143,12.712198933625753,0.0],[101.69077067271346,12.712198832393106,0.0],[101.69065091535792,12.711838694268303,0.0],[101.6905728791792,12.711839486524083,0.0],[101.69057097626668,12.7116588288152,0.0]]],[[[101.6907549930467,12.711656960589549,0.0],[101.69074928409559,12.711114987528717,0.0],[101.69056526770486,12.711116855672143,0.0],[101.69056702300932,12.711283507647495,0.0],[101.69068782339927,12.711657642542475,0.0],[101.6907549930467,12.711656960589549,0.0]]],[[[101.6905633649095,12.710936197952313,0.0],[101.6905614621434,12.710755540229751,0.0],[101.69039709287294,12.710757208760064,0.0],[101.69045523876648,12.71093729557933,0.0],[101.6905633649095,12.710936197952313,0.0]]],[[[101.69037364079809,12.71039609268281,0.0],[101.69036983573044,12.710034777163717,0.0],[101.69018582005964,12.710036644887905,0.0],[101.69018661657522,12.710112285229615,0.0],[101.690190155404,12.710116288519977,0.0],[101.69028080140349,12.710397035027356,0.0],[101.69037364079809,12.71039609268281,0.0]]],[[[101.68929427045083,12.712755850190431,0.0],[101.68966230594874,12.71275211506667,0.0],[101.68966040353865,12.712571457234457,0.0],[101.68958153885458,12.712572257649285,0.0],[101.68929367602564,12.712699394601037,0.0],[101.68929427045083,12.712755850190431,0.0]]],[[[101.69076641173976,12.712740906637325,0.0],[101.69095030955788,12.712739039335396,0.0],[101.69083055155343,12.712378901406524,0.0],[101.69076260539157,12.712379591299015,0.0],[101.69076641173976,12.712740906637325,0.0]]],[[[101.69113444676913,12.712737169474861,0.0],[101.69112683315176,12.712014539006585,0.0],[101.69094281617079,12.712016407541872,0.0],[101.69094091296945,12.711835749890552,0.0],[101.69074596982216,12.711837729204781,0.0],[101.69086226298556,12.712197902435207,0.0],[101.69094471940143,12.712197065190464,0.0],[101.69094662266136,12.712377722836314,0.0],[101.69092040972609,12.712377989003325,0.0],[101.69103670352477,12.712738162045376,0.0],[101.69113444676913,12.712737169474861,0.0]]],[[[101.68855340331608,12.711317949192898,0.0],[101.68866059636949,12.711678216353526,0.0],[101.68873080685606,12.711677504064266,0.0],[101.68872700371412,12.711316188090324,0.0],[101.68855340331608,12.711317949192898,0.0]]],[[[101.68854425577952,12.71143861643376,0.0],[101.68863023640182,12.711678524351314,0.0],[101.68863023650745,12.711678524350246,0.0],[101.68854425577712,12.711438616205674,0.0],[101.68854425577952,12.71143861643376,0.0]]],[[[101.68873270847094,12.711858162047136,0.0],[101.68873386109667,12.711967662904792,0.0],[101.68875282168263,12.712020567534745,0.0],[101.68881364009873,12.712218695479487,0.0],[101.68892052925062,12.71221761097092,0.0],[101.68891672567351,12.711856295068175,0.0],[101.68873270847094,12.711858162047136,0.0]]],[[[101.689112154708,12.712938375472849,0.0],[101.68911491070904,12.713200137250636,0.0],[101.6892006692778,12.713479508841049,0.0],[101.68930187934578,12.713478481711102,0.0],[101.68929427045083,12.712755850190431,0.0],[101.68911025265795,12.712757717561184,0.0],[101.68910872047226,12.712612187574791,0.0],[101.68909933995337,12.712595218802305,0.0],[101.68910850990164,12.712592187026464,0.0],[101.68910644864569,12.71239640172964,0.0],[101.68892243108309,12.71239826891819,0.0],[101.68892433699135,12.71257931124131,0.0],[101.68903479901697,12.71293916043366,0.0],[101.689112154708,12.712938375472849,0.0]]],[[[101.68931124996227,12.713839740965854,0.0],[101.68942183105523,12.714199972973223,0.0],[101.68949350751099,12.71419924547064,0.0],[101.68948970251118,12.713837929792463,0.0],[101.68931124996227,12.713839740965854,0.0]]],[[[101.6900455637409,12.71419364155401,0.0],[101.69004746667409,12.71437429930679,0.0],[101.69016514186676,12.714373104621906,0.0],[101.69022995184146,12.7142268421797,0.0],[101.69022958242564,12.714191773326931,0.0],[101.6900455637409,12.71419364155401,0.0]]],[[[101.68986535066296,12.714556825211282,0.0],[101.68986725352494,12.714737482985992,0.0],[101.69000429933367,12.714736091694252,0.0],[101.69005018680004,12.714632533619238,0.0],[101.69004936963657,12.714554957056835,0.0],[101.68986535066296,12.714556825211282,0.0]]],[[[101.68986725352494,12.714737482985992,0.0],[101.68968323439223,12.7147393510404,0.0],[101.68968512713909,12.714919058009256,0.0],[101.68986814487562,12.714822106890045,0.0],[101.68986725352494,12.714737482985992,0.0]]],[[[101.69069030703614,12.705514597791478,0.0],[101.6906922090826,12.705695255565972,0.0],[101.69087622155224,12.705693388117455,0.0],[101.69087812375771,12.705874045861805,0.0],[101.69110711873027,12.705871721698115,0.0],[101.69120549344483,12.705690046186728,0.0],[101.69106023399262,12.705691520541588,0.0],[101.69105898393659,12.70557280583785,0.0],[101.69087676846101,12.705512705515343,0.0],[101.69069030703614,12.705514597791478,0.0]]],[[[101.69161417386219,12.705866574684613,0.0],[101.69161300439683,12.705755537986212,0.0],[101.69140820276111,12.705687988594098,0.0],[101.69131670340144,12.705688917373788,0.0],[101.69121570331285,12.705870619559658,0.0],[101.69161417386219,12.705866574684613,0.0]]],[[[101.69069411115835,12.705875913337733,0.0],[101.6906922090826,12.705695255565972,0.0],[101.6905661538082,12.705696534762865,0.0],[101.69050912918198,12.705785706796965,0.0],[101.69051009852971,12.705877780686315,0.0],[101.69069411115835,12.705875913337733,0.0]]],[[[101.69198410175159,12.70604349590905,0.0],[101.69216811427557,12.706041627514269,0.0],[101.6921670254365,12.705938268813979,0.0],[101.69198235169223,12.70587735868479,0.0],[101.69198410175159,12.70604349590905,0.0]]],[[[101.69044985789274,12.705878391976773,0.0],[101.69032807740749,12.706068825390055,0.0],[101.69032988959238,12.70624096355249,0.0],[101.6905139025097,12.706239096276446,0.0],[101.69051009852971,12.705877780686315,0.0],[101.69044985789274,12.705878391976773,0.0]]],[[[101.69253804266694,12.706218547834764,0.0],[101.69272205523272,12.706216679030506,0.0],[101.69272104705556,12.706120998321111,0.0],[101.69253637311816,12.70606008863214,0.0],[101.69253804266694,12.706218547834764,0.0]]],[[[101.69101370276086,12.706234023895702,0.0],[101.69093491736011,12.706375760658961,0.0],[101.69101186997338,12.70641471952383,0.0],[101.69106784350896,12.706414151392933,0.0],[101.69106594108594,12.706233493684199,0.0],[101.69101370276086,12.706234023895702,0.0]]],[[[101.69088192825649,12.7062353613423,0.0],[101.69088246778252,12.706286599543574,0.0],[101.69091036893887,12.70623507268886,0.0],[101.69088192825649,12.7062353613423,0.0]]],[[[101.69309198412607,12.706393598447018,0.0],[101.69327599673359,12.706391729233276,0.0],[101.69327506925394,12.706303726507553,0.0],[101.69309039512343,12.706242817258818,0.0],[101.69309198412607,12.706393598447018,0.0]]],[[[101.6936459261289,12.70656864774577,0.0],[101.69382993877818,12.706566778122532,0.0],[101.69382909203165,12.706486453373255,0.0],[101.69364441770806,12.706425544564773,0.0],[101.6936459261289,12.70656864774577,0.0]]],[[[101.6905177066068,12.706600411855632,0.0],[101.69051960869929,12.706781069641124,0.0],[101.69061524334597,12.706780099094875,0.0],[101.69070194547012,12.706619981220125,0.0],[101.69070171975426,12.706598544397421,0.0],[101.6905177066068,12.706600411855632,0.0]]],[[[101.6930957919135,12.706754913252972,0.0],[101.69309769585121,12.706935570651847,0.0],[101.69346572181519,12.706931831932396,0.0],[101.69346381761808,12.706751174588394,0.0],[101.6930957919135,12.706754913252972,0.0]]],[[[101.69033749738492,12.706963594809551,0.0],[101.69033939940626,12.707144252616976,0.0],[101.69041849234682,12.707143449978801,0.0],[101.69051686790678,12.706961774542181,0.0],[101.69033749738492,12.706963594809551,0.0]]],[[[101.69346572181519,12.706931831932396,0.0],[101.69346762604162,12.707112489273666,0.0],[101.69365163910935,12.707110619695467,0.0],[101.6936535434948,12.707291277006558,0.0],[101.69402156980172,12.707287537413201,0.0],[101.69402347447593,12.707468194666676,0.0],[101.69457551410551,12.707462584239098,0.0],[101.69457360904217,12.707281927067958,0.0],[101.6942055829112,12.70728566742548,0.0],[101.6942036781366,12.707105010196717,0.0],[101.69383565214775,12.707108749989908,0.0],[101.69383374766191,12.706928092703519,0.0],[101.69346572181519,12.706931831932396,0.0]]],[[[101.69346092930466,12.707654587363557,0.0],[101.69347340681199,12.707660904165548,0.0],[101.69347333889681,12.707654461281045,0.0],[101.69346092930466,12.707654587363557,0.0]]],[[[101.6932912296246,12.707836988171954,0.0],[101.69347524324051,12.707835118611367,0.0],[101.6934743856295,12.707753760892219,0.0],[101.69328938866384,12.70766233184461,0.0],[101.6932912296246,12.707836988171954,0.0]]],[[[101.69034510564599,12.707686226022837,0.0],[101.69025707701562,12.707687119350444,0.0],[101.69015888383713,12.707868792920237,0.0],[101.69016299367046,12.707868751214654,0.0],[101.6901648957085,12.708049409035805,0.0],[101.69006069053813,12.708050466479417,0.0],[101.68998239790663,12.708195320402588,0.0],[101.68998468533998,12.708412592020075,0.0],[101.6898643035786,12.708413813565938,0.0],[101.68980187983108,12.708529307224081,0.0],[101.68980447454038,12.708775774975635,0.0],[101.68966791613704,12.708777160610003,0.0],[101.68962136134822,12.708863294009692,0.0],[101.68962236148516,12.70895830001553,0.0],[101.68966624198312,12.708957854777047,0.0],[101.6896774708899,12.70894870698161,0.0],[101.68969462756584,12.708957566755624,0.0],[101.68980637646538,12.708956432837907,0.0],[101.68980699932729,12.709015595922573,0.0],[101.69003776129972,12.709134761951153,0.0],[101.6901763085517,12.709133355905266,0.0],[101.69017708089868,12.709206706756612,0.0],[101.69038089544335,12.709311956604292,0.0],[101.69054624106911,12.709310278350744,0.0],[101.6905471629467,12.709397816959715,0.0],[101.69072402999672,12.709489150715028,0.0],[101.69091617401762,12.709487200174319,0.0],[101.6909123684644,12.709125884792316,0.0],[101.69109638336934,12.709124016695627,0.0],[101.69109448050693,12.70894335902793,0.0],[101.6914625099695,12.708939622507238,0.0],[101.69146441309137,12.709120280120102,0.0],[101.69164842790843,12.709118411641269,0.0],[101.69164652465682,12.70893775405582,0.0],[101.69183053931486,12.708935885477025,0.0],[101.6918267326401,12.708574570352763,0.0],[101.69127468935648,12.708580175542506,0.0],[101.69127278645222,12.708399517894016,0.0],[101.69145680077966,12.708397649652227,0.0],[101.69145299479958,12.708036334401873,0.0],[101.69163700883828,12.708034466087545,0.0],[101.69163510576247,12.707853808485684,0.0],[101.69181911964215,12.707851940071405,0.0],[101.69181150711302,12.70712930974627,0.0],[101.69199552044454,12.707127441314306,0.0],[101.69199441305393,12.707022324131406,0.0],[101.69180941698818,12.70693089383242,0.0],[101.69180960405397,12.706948652158145,0.0],[101.69162559082288,12.706950520435324,0.0],[101.69162939671081,12.707311835663674,0.0],[101.69144538319098,12.707313703868332,0.0],[101.6914472860492,12.707494361505823,0.0],[101.69126327237035,12.707496229610534,0.0],[101.69126517512815,12.707676887272699,0.0],[101.69108116129028,12.70767875527746,0.0],[101.6910849666343,12.708040070648421,0.0],[101.69090095250772,12.708041938580637,0.0],[101.69090285509394,12.708222596289424,0.0],[101.69053482649345,12.708226331826566,0.0],[101.69052721736209,12.707503700755732,0.0],[101.69071123115809,12.70750183316048,0.0],[101.69070932881874,12.707321175413337,0.0],[101.69045346301108,12.707323772179045,0.0],[101.69034343283589,12.707527346652018,0.0],[101.69034510564599,12.707686226022837,0.0]],[[101.69053672884952,12.708406989587436,0.0],[101.69072074329412,12.708405121855144,0.0],[101.69072645092722,12.708947095039107,0.0],[101.69054243609341,12.708948962853627,0.0],[101.69054433856662,12.709129620603553,0.0],[101.6903603235738,12.7091314883181,0.0],[101.69035842123033,12.708950830540768,0.0],[101.6899903914163,12.708954565532906,0.0],[101.68998848936158,12.708773907698033,0.0],[101.69017250415351,12.708772040293056,0.0],[101.69016869987244,12.708410724669903,0.0],[101.69035271437562,12.708408857192357,0.0],[101.69035081214929,12.70822819940408,0.0],[101.69053482649345,12.708226331826566,0.0],[101.69053672884952,12.708406989587436,0.0]]],[[[101.68997707764814,12.707689960631326,0.0],[101.68997897952718,12.707870618482621,0.0],[101.69002498889907,12.707870151618378,0.0],[101.69012336494218,12.707688476224519,0.0],[101.68997707764814,12.707689960631326,0.0]]],[[[101.69199171409633,12.706766126190166,0.0],[101.69180770102425,12.706767994567285,0.0],[101.69180822660955,12.706817889481329,0.0],[101.69199324616773,12.706911558408107,0.0],[101.69199171409633,12.706766126190166,0.0]]],[[[101.69015728773203,12.707326777734783,0.0],[101.69015918968223,12.707507435564143,0.0],[101.69022174086452,12.707506800819973,0.0],[101.69032011666607,12.707325125404731,0.0],[101.69015728773203,12.707326777734783,0.0]]],[[[101.69201645745467,12.709114674301457,0.0],[101.69220047218383,12.709112805440482,0.0],[101.69219666493153,12.708751490431384,0.0],[101.69238067937192,12.708749621497875,0.0],[101.69237687197739,12.708388306532681,0.0],[101.69274490025134,12.70838456839325,0.0],[101.6927429963386,12.708203910961403,0.0],[101.69255898234599,12.708205780067376,0.0],[101.69255707859226,12.708025122605365,0.0],[101.69274109245514,12.708023253526822,0.0],[101.69273728477617,12.707661938649444,0.0],[101.69310531189512,12.707658200219976,0.0],[101.69310439181069,12.707570902640569,0.0],[101.69291927372574,12.707479413309084,0.0],[101.69273538098065,12.707481281206656,0.0],[101.69273439844181,12.707388043763203,0.0],[101.69256105833865,12.707302374972159,0.0],[101.69254946387044,12.707302492729957,0.0],[101.69255327117274,12.70766380767313,0.0],[101.69236925753998,12.707665676569453,0.0],[101.69237496832407,12.708207649045978,0.0],[101.69219095427286,12.708209517897208,0.0],[101.69219285779646,12.708390175411335,0.0],[101.6920088435862,12.708392044162618,0.0],[101.6920145539436,12.708934016770852,0.0],[101.69183053931486,12.708935885477025,0.0],[101.69183434610684,12.709297200590344,0.0],[101.69146631624253,12.709300937730228,0.0],[101.691468219423,12.709481595337623,0.0],[101.69091617401762,12.709487200174319,0.0],[101.69091724547134,12.709588926531858,0.0],[101.69106716495982,12.709666344283328,0.0],[101.6912861073972,12.709664121375976,0.0],[101.69128732847261,12.709780035473017,0.0],[101.69141030033265,12.709843537309187,0.0],[101.69184005651456,12.709839173239795,0.0],[101.69183624954678,12.709477858142897,0.0],[101.69202026456472,12.709475989354457,0.0],[101.69201645745467,12.709114674301457,0.0]]],[[[101.69385088909013,12.708554008182507,0.0],[101.69384437989824,12.707936618518124,0.0],[101.69363570576516,12.707833488223399,0.0],[101.69347524324051,12.707835118611367,0.0],[101.69347714761354,12.708015775938954,0.0],[101.69329313386791,12.708017645526974,0.0],[101.69329694244244,12.708378960228806,0.0],[101.69274490025134,12.70838456839325,0.0],[101.6927468041934,12.708565225822358,0.0],[101.69293081841614,12.708563356534153,0.0],[101.69293653080742,12.70910532872277,0.0],[101.69275251619548,12.70910719809327,0.0],[101.69275442025479,12.709287855511434,0.0],[101.69238639068352,12.709291593925144,0.0],[101.69238829451268,12.709472251395429,0.0],[101.69257230944271,12.709470382224836,0.0],[101.6925742134309,12.709651039664953,0.0],[101.69239019837114,12.709652908862973,0.0],[101.69239400617597,12.710014223789857,0.0],[101.6918419600424,12.71001983078414,0.0],[101.69184245386816,12.710066697701608,0.0],[101.69209657230753,12.710197921733483,0.0],[101.69221189464406,12.710196750402105,0.0],[101.69221253806097,12.710257805065204,0.0],[101.69243970890957,12.710375113131889,0.0],[101.6927658452262,12.710371799962948,0.0],[101.6927676652438,12.710544464927342,0.0],[101.69278284592131,12.71055230398777,0.0],[101.69295176514055,12.710550587772007,0.0],[101.6929527078764,12.710640017899172,0.0],[101.69312598334281,12.710729494301109,0.0],[101.69323494151425,12.710728387144997,0.0],[101.69331995420508,12.710561820494272,0.0],[101.69331789169858,12.710366190893218,0.0],[101.69342033127907,12.710365149929164,0.0],[101.69350026460471,12.7102085349688,0.0],[101.69349809765176,12.71000300636177,0.0],[101.69360572059655,12.71000191268055,0.0],[101.6936805745812,12.709855249412325,0.0],[101.6936783031739,12.709639821801737,0.0],[101.69379110946674,12.70963867539917,0.0],[101.69386088413455,12.709501963824856,0.0],[101.69385850826505,12.709276637213128,0.0],[101.69397649788965,12.709275438085031,0.0],[101.69404119326482,12.709148678206402,0.0],[101.69403871292523,12.708913452595954,0.0],[101.69416188586528,12.708912200738151,0.0],[101.69422150197201,12.708795392556981,0.0],[101.69422082216367,12.708730925157104,0.0],[101.69403680801643,12.708732795364375,0.0],[101.69403490313697,12.708552138130054,0.0],[101.69385088909013,12.708554008182507,0.0]],[[101.69367449366997,12.709278507247967,0.0],[101.69367639840728,12.709459164526223,0.0],[101.69349238365314,12.709461034461118,0.0],[101.69349428829003,12.70964169176407,0.0],[101.69312625843432,12.709645431306582,0.0],[101.6931243540569,12.709464773948756,0.0],[101.69330836886968,12.709462904268628,0.0],[101.69330646439185,12.709282246935496,0.0],[101.69349047904558,12.709280377155423,0.0],[101.69348666991839,12.708919062535829,0.0],[101.69367068428333,12.708917192683248,0.0],[101.69367258896199,12.709097849966975,0.0],[101.69385660342735,12.709095979959578,0.0],[101.69385850826505,12.709276637213128,0.0],[101.69367449366997,12.709278507247967,0.0]],[[101.69313197174245,12.710187403363642,0.0],[101.69294795638139,12.710189273026119,0.0],[101.69294414773947,12.709827958269283,0.0],[101.69312816284103,12.709826088661671,0.0],[101.69313197174245,12.710187403363642,0.0]]],[[[101.69384327038436,12.7078313791081,0.0],[101.69381079658369,12.707831709093119,0.0],[101.69384344813385,12.70784823903347,0.0],[101.69384327038436,12.7078313791081,0.0]]],[[[101.69184957444679,12.710742460934153,0.0],[101.69185147812115,12.710923118464812,0.0],[101.69221951020364,12.710919380321789,0.0],[101.6922178677577,12.71076353466402,0.0],[101.69218347682788,12.710739069519178,0.0],[101.69184957444679,12.710742460934153,0.0]]],[[[101.69259135064358,12.711276956502878,0.0],[101.69259706357539,12.71181892873293,0.0],[101.69269402616554,12.711817943584675,0.0],[101.6927801041185,12.71172447217155,0.0],[101.69277634118795,12.711367516290881,0.0],[101.69270900034743,12.711275761217266,0.0],[101.69259135064358,12.711276956502878,0.0]]],[[[101.6911363502467,12.712917827085084,0.0],[101.69113775475618,12.713051126228335,0.0],[101.69115299774703,12.713098334961842,0.0],[101.69132227148386,12.713096615865384,0.0],[101.69132036784721,12.712915958285308,0.0],[101.6911363502467,12.712917827085084,0.0]]],[[[101.690954235994,12.713100353392344,0.0],[101.69095804283606,12.713461668653938,0.0],[101.6911420608552,12.713459799899343,0.0],[101.69114105468125,12.713364309452876,0.0],[101.69111198355013,12.713225225332156,0.0],[101.69107006799494,12.713099177133635,0.0],[101.690954235994,12.713100353392344,0.0]]],[[[101.69113949318161,12.713216114556593,0.0],[101.69111198355013,12.713225225332156,0.0],[101.69113949318756,12.713216115122046,0.0],[101.69113949318161,12.713216114556593,0.0]]],[[[101.6904097947834,12.713828589568266,0.0],[101.69041160276021,12.714000214386598,0.0],[101.69059451101006,12.713892962289327,0.0],[101.69059381315,12.713826721141134,0.0],[101.6904097947834,12.713828589568266,0.0]]],[[[101.69401585595506,12.70674556563636,0.0],[101.69438388136642,12.706741825698227,0.0],[101.69438311538863,12.706669178918167,0.0],[101.69406538225827,12.706564385760602,0.0],[101.69401395139813,12.70656490837194,0.0],[101.69401585595506,12.70674556563636,0.0]]],[[[101.69456855632804,12.706802764665296,0.0],[101.69448994980382,12.706740747717557,0.0],[101.69438388136642,12.706741825698227,0.0],[101.69438578621207,12.70692248290502,0.0],[101.69456979900346,12.706920612717473,0.0],[101.69456855632804,12.706802764665296,0.0]]],[[[101.69456979900346,12.706920612717473,0.0],[101.69457170400815,12.707101269894086,0.0],[101.69475571689992,12.707099399551735,0.0],[101.6947541327001,12.706949175685942,0.0],[101.69471604495651,12.706919126276713,0.0],[101.69456979900346,12.706920612717473,0.0]]],[[[101.69493972976238,12.70709752908202,0.0],[101.69494163505581,12.707278186200993,0.0],[101.69512564801863,12.707276315576472,0.0],[101.69512528605428,12.707241997204447,0.0],[101.69494214041104,12.707097504577206,0.0],[101.69493972976238,12.70709752908202,0.0]]],[[[101.69512755347112,12.707456972665257,0.0],[101.69531156653433,12.707455101885916,0.0],[101.6953108630364,12.707388407702293,0.0],[101.69516823616743,12.70727588261902,0.0],[101.69512564801863,12.707276315576472,0.0],[101.69512755347112,12.707456972665257,0.0]]],[[[101.69549644022189,12.707534818025866,0.0],[101.69539433222569,12.707454260402155,0.0],[101.69531156653433,12.707455101885916,0.0],[101.69531347214586,12.707635758944509,0.0],[101.69549748530943,12.70763388801035,0.0],[101.69549644022189,12.707534818025866,0.0]]],[[[101.69549939108002,12.707814545038751,0.0],[101.69568340434398,12.707812673949773,0.0],[101.69568201761074,12.70768122817516,0.0],[101.6956204285858,12.707632637926597,0.0],[101.69549748530943,12.70763388801035,0.0],[101.69549939108002,12.707814545038751,0.0]]],[[[101.69586759520296,12.70782763815016,0.0],[101.69584652524776,12.707811015192346,0.0],[101.69568340434398,12.707812673949773,0.0],[101.69568531027363,12.707993330947975,0.0],[101.69586932363796,12.707991459704168,0.0],[101.69586759520296,12.70782763815016,0.0]]],[[[101.6941606642778,12.708008830260729,0.0],[101.69421348992002,12.708035573272776,0.0],[101.69421320230282,12.708008296313185,0.0],[101.6941606642778,12.708008830260729,0.0]]],[[[101.694031093466,12.70819082365321,0.0],[101.69421510722405,12.708188953528268,0.0],[101.69421437461692,12.708119475518272,0.0],[101.69402937720135,12.708028047096422,0.0],[101.694031093466,12.70819082365321,0.0]]],[[[101.69586932363796,12.707991459704168,0.0],[101.69587122972668,12.708172116672179,0.0],[101.69623925662674,12.708168373747533,0.0],[101.6962387509975,12.708120457577296,0.0],[101.6960726222116,12.707989392199387,0.0],[101.69586932363796,12.707991459704168,0.0]]],[[[101.69623925662674,12.708168373747533,0.0],[101.69624116300425,12.708349030657875,0.0],[101.69642517653998,12.708347158977032,0.0],[101.6964243291998,12.708266867029419,0.0],[101.69629871947733,12.708167768947709,0.0],[101.69623925662674,12.708168373747533,0.0]]],[[[101.69495306743245,12.708362128857368,0.0],[101.69495352756086,12.708405753104836,0.0],[101.69513852851136,12.708497468595633,0.0],[101.69513708117358,12.708360258068128,0.0],[101.69495306743245,12.708362128857368,0.0]]],[[[101.69421701217459,12.708369610740618,0.0],[101.69421891715447,12.70855026795023,0.0],[101.6943472733937,12.708548963358538,0.0],[101.69440181025614,12.7084421068766,0.0],[101.69440102603305,12.708367740460865,0.0],[101.69421701217459,12.708369610740618,0.0]]],[[[101.69642517653998,12.708347158977032,0.0],[101.69642708307656,12.708527815857174,0.0],[101.69661109671266,12.708525944021492,0.0],[101.6966099076055,12.708413276307239,0.0],[101.6965248170449,12.708346145437307,0.0],[101.69642517653998,12.708347158977032,0.0]]],[[[101.69532352957482,12.70858918392988,0.0],[101.69558153599336,12.708717091731124,0.0],[101.69569293428565,12.708715958913423,0.0],[101.69569102823863,12.708535301926164,0.0],[101.69532300064361,12.708539044196424,0.0],[101.69532352957482,12.70858918392988,0.0]]],[[[101.69587694816887,12.708714087559773,0.0],[101.69569293428565,12.708715958913423,0.0],[101.69569353204054,12.708772614128698,0.0],[101.69587853344281,12.708864328993267,0.0],[101.69587694816887,12.708714087559773,0.0]]],[[[101.69698293783638,12.70888351355526,0.0],[101.69716695164388,12.708881641282515,0.0],[101.6971660725071,12.70879836292055,0.0],[101.69699962291945,12.708720735223283,0.0],[101.69698106502702,12.708706094339945,0.0],[101.69698293783638,12.70888351355526,0.0]]],[[[101.69606286835858,12.708892873008343,0.0],[101.69606353495801,12.708956043701278,0.0],[101.69624853658615,12.70904775825272,0.0],[101.69624688231283,12.70889100137248,0.0],[101.69606286835858,12.708892873008343,0.0]]],[[[101.69643280286238,12.70906978648117,0.0],[101.69643353832723,12.709139472647587,0.0],[101.69661854018125,12.70923118688589,0.0],[101.69661681688767,12.709067914563084,0.0],[101.69643280286238,12.70906978648117,0.0]]],[[[101.6971726731626,12.709423611560434,0.0],[101.69717354642091,12.709506328661337,0.0],[101.6973492986087,12.709593456596442,0.0],[101.69735851521732,12.709594868440695,0.0],[101.69735668732994,12.709421739077882,0.0],[101.6971726731626,12.709423611560434,0.0]]]]},"properties":{"plot":"13-STC","province":"ระยอง","date":"2026-04-30","class":"vegetation","analysis_status":"AUTO_VALID","qa_valid_pct":100.0,"area_rai":89.286,"source":"original Sentinel-2 GeoTIFF, clipped to native PDD MultiPolygon"}},{"type":"Feature","geometry":{"type":"MultiPolygon","coordinates":[[[[101.69144157756247,12.706952388585147,0.0],[101.69143967479215,12.706771730939447,0.0],[101.69107164844289,12.70677546680219,0.0],[101.69106974596127,12.70659480909893,0.0],[101.69088573287242,12.70659667681185,0.0],[101.6908895376055,12.706957992270462,0.0],[101.69070552422792,12.706959859910853,0.0],[101.69070932881874,12.707321175413337,0.0],[101.69107735606345,12.70731743989556,0.0],[101.69107925866223,12.707498097587878,0.0],[101.6914472860492,12.707494361505823,0.0],[101.69144348036208,12.707133046228108,0.0],[101.69162749375221,12.707131178050869,0.0],[101.69162559082288,12.706950520435324,0.0],[101.69144157756247,12.706952388585147,0.0]]],[[[101.690529119601,12.707684358527542,0.0],[101.6905310218692,12.707865016296621,0.0],[101.69071503592464,12.707863148646554,0.0],[101.69071693835185,12.708043806385485,0.0],[101.69090095250772,12.708041938580637,0.0],[101.6908952449248,12.707499965437862,0.0],[101.69071123115809,12.70750183316048,0.0],[101.69071313352673,12.707682490904881,0.0],[101.690529119601,12.707684358527542,0.0]]],[[[101.68924672546936,12.708239402194344,0.0],[101.68924482405066,12.708058744238937,0.0],[101.68906080963126,12.708060610897448,0.0],[101.68906271092024,12.70824126888025,0.0],[101.68924672546936,12.708239402194344,0.0]]],[[[101.68888059753039,12.708423793446244,0.0],[101.68887869634185,12.708243135438783,0.0],[101.6886946817342,12.708245001869944,0.0],[101.68869658279299,12.708425659904792,0.0],[101.68888059753039,12.708423793446244,0.0]]],[[[101.68925242990112,12.708781376044163,0.0],[101.6892505283946,12.708600718096958,0.0],[101.68906651358601,12.708602584837651,0.0],[101.6890684149628,12.70878324281225,0.0],[101.68925242990112,12.708781376044163,0.0]]],[[[101.69035842123033,12.708950830540768,0.0],[101.69035651891615,12.708770172760703,0.0],[101.69017250415351,12.708772040293056,0.0],[101.69017440633796,12.708952698100527,0.0],[101.69035842123033,12.708950830540768,0.0]]],[[[101.69055194875232,12.709852251575892,0.0],[101.69055385137196,12.710032909312135,0.0],[101.69036983573044,12.710034777163717,0.0],[101.69037173824962,12.710215434924633,0.0],[101.69073976976286,12.710211699039267,0.0],[101.6907378669842,12.710031041333167,0.0],[101.69110589812077,12.71002730499305,0.0],[101.69110531637509,12.709972078634555,0.0],[101.69099406159108,12.709892932696,0.0],[101.69091542876855,12.70984856174672,0.0],[101.69055194875232,12.709852251575892,0.0]]],[[[101.69095804283606,12.713461668653938,0.0],[101.69077402478761,12.713463537281106,0.0],[101.6907759281228,12.713644194935204,0.0],[101.69095994630105,12.713642326280628,0.0],[101.69095804283606,12.713461668653938,0.0]]],[[[101.69059381315,12.713826721141134,0.0],[101.69070948182258,12.713825546636,0.0],[101.69077741908917,12.713785710095676,0.0],[101.6907759281228,12.713644194935204,0.0],[101.6905919099153,12.713646063462358,0.0],[101.69059381315,12.713826721141134,0.0]]],[[[101.68968133166007,12.71455869323829,0.0],[101.68967562363925,12.714016719815541,0.0],[101.68949160499645,12.71401858763292,0.0],[101.689496061784,12.714441788222931,0.0],[101.68953241255666,12.714560204863153,0.0],[101.68968133166007,12.71455869323829,0.0]]],[[[101.69457170400815,12.707101269894086,0.0],[101.69456979900346,12.706920612717473,0.0],[101.69438578621207,12.70692248290502,0.0],[101.69438388136642,12.706741825698227,0.0],[101.69401585595506,12.70674556563636,0.0],[101.69401395139813,12.70656490837194,0.0],[101.69346191345029,12.706570517241657,0.0],[101.69346000931182,12.70638985989218,0.0],[101.69290797148922,12.70639546753341,0.0],[101.69290606776917,12.706214810098896,0.0],[101.69235403007188,12.706220416511671,0.0],[101.69235212677025,12.706039758992135,0.0],[101.69180008919831,12.706045364176488,0.0],[101.69180389505269,12.706406679377356,0.0],[101.69161988221069,12.706408547572279,0.0],[101.69161797939856,12.706227889945794,0.0],[101.69143396665697,12.706229757985945,0.0],[101.69143777205113,12.706591073291017,0.0],[101.69180579802381,12.706587336973687,0.0],[101.69180770102425,12.706767994567285,0.0],[101.69199171409633,12.706766126190166,0.0],[101.69199324616773,12.706911558408107,0.0],[101.69206146433918,12.706946094826263,0.0],[101.69236164357149,12.706943046562449,0.0],[101.69236328563231,12.70709889579028,0.0],[101.69241132995795,12.707123218803407,0.0],[101.69273157347756,12.707119966312865,0.0],[101.69273332556122,12.707286232543932,0.0],[101.69276119599178,12.707300342218684,0.0],[101.69291749052915,12.707298754664937,0.0],[101.6929183456998,12.707379900685048,0.0],[101.69311106244068,12.707477465072074,0.0],[101.69328742122596,12.7074756734537,0.0],[101.69328838632518,12.70756723649586,0.0],[101.69346092930466,12.707654587363557,0.0],[101.69384136578122,12.707650721832655,0.0],[101.69384327038436,12.7078313791081,0.0],[101.6940272839123,12.707829509165418,0.0],[101.6940284689689,12.707941906231703,0.0],[101.6941606642778,12.708008830260729,0.0],[101.69439721590184,12.708006426088323,0.0],[101.6943985109872,12.708129240156689,0.0],[101.69451053238694,12.70818595086638,0.0],[101.69476714832227,12.708183342389233,0.0],[101.6947685267233,12.708314037457493,0.0],[101.69486729139689,12.708363000862123,0.0],[101.69513708117358,12.708360258068128,0.0],[101.6951351755744,12.708179600993027,0.0],[101.694951161963,12.708181471754816,0.0],[101.69494735111212,12.707820157541496,0.0],[101.69476333773082,12.707822028121013,0.0],[101.6947614324791,12.707641370982797,0.0],[101.69439340588794,12.707645111704835,0.0],[101.69439150092498,12.707464454508987,0.0],[101.69383946120742,12.707470064554476,0.0],[101.69383755666293,12.707289407273562,0.0],[101.6936535434948,12.707291277006558,0.0],[101.69365163910935,12.707110619695467,0.0],[101.69328361294458,12.707114358724505,0.0],[101.69328170884786,12.706933701355801,0.0],[101.69291368282525,12.706937439820535,0.0],[101.69291177901727,12.70675678239423,0.0],[101.6936478304264,12.706749305065072,0.0],[101.69364973475322,12.70692996238164,0.0],[101.69401776054129,12.706926222898044,0.0],[101.69401966515684,12.707106880156992,0.0],[101.69457170400815,12.707101269894086,0.0]],[[101.69254375313682,12.706760520294672,0.0],[101.69254184961754,12.70657986281077,0.0],[101.69290987523858,12.706576124965189,0.0],[101.69291177901727,12.70675678239423,0.0],[101.69254375313682,12.706760520294672,0.0]]],[[[101.69199742366257,12.707308098872273,0.0],[101.69200123018658,12.707669413979998,0.0],[101.69218524387793,12.707667545338406,0.0],[101.69218334047156,12.707486887813339,0.0],[101.6923673540039,12.70748501907181,0.0],[101.69236545049712,12.707304361571426,0.0],[101.69199742366257,12.707308098872273,0.0]]],[[[101.6949454457307,12.707639500430732,0.0],[101.69512945895295,12.707637629751302,0.0],[101.69512564801863,12.707276315576472,0.0],[101.69475762206365,12.707280056698156,0.0],[101.6947595272567,12.707460713841847,0.0],[101.69494354037859,12.707458843317234,0.0],[101.6949454457307,12.707639500430732,0.0]]],[[[101.69200503682778,12.708030729076782,0.0],[101.69163700883828,12.708034466087545,0.0],[101.69164271824151,12.708576438876719,0.0],[101.69201074700936,12.708572701701433,0.0],[101.69200503682778,12.708030729076782,0.0]]],[[[101.69238067937192,12.708749621497875,0.0],[101.69238448688368,12.709110936452124,0.0],[101.69275251619548,12.70910719809327,0.0],[101.6927468041934,12.708565225822358,0.0],[101.69256278994136,12.708567094983188,0.0],[101.69256469378301,12.708747752436992,0.0],[101.69238067937192,12.708749621497875,0.0]]],[[[101.69679892399952,12.708885385700631,0.0],[101.6967970171448,12.708704728880905,0.0],[101.6966130034083,12.708706600871428,0.0],[101.69661109671266,12.708525944021492,0.0],[101.69642708307656,12.708527815857174,0.0],[101.69642517653998,12.708347158977032,0.0],[101.69605714943916,12.708350902211343,0.0],[101.69605524319138,12.70817024527354,0.0],[101.69587122972668,12.708172116672179,0.0],[101.69587694816887,12.708714087559773,0.0],[101.69606096202276,12.708712216078748,0.0],[101.69606286835858,12.708892873008343,0.0],[101.69643089623776,12.708889129609238,0.0],[101.69643280286238,12.70906978648117,0.0],[101.69661681688767,12.709067914563084,0.0],[101.69661854018125,12.70923118688589,0.0],[101.69665290604442,12.709248223659118,0.0],[101.69698675189338,12.709244827131556,0.0],[101.69698854422809,12.709414614892767,0.0],[101.69701003023646,12.70942526646823,0.0],[101.69735668732994,12.709421739077882,0.0],[101.69735287269529,12.709060425616963,0.0],[101.69716885878744,12.70906229804456,0.0],[101.69716695164388,12.708881641282515,0.0],[101.69679892399952,12.708885385700631,0.0]]],[[[101.69165033118934,12.709299069223977,0.0],[101.69164842790843,12.709118411641269,0.0],[101.69146441309137,12.709120280120102,0.0],[101.69146631624253,12.709300937730228,0.0],[101.69165033118934,12.709299069223977,0.0]]],[[[101.69259135064358,12.711276956502878,0.0],[101.69240733441609,12.711278825947748,0.0],[101.69240543029386,12.71109816850483,0.0],[101.69203739801047,12.711101906957506,0.0],[101.69204120576518,12.7114632219503,0.0],[101.69185718932002,12.71146509104038,0.0],[101.69185338182481,12.711103775992742,0.0],[101.69166936560984,12.711105644900574,0.0],[101.69166555849135,12.710744329787147,0.0],[101.6914815425066,12.710746198512744,0.0],[101.69147616612027,12.710235897989046,0.0],[101.69143226634812,12.710204668126478,0.0],[101.69129181681303,12.710206094255772,0.0],[101.6912907411582,12.71010398839655,0.0],[101.69118186350745,12.710026533710687,0.0],[101.69110589812077,12.71002730499305,0.0],[101.69110780115894,12.710207962644327,0.0],[101.69073976976286,12.710211699039267,0.0],[101.69074167257084,12.710392356742629,0.0],[101.69055765669911,12.710394224776419,0.0],[101.6905614621434,12.710755540229751,0.0],[101.69074547827464,12.710753672141147,0.0],[101.69074738117045,12.7109343298363,0.0],[101.69093139740214,12.710932461592884,0.0],[101.69094091296945,12.711835749890552,0.0],[101.69204501363714,12.711824536932149,0.0],[101.69204310968651,12.71164387944259,0.0],[101.69241114274845,12.711640140825372,0.0],[101.69240923856762,12.711459483387927,0.0],[101.69259325492487,12.711457613915636,0.0],[101.69259135064358,12.711276956502878,0.0]],[[101.69148534936558,12.711107513681005,0.0],[101.69148725283902,12.71128817126103,0.0],[101.69130323643572,12.711290039941478,0.0],[101.69130133309203,12.711109382334039,0.0],[101.69148534936558,12.711107513681005,0.0]]],[[[101.69186290078261,12.71200706359131,0.0],[101.6913108501034,12.71201267034388,0.0],[101.69131275359358,12.712193327937642,0.0],[101.69112873651216,12.712195196627759,0.0],[101.69113444676913,12.712737169474861,0.0],[101.69131846423986,12.712735300702498,0.0],[101.69132227148386,12.713096615865384,0.0],[101.69150597191299,12.713094750133216,0.0],[101.69187308260004,12.712973175274103,0.0],[101.69187242047298,12.712910351121462,0.0],[101.6919438124445,12.712909625913753,0.0],[101.69205312579727,12.712594232889858,0.0],[101.6920488216263,12.712185851903048,0.0],[101.69186480466206,12.712187721102817,0.0],[101.69186290078261,12.71200706359131,0.0]]]]},"properties":{"plot":"13-STC","province":"ระยอง","date":"2026-04-30","class":"bare_soil","analysis_status":"AUTO_VALID","qa_valid_pct":100.0,"area_rai":56.583,"source":"original Sentinel-2 GeoTIFF, clipped to native PDD MultiPolygon"}},{"type":"Feature","geometry":{"type":"MultiPolygon","coordinates":[[[[101.68961665618721,12.708416326338295,0.0],[101.68972986004489,12.708415177735775,0.0],[101.68979932780736,12.708286889063054,0.0],[101.68979876894107,12.708233801372389,0.0],[101.68961475447978,12.708235668440413,0.0],[101.68961665618721,12.708416326338295,0.0]]],[[[101.6955085307512,12.708680899107565,0.0],[101.69558153599336,12.708717091731124,0.0],[101.69569293428565,12.708715958913423,0.0],[101.69569102823863,12.708535301926164,0.0],[101.69550701445579,12.708537173124983,0.0],[101.6955085307512,12.708680899107565,0.0]]],[[[101.68869848388105,12.708606317936908,0.0],[101.68851446898468,12.70860818429547,0.0],[101.68851256802634,12.708427526235967,0.0],[101.68832855323043,12.708429392439767,0.0],[101.68833235491691,12.70879070861081,0.0],[101.68814833983227,12.708792574742002,0.0],[101.6881487851896,12.708834904123936,0.0],[101.68835780183474,12.708971127895,0.0],[101.68851827098915,12.708969500406265,0.0],[101.68851939634942,12.709076444698272,0.0],[101.68863077907604,12.709149036601474,0.0],[101.68870418732085,12.709148292016836,0.0],[101.68870470216987,12.709197214736704,0.0],[101.68890375666531,12.709326944948089,0.0],[101.68907411926881,12.709325216719623,0.0],[101.6890684149628,12.70878324281225,0.0],[101.6887003849984,12.708786975966287,0.0],[101.68869848388105,12.708606317936908,0.0]]],[[[101.68927334840491,12.710768613282836,0.0],[101.689641381048,12.710764878761806,0.0],[101.68963947895998,12.71058422089949,0.0],[101.68927144657637,12.710587955365726,0.0],[101.68927334840491,12.710768613282836,0.0]]],[[[101.69185338182481,12.711103775992742,0.0],[101.69203739801047,12.711101906957506,0.0],[101.69203549417705,12.710921249456998,0.0],[101.69185147812115,12.710923118464812,0.0],[101.69185338182481,12.711103775992742,0.0]]],[[[101.69038125128483,12.711118723688163,0.0],[101.69019723483554,12.711120591576782,0.0],[101.69019020682246,12.710453223575211,0.0],[101.69017189026162,12.710398140462985,0.0],[101.69000560890822,12.710399828113415,0.0],[101.69000423343628,12.710269201681047,0.0],[101.6898208173204,12.71032803335207,0.0],[101.68982159291936,12.710401695637621,0.0],[101.68963757690122,12.710403563034438,0.0],[101.68963947895998,12.71058422089949,0.0],[101.69000751122648,12.710580485923664,0.0],[101.69001131595084,12.710941801535956,0.0],[101.68982729957271,12.71094366914237,0.0],[101.68983110415469,12.711304984798517,0.0],[101.68964708748778,12.71130685233233,0.0],[101.68964898969293,12.711487510183703,0.0],[101.690017023257,12.711483774933873,0.0],[101.69002082827416,12.7118450905188,0.0],[101.6902048452718,12.711843222647971,0.0],[101.69020865066564,12.712204538167144,0.0],[101.69039266789352,12.712202670114095,0.0],[101.69039457076414,12.712383327842172,0.0],[101.6905785880925,12.712381459634301,0.0],[101.69057031783179,12.711596318020788,0.0],[101.69053115843501,12.711478556012885,0.0],[101.69038505670392,12.71148003917442,0.0],[101.69038125128483,12.711118723688163,0.0]]],[[[101.68965279419105,12.711848825878231,0.0],[101.68946877710557,12.711850693366834,0.0],[101.6894630707916,12.711308719738737,0.0],[101.6889110205274,12.711314321193532,0.0],[101.68891292221349,12.711494979154486,0.0],[101.68909693912727,12.7114931121029,0.0],[101.6890988409724,12.71167377003372,0.0],[101.68928285798665,12.711671902827334,0.0],[101.68928856408702,12.712213876521195,0.0],[101.68947258146129,12.712212009105212,0.0],[101.6894706792688,12.712031351237389,0.0],[101.68965469648404,12.71202948372139,0.0],[101.68965279419105,12.711848825878231,0.0]]],[[[101.68930187934578,12.713478481711102,0.0],[101.68929997707812,12.713297823835036,0.0],[101.68914537908874,12.713299392734609,0.0],[101.6892006692778,12.713479508841049,0.0],[101.68930187934578,12.713478481711102,0.0]]]]},"properties":{"plot":"13-STC","province":"ระยอง","date":"2026-04-30","class":"wetness","analysis_status":"AUTO_VALID","qa_valid_pct":100.0,"area_rai":13.014,"source":"original Sentinel-2 GeoTIFF, clipped to native PDD MultiPolygon"}},{"type":"Feature","geometry":{"type":"MultiPolygon","coordinates":[[[[101.68968133166007,12.71455869323829,0.0],[101.68968323439223,12.7147393510404,0.0],[101.69000429933367,12.714736091694252,0.0],[101.69005018680004,12.714632533619238,0.0],[101.69004746667409,12.71437429930679,0.0],[101.69016514186676,12.714373104621906,0.0],[101.69022995184146,12.7142268421797,0.0],[101.69022767939194,12.714011115598819,0.0],[101.69039592490226,12.714009407419027,0.0],[101.69041160276021,12.714000214386598,0.0],[101.6904097947834,12.713828589568266,0.0],[101.69070948182258,12.713825546636,0.0],[101.69077741908917,12.713785710095676,0.0],[101.6907759281228,12.713644194935204,0.0],[101.69102303824111,12.713641685569723,0.0],[101.69114323473518,12.713571205419223,0.0],[101.69114105468125,12.713364309452876,0.0],[101.69111198355013,12.713225225332156,0.0],[101.69107006799494,12.713099177133635,0.0],[101.690954235994,12.713100353392344,0.0],[101.69095043319918,12.712739411150507,0.0],[101.69089043050158,12.712558970387287,0.0],[101.69076450855101,12.712560248969538,0.0],[101.69076070226143,12.712198933625753,0.0],[101.69057668509211,12.712200801933632,0.0],[101.69057478212102,12.712020144230223,0.0],[101.69039076505219,12.71202201238328,0.0],[101.69038505670392,12.71148003917442,0.0],[101.6902010399951,12.711481907117848,0.0],[101.6901915273158,12.710578618244657,0.0],[101.69000751122648,12.710580485923664,0.0],[101.69000560890822,12.710399828113415,0.0],[101.68982159291936,12.710401695637621,0.0],[101.68982349510787,12.710582353475273,0.0],[101.68908743034065,12.710589822407748,0.0],[101.68908933203943,12.710770480352254,0.0],[101.68853728276741,12.71077608079611,0.0],[101.68854260374131,12.71128165261708,0.0],[101.68860699979285,12.711498082787303,0.0],[101.68872890527045,12.711496846078663,0.0],[101.68873386109667,12.711967662904792,0.0],[101.68875282168263,12.712020567534745,0.0],[101.68881364009873,12.712218695479487,0.0],[101.68892052925062,12.71221761097092,0.0],[101.68892433294481,12.712578926862719,0.0],[101.68915571814955,12.712576578990944,0.0],[101.68947530760627,12.71247091576764,0.0],[101.68947448368306,12.712392666970299,0.0],[101.68971949953654,12.712390180306253,0.0],[101.68986044471995,12.712343580472837,0.0],[101.68991650608349,12.71242431614587,0.0],[101.68984323204137,12.712456678379446,0.0],[101.68984442111393,12.712569589508846,0.0],[101.68958153885458,12.712572257649285,0.0],[101.68929367602564,12.712699394601037,0.0],[101.68929427045083,12.712755850190431,0.0],[101.68911025265795,12.712757717561184,0.0],[101.68911491070904,12.713200137250636,0.0],[101.68914537908874,12.713299392734609,0.0],[101.68929997707812,12.713297823835036,0.0],[101.68930548563989,12.71382096291118,0.0],[101.68942183105523,12.714199972973223,0.0],[101.68949350751099,12.71419924547064,0.0],[101.689496061784,12.714441788222931,0.0],[101.68953241255666,12.714560204863153,0.0],[101.68968133166007,12.71455869323829,0.0]]],[[[101.68856571808425,12.711498501569936,0.0],[101.68854425577712,12.711438616205674,0.0],[101.68854425577952,12.71143861643376,0.0],[101.68856571799856,12.711498501570809,0.0],[101.68856571808425,12.711498501569936,0.0]]],[[[101.69094281617079,12.712016407541872,0.0],[101.69094750970714,12.712461920370801,0.0],[101.69103670352477,12.712738162045376,0.0],[101.69113444676913,12.712737169474861,0.0],[101.69113775475618,12.713051126228335,0.0],[101.69115299774703,12.713098334961842,0.0],[101.69150597191299,12.713094750133216,0.0],[101.69187308260004,12.712973175274103,0.0],[101.69187242047298,12.712910351121462,0.0],[101.6919438124445,12.712909625913753,0.0],[101.69205312579727,12.712594232889858,0.0],[101.69205072566483,12.712366509384394,0.0],[101.69219015398193,12.712365093000487,0.0],[101.6922342428825,12.712317217448398,0.0],[101.69223283856122,12.712183982575867,0.0],[101.6923581116117,12.71218270992255,0.0],[101.6924161969039,12.712119635760645,0.0],[101.69241495119807,12.712001455692043,0.0],[101.69252606900623,12.712000326783942,0.0],[101.69259815064925,12.711922054001693,0.0],[101.69259706357539,12.71181892873293,0.0],[101.69269402616554,12.711817943584675,0.0],[101.6927801041185,12.71172447217155,0.0],[101.69277634118795,12.711367516290881,0.0],[101.69270900034743,12.711275761217266,0.0],[101.69259135064358,12.711276956502878,0.0],[101.69258962353008,12.711113104428486,0.0],[101.69245892140628,12.710935015999418,0.0],[101.69243388097375,12.710917202698488,0.0],[101.69221951020364,12.710919380321789,0.0],[101.6922178677577,12.71076353466402,0.0],[101.69218347682788,12.710739069519178,0.0],[101.69203359037296,12.710740591953764,0.0],[101.69203244207995,12.710631625749539,0.0],[101.69193307300833,12.710560936030731,0.0],[101.69184767080175,12.710561803400754,0.0],[101.69184701658114,12.710499716665549,0.0],[101.69168266951507,12.710382802233163,0.0],[101.69147773576479,12.710384883333534,0.0],[101.69147616612027,12.710235897989046,0.0],[101.69143226634812,12.710204668126478,0.0],[101.69129181681303,12.710206094255772,0.0],[101.6912907411582,12.71010398839655,0.0],[101.69118186350745,12.710026533710687,0.0],[101.69110589812077,12.71002730499305,0.0],[101.69110531637509,12.709972078634555,0.0],[101.69099406159108,12.709892932696,0.0],[101.69091542876855,12.70984856174672,0.0],[101.69073596423479,12.709850383624334,0.0],[101.69073487197355,12.709746676951,0.0],[101.69060089771936,12.709671077659854,0.0],[101.69036603077993,12.709673461633678,0.0],[101.69036460154555,12.70953773962637,0.0],[101.69028636705576,12.709493593109448,0.0],[101.69018011306703,12.70949467150653,0.0],[101.69017946653196,12.709433270723162,0.0],[101.68997183677776,12.709316108095503,0.0],[101.6898101804032,12.709317748554252,0.0],[101.68980919690551,12.709224332434967,0.0],[101.68965730688537,12.709138622618047,0.0],[101.6896242633097,12.709138957902468,0.0],[101.6896240622927,12.709119863049994,0.0],[101.68953149503636,12.709067628297278,0.0],[101.68962272996139,12.708993302481337,0.0],[101.68962236148516,12.70895830001553,0.0],[101.68956972223548,12.708958834116107,0.0],[101.68944084245801,12.709197280759419,0.0],[101.68944402530728,12.70949963857957,0.0],[101.68944726075605,12.7095021082401,0.0],[101.6896280670466,12.709500273668139,0.0],[101.68962955123037,12.70964125279418,0.0],[101.68968085714847,12.709680415174521,0.0],[101.68981398445813,12.709679064259653,0.0],[101.68981507734873,12.709782866836157,0.0],[101.68991445385048,12.709858721835264,0.0],[101.68999990212916,12.709857854666245,0.0],[101.69000060366237,12.709924480705496,0.0],[101.69006208712578,12.709971411503703,0.0],[101.69012033953462,12.710037309472025,0.0],[101.69018582005964,12.710036644887905,0.0],[101.69018661657522,12.710112285229615,0.0],[101.690190155404,12.710116288519977,0.0],[101.69022265582755,12.71021694811392,0.0],[101.69037173824962,12.710215434924633,0.0],[101.69037678136041,12.710694300781768,0.0],[101.69045523876648,12.71093729557933,0.0],[101.6905633649095,12.710936197952313,0.0],[101.69056702300932,12.711283507647495,0.0],[101.69062967708226,12.711477555848779,0.0],[101.69075309003371,12.711476302905343,0.0],[101.69075726579153,12.71187271417718,0.0],[101.69080411635092,12.71201781583569,0.0],[101.69094281617079,12.712016407541872,0.0]]],[[[101.68925623300198,12.709142691930364,0.0],[101.68933635321471,12.70914187907583,0.0],[101.68943827789487,12.708953651948116,0.0],[101.68943644481014,12.708779509148698,0.0],[101.68953310687142,12.708778528427207,0.0],[101.68961880305453,12.708620270523605,0.0],[101.68961665618721,12.708416326338295,0.0],[101.68972986004489,12.708415177735775,0.0],[101.68979932780736,12.708286889063054,0.0],[101.6897968671332,12.70805314349917,0.0],[101.68992661273514,12.70805182700154,0.0],[101.68997985215343,12.707953507566478,0.0],[101.68997897952718,12.707870618482621,0.0],[101.69002498889907,12.707870151618378,0.0],[101.6901603760927,12.707620126033884,0.0],[101.69015918968223,12.707507435564143,0.0],[101.69022174086452,12.707506800819973,0.0],[101.69034089962524,12.707286744465293,0.0],[101.69033939940626,12.707144252616976,0.0],[101.69041849234682,12.707143449978801,0.0],[101.69052142275105,12.7069533628607,0.0],[101.69051960869929,12.706781069641124,0.0],[101.69061524334597,12.706780099094875,0.0],[101.69070194547012,12.706619981220125,0.0],[101.69069981756135,12.7064178866366,0.0],[101.69081199386201,12.70641674816821,0.0],[101.69088246778252,12.706286599543574,0.0],[101.69088002599246,12.706054703603419,0.0],[101.69100874389495,12.706053397198826,0.0],[101.6910629896882,12.70595321783106,0.0],[101.69106023399262,12.705691520541588,0.0],[101.6905661538082,12.705696534762865,0.0],[101.69050912918198,12.705785706796965,0.0],[101.69051200050507,12.70605843848275,0.0],[101.69033356182787,12.706060249170617,0.0],[101.69032807740749,12.706068825390055,0.0],[101.69032988959238,12.70624096355249,0.0],[101.69021726561357,12.706242106344385,0.0],[101.69014702527085,12.706351943934495,0.0],[101.69014968022407,12.706604146389992,0.0],[101.68998467273668,12.706605820631689,0.0],[101.68996597277206,12.706635062430276,0.0],[101.68996756869213,12.706786671333845,0.0],[101.6898582978205,12.706787779997425,0.0],[101.68978456621987,12.706884579234035,0.0],[101.68978735853298,12.707149854092037,0.0],[101.68960334485,12.707151720995672,0.0],[101.68960524638177,12.707332378909962,0.0],[101.68944221838954,12.707334032820546,0.0],[101.68942151635454,12.707361211567923,0.0],[101.68942503543175,12.70769556158881,0.0],[101.6890318262538,12.707699550343706,0.0],[101.68887409659618,12.707806038974024,0.0],[101.6888748940526,12.707881819415658,0.0],[101.68876012721256,12.707882983460085,0.0],[101.68869136083975,12.707929409862682,0.0],[101.68869278070467,12.708064343832358,0.0],[101.68850876619746,12.70806621010876,0.0],[101.68851066709728,12.708246868173733,0.0],[101.68832665243109,12.708248734350146,0.0],[101.68832855323043,12.708429392439767,0.0],[101.68814453840525,12.708431258516194,0.0],[101.68814643910413,12.708611916630463,0.0],[101.68796242411996,12.708613782606898,0.0],[101.68796347985021,12.70871413358804,0.0],[101.68808482494144,12.70879321882868,0.0],[101.68814833983227,12.708792574742002,0.0],[101.6881487851896,12.708834904123936,0.0],[101.68835780183474,12.708971127895,0.0],[101.68851827098915,12.708969500406265,0.0],[101.68851939634942,12.709076444698272,0.0],[101.68863077907604,12.709149036601474,0.0],[101.68870418732085,12.709148292016836,0.0],[101.68870470216987,12.709197214736704,0.0],[101.68890375666531,12.709326944948089,0.0],[101.68907411926881,12.709325216719623,0.0],[101.68907531429184,12.70943875431608,0.0],[101.68914943679322,12.709487062152359,0.0],[101.68925775232837,12.709287033336585,0.0],[101.68925623300198,12.709142691930364,0.0]]],[[[101.69124614886853,12.705870310527903,0.0],[101.69124805136268,12.706050968214695,0.0],[101.69111470309932,12.70605232173363,0.0],[101.69106497533703,12.706141783264643,0.0],[101.69106784350896,12.706414151392933,0.0],[101.69125185643883,12.706412283580066,0.0],[101.69125316863153,12.70653688175826,0.0],[101.6913617343469,12.706591845186454,0.0],[101.69162178505212,12.70658920519603,0.0],[101.69162320716747,12.706724220397422,0.0],[101.69171159913549,12.706768970287271,0.0],[101.69199171409633,12.706766126190166,0.0],[101.69199324616773,12.706911558408107,0.0],[101.69206146433918,12.706946094826263,0.0],[101.69217763042828,12.706944915221706,0.0],[101.69217826584197,12.707005227177758,0.0],[101.69241132995795,12.707123218803407,0.0],[101.69254756026326,12.707121835254265,0.0],[101.69254830553872,12.707192564245673,0.0],[101.69276119599178,12.707300342218684,0.0],[101.69291749052915,12.707298754664937,0.0],[101.6929183456998,12.707379900685048,0.0],[101.69311106244068,12.707477465072074,0.0],[101.69328742122596,12.7074756734537,0.0],[101.69328838632518,12.70756723649586,0.0],[101.69347340681199,12.707660904165548,0.0],[101.69347333889681,12.707654461281045,0.0],[101.69365735235368,12.707652591620532,0.0],[101.69365842741487,12.707754571678088,0.0],[101.69381079658369,12.707831709093119,0.0],[101.6940272839123,12.707829509165418,0.0],[101.6940284689689,12.707941906231703,0.0],[101.69421348992002,12.708035573272776,0.0],[101.69421320230282,12.708008296313185,0.0],[101.69439721590184,12.708006426088323,0.0],[101.6943985109872,12.708129240156689,0.0],[101.69451053238694,12.70818595086638,0.0],[101.69476714832227,12.708183342389233,0.0],[101.6947685267233,12.708314037457493,0.0],[101.69486729139689,12.708363000862123,0.0],[101.69495306743245,12.708362128857368,0.0],[101.69495352756086,12.708405753104836,0.0],[101.6952244134847,12.708540046588308,0.0],[101.69550701445579,12.708537173124983,0.0],[101.6955085307512,12.708680899107565,0.0],[101.69558153599336,12.708717091731124,0.0],[101.69587694816887,12.708714087559773,0.0],[101.69587853344281,12.708864328993267,0.0],[101.69593865892286,12.708894136290544,0.0],[101.69606286835858,12.708892873008343,0.0],[101.69606353495801,12.708956043701278,0.0],[101.69629578227321,12.70907118026655,0.0],[101.69661681688767,12.709067914563084,0.0],[101.69661854018125,12.70923118688589,0.0],[101.69665290604442,12.709248223659118,0.0],[101.69680273779706,12.709246699331871,0.0],[101.6968035421482,12.709322900967617,0.0],[101.69701003023646,12.70942526646823,0.0],[101.69735668732994,12.709421739077882,0.0],[101.69735287269529,12.709060425616963,0.0],[101.69716885878744,12.70906229804456,0.0],[101.69716695164388,12.708881641282515,0.0],[101.69698293783638,12.70888351355526,0.0],[101.69698106502702,12.708706094339945,0.0],[101.69697701308571,12.708702897640302,0.0],[101.6967970171448,12.708704728880905,0.0],[101.69679548621457,12.70855968541075,0.0],[101.69675091491436,12.708524521668172,0.0],[101.69661109671266,12.708525944021492,0.0],[101.6966099076055,12.708413276307239,0.0],[101.6965248170449,12.708346145437307,0.0],[101.69624116300425,12.708349030657875,0.0],[101.69623925662674,12.708168373747533,0.0],[101.69605524319138,12.70817024527354,0.0],[101.69605333697295,12.707989588332994,0.0],[101.69586932363796,12.707991459704168,0.0],[101.69586759520296,12.70782763815016,0.0],[101.69584652524776,12.707811015192346,0.0],[101.69568340434398,12.707812673949773,0.0],[101.69568201761074,12.70768122817516,0.0],[101.6956204285858,12.707632637926597,0.0],[101.69531347214586,12.707635758944509,0.0],[101.69531156653433,12.707455101885916,0.0],[101.69512755347112,12.707456972665257,0.0],[101.69512564801863,12.707276315576472,0.0],[101.69494163505581,12.707278186200993,0.0],[101.69493972976238,12.70709752908202,0.0],[101.69457170400815,12.707101269894086,0.0],[101.69456979900346,12.706920612717473,0.0],[101.69438578621207,12.70692248290502,0.0],[101.69438388136642,12.706741825698227,0.0],[101.6941998686754,12.70674369573097,0.0],[101.69419844087194,12.706608270549957,0.0],[101.69406538225827,12.706564385760602,0.0],[101.6936459261289,12.70656864774577,0.0],[101.69364441770806,12.706425544564773,0.0],[101.69353394529273,12.706389108757753,0.0],[101.69309198412607,12.706393598447018,0.0],[101.69309039512343,12.706242817258818,0.0],[101.69300250886022,12.706213830539632,0.0],[101.69253804266694,12.706218547834764,0.0],[101.69253637311816,12.70606008863214,0.0],[101.69247107296076,12.706038551106289,0.0],[101.69198410175159,12.70604349590905,0.0],[101.69198235169223,12.70587735868479,0.0],[101.69193963759437,12.705863270457762,0.0],[101.69124614886853,12.705870310527903,0.0]]],[[[101.69439937214499,12.708210903783675,0.0],[101.69435213949156,12.708187560791528,0.0],[101.69421510722405,12.708188953528268,0.0],[101.69421437461692,12.708119475518272,0.0],[101.69399392241748,12.708010524800747,0.0],[101.69347714761354,12.708015775938954,0.0],[101.6934743856295,12.707753760892219,0.0],[101.69327748953457,12.707656451059504,0.0],[101.69310531189512,12.707658200219976,0.0],[101.69310439181069,12.707570902640569,0.0],[101.69291939507002,12.707479473280099,0.0],[101.6929212983503,12.707660069498392,0.0],[101.69273728477617,12.707661938649444,0.0],[101.69273918860101,12.707842596089503,0.0],[101.69255517486785,12.707844465140617,0.0],[101.69254946387044,12.707302492729957,0.0],[101.69236545049712,12.707304361571426,0.0],[101.69236440552291,12.70720518426014,0.0],[101.69217940923218,12.70711375427398,0.0],[101.69217953374674,12.707125572754988,0.0],[101.69181150711302,12.70712930974627,0.0],[101.69180960405397,12.706948652158145,0.0],[101.69162559082288,12.706950520435324,0.0],[101.69162442103492,12.706839463377023,0.0],[101.691486414708,12.70677125644256,0.0],[101.69125566163217,12.7067735989345,0.0],[101.69125442946586,12.70665660199701,0.0],[101.69112820100797,12.70659421575982,0.0],[101.69088573287242,12.70659667681185,0.0],[101.6908876352243,12.706777334542526,0.0],[101.69074804110056,12.706778751342409,0.0],[101.69070446613613,12.706859372758052,0.0],[101.69070552422792,12.706959859910853,0.0],[101.69064984852457,12.706960424965223,0.0],[101.69052394968962,12.70719335972295,0.0],[101.690529119601,12.707684358527542,0.0],[101.69034510564599,12.707686226022837,0.0],[101.69035081214929,12.70822819940408,0.0],[101.69016679777584,12.708230066854222,0.0],[101.69016869987244,12.708410724669903,0.0],[101.68998468533998,12.708412592020075,0.0],[101.68998848936158,12.708773907698033,0.0],[101.68980447454038,12.708775774975635,0.0],[101.68980637646538,12.708956432837907,0.0],[101.6899903914163,12.708954565532906,0.0],[101.6899920400534,12.709111151418462,0.0],[101.69003776129972,12.709134761951153,0.0],[101.6903603235738,12.7091314883181,0.0],[101.6903621218631,12.709302261937033,0.0],[101.69038089544335,12.709311956604292,0.0],[101.69054624106911,12.709310278350744,0.0],[101.69054433856662,12.709129620603553,0.0],[101.69072835353016,12.709127752761626,0.0],[101.6907321588239,12.70948906819845,0.0],[101.69091617401762,12.709487200174319,0.0],[101.69091724547134,12.709588926531858,0.0],[101.69106716495982,12.709666344283328,0.0],[101.69147012263277,12.709662252942275,0.0],[101.691468219423,12.709481595337623,0.0],[101.69183624954678,12.709477858142897,0.0],[101.69183815301602,12.709658515692713,0.0],[101.69165413783904,12.709660384381188,0.0],[101.69165741195049,12.709971143783168,0.0],[101.69175343611522,12.710020729792573,0.0],[101.6918419600424,12.71001983078414,0.0],[101.69184245386816,12.710066697701608,0.0],[101.69209657230753,12.710197921733483,0.0],[101.69221189464406,12.710196750402105,0.0],[101.69221253806097,12.710257805065204,0.0],[101.69243970890957,12.710375113131889,0.0],[101.69258182967677,12.710373669398066,0.0],[101.69258262273038,12.710448911797732,0.0],[101.69278284592131,12.71055230398777,0.0],[101.69295176514055,12.710550587772007,0.0],[101.6929527078764,12.710640017899172,0.0],[101.69312598334281,12.710729494301109,0.0],[101.69323494151425,12.710728387144997,0.0],[101.69331995420508,12.710561820494272,0.0],[101.69331789169858,12.710366190893218,0.0],[101.69342033127907,12.710365149929164,0.0],[101.69350026460471,12.7102085349688,0.0],[101.69349809765176,12.71000300636177,0.0],[101.69360572059655,12.71000191268055,0.0],[101.6936805745812,12.709855249412325,0.0],[101.6936783031739,12.709639821801737,0.0],[101.69379110946674,12.70963867539917,0.0],[101.69386088413455,12.709501963824856,0.0],[101.69385850826505,12.709276637213128,0.0],[101.69397649788965,12.709275438085031,0.0],[101.69404119326482,12.709148678206402,0.0],[101.69403871292523,12.708913452595954,0.0],[101.69416188586528,12.708912200738151,0.0],[101.69422150197201,12.708795392556981,0.0],[101.69421891715447,12.70855026795023,0.0],[101.6943472733937,12.708548963358538,0.0],[101.69440181025614,12.7084421068766,0.0],[101.69439937214499,12.708210903783675,0.0]],[[101.69239400617597,12.710014223789857,0.0],[101.69257802149522,12.710012354536984,0.0],[101.69257992557134,12.710193011968896,0.0],[101.69239591012236,12.710194881249194,0.0],[101.69239400617597,12.710014223789857,0.0]],[[101.6927601326086,12.709829827749505,0.0],[101.6925761174484,12.709831697102336,0.0],[101.6925742134309,12.709651039664953,0.0],[101.69275822846136,12.70964917033955,0.0],[101.6927601326086,12.709829827749505,0.0]],[[101.69275442025479,12.709287855511434,0.0],[101.69293843499646,12.709285986113501,0.0],[101.6929422434625,12.709647300886758,0.0],[101.69275822846136,12.70964917033955,0.0],[101.69275442025479,12.709287855511434,0.0]],[[101.69293653080742,12.70910532872277,0.0],[101.69312054539003,12.709103459224893,0.0],[101.69312244970882,12.70928411658819,0.0],[101.69293843499646,12.709285986113501,0.0],[101.69293653080742,12.70910532872277,0.0]],[[101.69311483260958,12.708561487118573,0.0],[101.69329884677369,12.708559617575617,0.0],[101.69330265552414,12.70892093226103,0.0],[101.69311864110057,12.708922801858856,0.0],[101.69311483260958,12.708561487118573,0.0]],[[101.69109257767383,12.708762701357502,0.0],[101.69090856302834,12.708764569399369,0.0],[101.69090475770946,12.708403253995474,0.0],[101.69108877209547,12.70840138600843,0.0],[101.69109257767383,12.708762701357502,0.0]],[[101.69108686935024,12.708220728329794,0.0],[101.69127088357726,12.708218860242791,0.0],[101.69127278645222,12.708399517894016,0.0],[101.69108877209547,12.70840138600843,0.0],[101.69108686935024,12.708220728329794,0.0]],[[101.69126517512815,12.707676887272699,0.0],[101.69144918893669,12.707675019140572,0.0],[101.6914472860492,12.707494361505823,0.0],[101.69163129969874,12.707492493273746,0.0],[101.69163510576247,12.707853808485684,0.0],[101.6914510918535,12.707855676772592,0.0],[101.69145299479958,12.708036334401873,0.0],[101.69126898073159,12.70803820258883,0.0],[101.69126517512815,12.707676887272699,0.0]]],[[[101.69016299367046,12.707868751214654,0.0],[101.69016291557489,12.707861333545234,0.0],[101.69015888383713,12.707868792920237,0.0],[101.69016299367046,12.707868751214654,0.0]]],[[[101.69113949318161,12.713216114556593,0.0],[101.69111198355013,12.713225225332156,0.0],[101.69113949318756,12.713216115122046,0.0],[101.69113949318161,12.713216114556593,0.0]]],[[[101.69256105833865,12.707302374972159,0.0],[101.69254940192613,12.707296614089884,0.0],[101.69254946387044,12.707302492729957,0.0],[101.69256105833865,12.707302374972159,0.0]]]]},"properties":{"plot":"13-STC","province":"ระยอง","date":"2026-09-29","class":"water","analysis_status":"AUTO_VALID","qa_valid_pct":100.0,"area_rai":228.019,"source":"original Sentinel-2 GeoTIFF, clipped to native PDD MultiPolygon"}},{"type":"Feature","geometry":{"type":"MultiPolygon","coordinates":[[[[101.69014777842028,12.706423488546958,0.0],[101.69010096924984,12.706423963498075,0.0],[101.68998467273668,12.706605820631689,0.0],[101.69014968022407,12.706604146389992,0.0],[101.69014777842028,12.706423488546958,0.0]]],[[[101.68971960486289,12.706969864307013,0.0],[101.68960304144655,12.70712289543114,0.0],[101.68960334485,12.707151720995672,0.0],[101.68978735853298,12.707149854092037,0.0],[101.68978545690078,12.706969196202401,0.0],[101.68971960486289,12.706969864307013,0.0]]],[[[101.68960524638177,12.707332378909962,0.0],[101.68960334485,12.707151720995672,0.0],[101.68958091171923,12.707151948581389,0.0],[101.68944221838954,12.707334032820546,0.0],[101.68960524638177,12.707332378909962,0.0]]],[[[101.68930352487384,12.70751611702448,0.0],[101.68923956753747,12.707559296921417,0.0],[101.68924102130106,12.707697428319904,0.0],[101.68942503543175,12.70769556158881,0.0],[101.68942313397115,12.70751490365259,0.0],[101.68930352487384,12.70751611702448,0.0]]],[[[101.69006069053813,12.708050466479417,0.0],[101.68998239790663,12.708195320402588,0.0],[101.68998468533998,12.708412592020075,0.0],[101.69016869987244,12.708410724669903,0.0],[101.69016679777584,12.708230066854222,0.0],[101.69035081214929,12.70822819940408,0.0],[101.69034510564599,12.707686226022837,0.0],[101.69025707701562,12.707687119350444,0.0],[101.69016291557489,12.707861333545234,0.0],[101.6901648957085,12.708049409035805,0.0],[101.69006069053813,12.708050466479417,0.0]]],[[[101.68848842775016,12.708066416373596,0.0],[101.68832588875533,12.708176151364707,0.0],[101.68832665243109,12.708248734350146,0.0],[101.68851066709728,12.708246868173733,0.0],[101.68850876619746,12.70806621010876,0.0],[101.68848842775016,12.708066416373596,0.0]]],[[[101.68832855323043,12.708429392439767,0.0],[101.68832665243109,12.708248734350146,0.0],[101.68823915156935,12.70824962169139,0.0],[101.68814377371372,12.70835857513458,0.0],[101.68814453840525,12.708431258516194,0.0],[101.68832855323043,12.708429392439767,0.0]]],[[[101.68814453840525,12.708431258516194,0.0],[101.68807956989878,12.708431917324996,0.0],[101.68796192466523,12.708566307328095,0.0],[101.68796242411996,12.708613782606898,0.0],[101.68814643910413,12.708611916630463,0.0],[101.68814453840525,12.708431258516194,0.0]]],[[[101.6898643035786,12.708413813565938,0.0],[101.68980187983108,12.708529307224081,0.0],[101.68980447454038,12.708775774975635,0.0],[101.68998848936158,12.708773907698033,0.0],[101.68998468533998,12.708412592020075,0.0],[101.6898643035786,12.708413813565938,0.0]]],[[[101.68966624198312,12.708957854777047,0.0],[101.6896774708899,12.70894870698161,0.0],[101.68969462756584,12.708957566755624,0.0],[101.68980637646538,12.708956432837907,0.0],[101.68980447454038,12.708775774975635,0.0],[101.68966791613704,12.708777160610003,0.0],[101.68962136134822,12.708863294009692,0.0],[101.68962236148516,12.70895830001553,0.0],[101.68966624198312,12.708957854777047,0.0]]],[[[101.68980637646538,12.708956432837907,0.0],[101.68980699932729,12.709015595922573,0.0],[101.6899920400534,12.709111151418462,0.0],[101.6899903914163,12.708954565532906,0.0],[101.68980637646538,12.708956432837907,0.0]]],[[[101.6901763085517,12.709133355905266,0.0],[101.69017708089868,12.709206706756612,0.0],[101.6903621218631,12.709302261937033,0.0],[101.6903603235738,12.7091314883181,0.0],[101.6901763085517,12.709133355905266,0.0]]],[[[101.69022265582755,12.71021694811392,0.0],[101.69028080140349,12.710397035027356,0.0],[101.69037364079809,12.71039609268281,0.0],[101.69037173824962,12.710215434924633,0.0],[101.69022265582755,12.71021694811392,0.0]]],[[[101.68982159291936,12.710401695637621,0.0],[101.69000560890822,12.710399828113415,0.0],[101.69000751122648,12.710580485923664,0.0],[101.6901915273158,12.710578618244657,0.0],[101.69019020682246,12.710453223575211,0.0],[101.69011698843983,12.710233034856493,0.0],[101.6898208173204,12.71032803335207,0.0],[101.68982159291936,12.710401695637621,0.0]]],[[[101.68982349510787,12.710582353475273,0.0],[101.68982159291936,12.710401695637621,0.0],[101.68958363559169,12.710404110407309,0.0],[101.68927056832356,12.710504527702815,0.0],[101.68927144657637,12.710587955365726,0.0],[101.68982349510787,12.710582353475273,0.0]]],[[[101.68908743034065,12.710589822407748,0.0],[101.68900194314492,12.710590689723572,0.0],[101.68872031835305,12.710681021060033,0.0],[101.68872129922069,12.71077421410889,0.0],[101.68908933203943,12.710770480352254,0.0],[101.68908743034065,12.710589822407748,0.0]]],[[[101.68842024961003,12.710777267929489,0.0],[101.68839494591656,12.710785384056246,0.0],[101.68844621066214,12.710957681919561,0.0],[101.68853918410619,12.710956738820045,0.0],[101.68853728276741,12.71077608079611,0.0],[101.68842024961003,12.710777267929489,0.0]]],[[[101.68835465144853,12.710909569650722,0.0],[101.68837216347389,12.710958433012522,0.0],[101.68837216349979,12.710958433012259,0.0],[101.68835465144792,12.71090956959159,0.0],[101.68835465144853,12.710909569650722,0.0]]],[[[101.68860699979285,12.711498082787303,0.0],[101.68866059636949,12.711678216353526,0.0],[101.68873080685606,12.711677504064266,0.0],[101.68872890527045,12.711496846078663,0.0],[101.68860699979285,12.711498082787303,0.0]]],[[[101.68856571799856,12.711498501570809,0.0],[101.68863023640182,12.711678524351314,0.0],[101.68863023650745,12.711678524350246,0.0],[101.68856571808425,12.711498501569936,0.0],[101.68856571799856,12.711498501570809,0.0]]],[[[101.68892433294481,12.712578926862719,0.0],[101.68892433699135,12.71257931124131,0.0],[101.68903479901697,12.71293916043366,0.0],[101.689112154708,12.712938375472849,0.0],[101.68910872047226,12.712612187574791,0.0],[101.68909933995337,12.712595218802305,0.0],[101.68910850990164,12.712592187026464,0.0],[101.68910835063718,12.712577059646778,0.0],[101.68892433294481,12.712578926862719,0.0]]],[[[101.68914537908874,12.713299392734609,0.0],[101.6892006692778,12.713479508841049,0.0],[101.68930187934578,12.713478481711102,0.0],[101.68929997707812,12.713297823835036,0.0],[101.68914537908874,12.713299392734609,0.0]]],[[[101.68968323439223,12.7147393510404,0.0],[101.68968512713909,12.714919058009256,0.0],[101.68986814487562,12.714822106890045,0.0],[101.68986725352494,12.714737482985992,0.0],[101.68968323439223,12.7147393510404,0.0]]],[[[101.69069030703614,12.705514597791478,0.0],[101.6906922090826,12.705695255565972,0.0],[101.69106023399262,12.705691520541588,0.0],[101.69105898393659,12.70557280583785,0.0],[101.69087676846101,12.705512705515343,0.0],[101.69069030703614,12.705514597791478,0.0]]],[[[101.69131670340144,12.705688917373788,0.0],[101.69121570331285,12.705870619559658,0.0],[101.69161417386219,12.705866574684613,0.0],[101.69161300439683,12.705755537986212,0.0],[101.69140820276111,12.705687988594098,0.0],[101.69131670340144,12.705688917373788,0.0]]],[[[101.69106023399262,12.705691520541588,0.0],[101.69106213632777,12.705872178258527,0.0],[101.69110711873027,12.705871721698115,0.0],[101.69120549344483,12.705690046186728,0.0],[101.69106023399262,12.705691520541588,0.0]]],[[[101.69044985789274,12.705878391976773,0.0],[101.69033356182787,12.706060249170617,0.0],[101.69051200050507,12.70605843848275,0.0],[101.69051009852971,12.705877780686315,0.0],[101.69044985789274,12.705878391976773,0.0]]],[[[101.69198410175159,12.70604349590905,0.0],[101.69216811427557,12.706041627514269,0.0],[101.6921670254365,12.705938268813979,0.0],[101.69198235169223,12.70587735868479,0.0],[101.69198410175159,12.70604349590905,0.0]]],[[[101.69253804266694,12.706218547834764,0.0],[101.69272205523272,12.706216679030506,0.0],[101.69272104705556,12.706120998321111,0.0],[101.69253637311816,12.70606008863214,0.0],[101.69253804266694,12.706218547834764,0.0]]],[[[101.69101370276086,12.706234023895702,0.0],[101.69093491736011,12.706375760658961,0.0],[101.69101186997338,12.70641471952383,0.0],[101.69106784350896,12.706414151392933,0.0],[101.69106594108594,12.706233493684199,0.0],[101.69101370276086,12.706234023895702,0.0]]],[[[101.69088192825649,12.7062353613423,0.0],[101.69088246778252,12.706286599543574,0.0],[101.69091036893887,12.70623507268886,0.0],[101.69088192825649,12.7062353613423,0.0]]],[[[101.69180770102425,12.706767994567285,0.0],[101.69180822660955,12.706817889481329,0.0],[101.69199324616773,12.706911558408107,0.0],[101.69199171409633,12.706766126190166,0.0],[101.69180770102425,12.706767994567285,0.0]]],[[[101.69181150711302,12.70712930974627,0.0],[101.69199552044454,12.707127441314306,0.0],[101.69199441305393,12.707022324131406,0.0],[101.69180941698818,12.70693089383242,0.0],[101.69181150711302,12.70712930974627,0.0]]],[[[101.69045346301108,12.707323772179045,0.0],[101.69034343283589,12.707527346652018,0.0],[101.69034510564599,12.707686226022837,0.0],[101.690529119601,12.707684358527542,0.0],[101.69052531515246,12.707323042981182,0.0],[101.69045346301108,12.707323772179045,0.0]]],[[[101.69254946387044,12.707302492729957,0.0],[101.69255517486785,12.707844465140617,0.0],[101.69273918860101,12.707842596089503,0.0],[101.69273728477617,12.707661938649444,0.0],[101.6929212983503,12.707660069498392,0.0],[101.69291939507002,12.707479473280099,0.0],[101.69291927372574,12.707479413309084,0.0],[101.69273538098065,12.707481281206656,0.0],[101.69273439844181,12.707388043763203,0.0],[101.69256105833865,12.707302374972159,0.0],[101.69254946387044,12.707302492729957,0.0]]],[[[101.69144918893669,12.707675019140572,0.0],[101.69126517512815,12.707676887272699,0.0],[101.69126898073159,12.70803820258883,0.0],[101.69145299479958,12.708036334401873,0.0],[101.6914510918535,12.707855676772592,0.0],[101.69163510576247,12.707853808485684,0.0],[101.69163129969874,12.707492493273746,0.0],[101.6914472860492,12.707494361505823,0.0],[101.69144918893669,12.707675019140572,0.0]]],[[[101.69108686935024,12.708220728329794,0.0],[101.69108877209547,12.70840138600843,0.0],[101.69127278645222,12.708399517894016,0.0],[101.69127088357726,12.708218860242791,0.0],[101.69108686935024,12.708220728329794,0.0]]],[[[101.69109257767383,12.708762701357502,0.0],[101.69108877209547,12.70840138600843,0.0],[101.69090475770946,12.708403253995474,0.0],[101.69090856302834,12.708764569399369,0.0],[101.69109257767383,12.708762701357502,0.0]]],[[[101.69054433856662,12.709129620603553,0.0],[101.6905471629467,12.709397816959715,0.0],[101.69072402999672,12.709489150715028,0.0],[101.6907321588239,12.70948906819845,0.0],[101.69072835353016,12.709127752761626,0.0],[101.69054433856662,12.709129620603553,0.0]]],[[[101.69275442025479,12.709287855511434,0.0],[101.69275822846136,12.70964917033955,0.0],[101.6929422434625,12.709647300886758,0.0],[101.69293843499646,12.709285986113501,0.0],[101.69275442025479,12.709287855511434,0.0]]],[[[101.6912861073972,12.709664121375976,0.0],[101.69128732847261,12.709780035473017,0.0],[101.69141030033265,12.709843537309187,0.0],[101.69165604120785,12.70984104195569,0.0],[101.69165413783904,12.709660384381188,0.0],[101.69183815301602,12.709658515692713,0.0],[101.69183624954678,12.709477858142897,0.0],[101.691468219423,12.709481595337623,0.0],[101.69147012263277,12.709662252942275,0.0],[101.6912861073972,12.709664121375976,0.0]]],[[[101.6925742134309,12.709651039664953,0.0],[101.6925761174484,12.709831697102336,0.0],[101.6927601326086,12.709829827749505,0.0],[101.69275822846136,12.70964917033955,0.0],[101.6925742134309,12.709651039664953,0.0]]],[[[101.69239400617597,12.710014223789857,0.0],[101.69239591012236,12.710194881249194,0.0],[101.69257992557134,12.710193011968896,0.0],[101.69257802149522,12.710012354536984,0.0],[101.69239400617597,12.710014223789857,0.0]]],[[[101.69059103684239,12.711658625156918,0.0],[101.69047128013575,12.711298486836197,0.0],[101.69038315397974,12.711299381432658,0.0],[101.6903802617824,12.711024770962474,0.0],[101.69029164588686,12.710758279110221,0.0],[101.6901934297931,12.71075927602477,0.0],[101.6902010399951,12.711481907117848,0.0],[101.69038505670392,12.71148003917442,0.0],[101.69039076505219,12.71202201238328,0.0],[101.69057478212102,12.712020144230223,0.0],[101.69057668509211,12.712200801933632,0.0],[101.69077067271346,12.712198832393106,0.0],[101.69065091535792,12.711838694268303,0.0],[101.6905728791792,12.711839486524083,0.0],[101.69057097626668,12.7116588288152,0.0],[101.69059103684239,12.711658625156918,0.0]]],[[[101.6907549930467,12.711656960589549,0.0],[101.69075309003371,12.711476302905343,0.0],[101.69062967708226,12.711477555848779,0.0],[101.69068782339927,12.711657642542475,0.0],[101.6907549930467,12.711656960589549,0.0]]],[[[101.69094471940143,12.712197065190464,0.0],[101.69094281617079,12.712016407541872,0.0],[101.69080411635092,12.71201781583569,0.0],[101.69086226298556,12.712197902435207,0.0],[101.69094471940143,12.712197065190464,0.0]]],[[[101.69075689608897,12.711837618271023,0.0],[101.69074596982216,12.711837729204781,0.0],[101.69075726579153,12.71187271417718,0.0],[101.69075689608897,12.711837618271023,0.0]]],[[[101.69092040972609,12.712377989003325,0.0],[101.69094750970714,12.712461920370801,0.0],[101.69094662266136,12.712377722836314,0.0],[101.69092040972609,12.712377989003325,0.0]]],[[[101.69076260539157,12.712379591299015,0.0],[101.69076450855101,12.712560248969538,0.0],[101.69089043050158,12.712558970387287,0.0],[101.69083055155343,12.712378901406524,0.0],[101.69076260539157,12.712379591299015,0.0]]],[[[101.6904097947834,12.713828589568266,0.0],[101.69041160276021,12.714000214386598,0.0],[101.69059451101006,12.713892962289327,0.0],[101.69059381315,12.713826721141134,0.0],[101.6904097947834,12.713828589568266,0.0]]],[[[101.69309198412607,12.706393598447018,0.0],[101.69327599673359,12.706391729233276,0.0],[101.69327506925394,12.706303726507553,0.0],[101.69309039512343,12.706242817258818,0.0],[101.69309198412607,12.706393598447018,0.0]]],[[[101.6936459261289,12.70656864774577,0.0],[101.69382993877818,12.706566778122532,0.0],[101.69382909203165,12.706486453373255,0.0],[101.69364441770806,12.706425544564773,0.0],[101.6936459261289,12.70656864774577,0.0]]],[[[101.6941998686754,12.70674369573097,0.0],[101.69438388136642,12.706741825698227,0.0],[101.69438311538863,12.706669178918167,0.0],[101.69419844087194,12.706608270549957,0.0],[101.6941998686754,12.70674369573097,0.0]]],[[[101.69456855632804,12.706802764665296,0.0],[101.69448994980382,12.706740747717557,0.0],[101.69438388136642,12.706741825698227,0.0],[101.69438578621207,12.70692248290502,0.0],[101.69456979900346,12.706920612717473,0.0],[101.69456855632804,12.706802764665296,0.0]]],[[[101.6947541327001,12.706949175685942,0.0],[101.69471604495651,12.706919126276713,0.0],[101.69456979900346,12.706920612717473,0.0],[101.69457170400815,12.707101269894086,0.0],[101.69475571689992,12.707099399551735,0.0],[101.6947541327001,12.706949175685942,0.0]]],[[[101.69494163505581,12.707278186200993,0.0],[101.69512564801863,12.707276315576472,0.0],[101.69512528605428,12.707241997204447,0.0],[101.69494214041104,12.707097504577206,0.0],[101.69493972976238,12.70709752908202,0.0],[101.69494163505581,12.707278186200993,0.0]]],[[[101.6953108630364,12.707388407702293,0.0],[101.69516823616743,12.70727588261902,0.0],[101.69512564801863,12.707276315576472,0.0],[101.69512755347112,12.707456972665257,0.0],[101.69531156653433,12.707455101885916,0.0],[101.6953108630364,12.707388407702293,0.0]]],[[[101.69531156653433,12.707455101885916,0.0],[101.69531347214586,12.707635758944509,0.0],[101.69549748530943,12.70763388801035,0.0],[101.69549644022189,12.707534818025866,0.0],[101.69539433222569,12.707454260402155,0.0],[101.69531156653433,12.707455101885916,0.0]]],[[[101.69381079658369,12.707831709093119,0.0],[101.69384344813385,12.70784823903347,0.0],[101.69384327038436,12.7078313791081,0.0],[101.69381079658369,12.707831709093119,0.0]]],[[[101.69347524324051,12.707835118611367,0.0],[101.69347714761354,12.708015775938954,0.0],[101.69384517501682,12.708012036380806,0.0],[101.69384437989824,12.707936618518124,0.0],[101.69363570576516,12.707833488223399,0.0],[101.69347524324051,12.707835118611367,0.0]]],[[[101.69605524319138,12.70817024527354,0.0],[101.69623925662674,12.708168373747533,0.0],[101.6962387509975,12.708120457577296,0.0],[101.6960726222116,12.707989392199387,0.0],[101.69605333697295,12.707989588332994,0.0],[101.69605524319138,12.70817024527354,0.0]]],[[[101.6964243291998,12.708266867029419,0.0],[101.69629871947733,12.708167768947709,0.0],[101.69623925662674,12.708168373747533,0.0],[101.69624116300425,12.708349030657875,0.0],[101.69642517653998,12.708347158977032,0.0],[101.6964243291998,12.708266867029419,0.0]]],[[[101.69532300064361,12.708539044196424,0.0],[101.69532352957482,12.70858918392988,0.0],[101.6955085307512,12.708680899107565,0.0],[101.69550701445579,12.708537173124983,0.0],[101.69532300064361,12.708539044196424,0.0]]],[[[101.69311483260958,12.708561487118573,0.0],[101.69311864110057,12.708922801858856,0.0],[101.69330265552414,12.70892093226103,0.0],[101.69329884677369,12.708559617575617,0.0],[101.69311483260958,12.708561487118573,0.0]]],[[[101.69569293428565,12.708715958913423,0.0],[101.69569353204054,12.708772614128698,0.0],[101.69587853344281,12.708864328993267,0.0],[101.69587694816887,12.708714087559773,0.0],[101.69569293428565,12.708715958913423,0.0]]],[[[101.69698293783638,12.70888351355526,0.0],[101.69716695164388,12.708881641282515,0.0],[101.6971660725071,12.70879836292055,0.0],[101.69699962291945,12.708720735223283,0.0],[101.69698106502702,12.708706094339945,0.0],[101.69698293783638,12.70888351355526,0.0]]],[[[101.69716695164388,12.708881641282515,0.0],[101.69716885878744,12.70906229804456,0.0],[101.69735287269529,12.709060425616963,0.0],[101.69735101659239,12.70888461577043,0.0],[101.69734084466498,12.70887987186771,0.0],[101.69716695164388,12.708881641282515,0.0]]],[[[101.69293653080742,12.70910532872277,0.0],[101.69293843499646,12.709285986113501,0.0],[101.69312244970882,12.70928411658819,0.0],[101.69312054539003,12.709103459224893,0.0],[101.69293653080742,12.70910532872277,0.0]]],[[[101.69643280286238,12.70906978648117,0.0],[101.69643353832723,12.709139472647587,0.0],[101.69661854018125,12.70923118688589,0.0],[101.69661681688767,12.709067914563084,0.0],[101.69643280286238,12.70906978648117,0.0]]],[[[101.6971726731626,12.709423611560434,0.0],[101.69717354642091,12.709506328661337,0.0],[101.6973492986087,12.709593456596442,0.0],[101.69735851521732,12.709594868440695,0.0],[101.69735668732994,12.709421739077882,0.0],[101.6971726731626,12.709423611560434,0.0]]]]},"properties":{"plot":"13-STC","province":"ระยอง","date":"2026-09-29","class":"vegetation","analysis_status":"AUTO_VALID","qa_valid_pct":100.0,"area_rai":20.574,"source":"original Sentinel-2 GeoTIFF, clipped to native PDD MultiPolygon"}},{"type":"Feature","geometry":{"type":"MultiPolygon","coordinates":[[[[101.69101370276086,12.706234023895702,0.0],[101.69093491736011,12.706375760658961,0.0],[101.69101186997338,12.70641471952383,0.0],[101.69125185643883,12.706412283580066,0.0],[101.69124805136268,12.706050968214695,0.0],[101.69111470309932,12.70605232173363,0.0],[101.69106497533703,12.706141783264643,0.0],[101.69106594108594,12.706233493684199,0.0],[101.69101370276086,12.706234023895702,0.0]]],[[[101.69069791539772,12.706237228873047,0.0],[101.69069981756135,12.7064178866366,0.0],[101.69081199386201,12.70641674816821,0.0],[101.69091036893887,12.70623507268886,0.0],[101.69069791539772,12.706237228873047,0.0]]],[[[101.69032988959238,12.70624096355249,0.0],[101.69021726561357,12.706242106344385,0.0],[101.69014702527085,12.706351943934495,0.0],[101.69014777842028,12.706423488546958,0.0],[101.69033179149659,12.70642162137086,0.0],[101.69032988959238,12.70624096355249,0.0]]],[[[101.68996756869213,12.706786671333845,0.0],[101.69015158205714,12.706784804230294,0.0],[101.69014777842028,12.706423488546958,0.0],[101.69010096924984,12.706423963498075,0.0],[101.68996597277206,12.706635062430276,0.0],[101.68996756869213,12.706786671333845,0.0]]],[[[101.69061524334597,12.706780099094875,0.0],[101.69070194547012,12.706619981220125,0.0],[101.69070171975426,12.706598544397421,0.0],[101.6905177066068,12.706600411855632,0.0],[101.69051960869929,12.706781069641124,0.0],[101.69061524334597,12.706780099094875,0.0]]],[[[101.68997897952718,12.707870618482621,0.0],[101.68979496535461,12.707872485623213,0.0],[101.6897968671332,12.70805314349917,0.0],[101.68992661273514,12.70805182700154,0.0],[101.68997985215343,12.707953507566478,0.0],[101.68997897952718,12.707870618482621,0.0]]],[[[101.68961665618721,12.708416326338295,0.0],[101.68972986004489,12.708415177735775,0.0],[101.68979932780736,12.708286889063054,0.0],[101.6897968671332,12.70805314349917,0.0],[101.68961285280163,12.708055010539795,0.0],[101.68961665618721,12.708416326338295,0.0]]],[[[101.68953310687142,12.708778528427207,0.0],[101.68961880305453,12.708620270523605,0.0],[101.68961665618721,12.708416326338295,0.0],[101.68943264156691,12.708418193306343,0.0],[101.68943644481014,12.708779509148698,0.0],[101.68953310687142,12.708778528427207,0.0]]],[[[101.69223283856122,12.712183982575867,0.0],[101.6923581116117,12.71218270992255,0.0],[101.6924161969039,12.712119635760645,0.0],[101.69241495119807,12.712001455692043,0.0],[101.69252606900623,12.712000326783942,0.0],[101.69259815064925,12.711922054001693,0.0],[101.69259706357539,12.71181892873293,0.0],[101.69269402616554,12.711817943584675,0.0],[101.6927801041185,12.71172447217155,0.0],[101.69277634118795,12.711367516290881,0.0],[101.69270900034743,12.711275761217266,0.0],[101.69259135064358,12.711276956502878,0.0],[101.69258962353008,12.711113104428486,0.0],[101.69245892140628,12.710935015999418,0.0],[101.69243388097375,12.710917202698488,0.0],[101.69221951020364,12.710919380321789,0.0],[101.6922178677577,12.71076353466402,0.0],[101.69218347682788,12.710739069519178,0.0],[101.69203359037296,12.710740591953764,0.0],[101.69203244207995,12.710631625749539,0.0],[101.69193307300833,12.710560936030731,0.0],[101.69184767080175,12.710561803400754,0.0],[101.69184701658114,12.710499716665549,0.0],[101.69168266951507,12.710382802233163,0.0],[101.69147773576479,12.710384883333534,0.0],[101.69147616612027,12.710235897989046,0.0],[101.69143226634812,12.710204668126478,0.0],[101.69129181681303,12.710206094255772,0.0],[101.6912907411582,12.71010398839655,0.0],[101.69118186350745,12.710026533710687,0.0],[101.69110589812077,12.71002730499305,0.0],[101.69110531637509,12.709972078634555,0.0],[101.69099406159108,12.709892932696,0.0],[101.69091542876855,12.70984856174672,0.0],[101.69073596423479,12.709850383624334,0.0],[101.69073487197355,12.709746676951,0.0],[101.69060089771936,12.709671077659854,0.0],[101.69036603077993,12.709673461633678,0.0],[101.69036460154555,12.70953773962637,0.0],[101.69028636705576,12.709493593109448,0.0],[101.69018011306703,12.70949467150653,0.0],[101.69017946653196,12.709433270723162,0.0],[101.68997183677776,12.709316108095503,0.0],[101.6898101804032,12.709317748554252,0.0],[101.68980919690551,12.709224332434967,0.0],[101.68965730688537,12.709138622618047,0.0],[101.6896242633097,12.709138957902468,0.0],[101.6896240622927,12.709119863049994,0.0],[101.68953149503636,12.709067628297278,0.0],[101.68962272996139,12.708993302481337,0.0],[101.68962236148516,12.70895830001553,0.0],[101.68956972223548,12.708958834116107,0.0],[101.68944084245801,12.709197280759419,0.0],[101.68944402530728,12.70949963857957,0.0],[101.68944726075605,12.7095021082401,0.0],[101.6896280670466,12.709500273668139,0.0],[101.68962955123037,12.70964125279418,0.0],[101.68968085714847,12.709680415174521,0.0],[101.68981398445813,12.709679064259653,0.0],[101.68981507734873,12.709782866836157,0.0],[101.68991445385048,12.709858721835264,0.0],[101.68999990212916,12.709857854666245,0.0],[101.69000060366237,12.709924480705496,0.0],[101.69006208712578,12.709971411503703,0.0],[101.69012033953462,12.710037309472025,0.0],[101.69018582005964,12.710036644887905,0.0],[101.69018661657522,12.710112285229615,0.0],[101.690190155404,12.710116288519977,0.0],[101.69028080140349,12.710397035027356,0.0],[101.69037364079809,12.71039609268281,0.0],[101.69037678136041,12.710694300781768,0.0],[101.69045523876648,12.71093729557933,0.0],[101.6905633649095,12.710936197952313,0.0],[101.69056702300932,12.711283507647495,0.0],[101.69068782339927,12.711657642542475,0.0],[101.6907549930467,12.711656960589549,0.0],[101.69075689608897,12.711837618271023,0.0],[101.69074596982216,12.711837729204781,0.0],[101.69086226298556,12.712197902435207,0.0],[101.69094471940143,12.712197065190464,0.0],[101.69094662266136,12.712377722836314,0.0],[101.69092040972609,12.712377989003325,0.0],[101.69103670352477,12.712738162045376,0.0],[101.69113444676913,12.712737169474861,0.0],[101.69113775475618,12.713051126228335,0.0],[101.69115299774703,12.713098334961842,0.0],[101.69150597191299,12.713094750133216,0.0],[101.69187308260004,12.712973175274103,0.0],[101.69187242047298,12.712910351121462,0.0],[101.6919438124445,12.712909625913753,0.0],[101.69205312579727,12.712594232889858,0.0],[101.69205072566483,12.712366509384394,0.0],[101.69219015398193,12.712365093000487,0.0],[101.6922342428825,12.712317217448398,0.0],[101.69223283856122,12.712183982575867,0.0]]],[[[101.68943644481014,12.708779509148698,0.0],[101.6890684149628,12.70878324281225,0.0],[101.68906651358601,12.708602584837651,0.0],[101.68888249874817,12.708604451450965,0.0],[101.68887869634185,12.708243135438783,0.0],[101.68924672546936,12.708239402194344,0.0],[101.68924292266122,12.707878086280788,0.0],[101.68942693692162,12.7078762195223,0.0],[101.68942503543175,12.70769556158881,0.0],[101.68960904953315,12.707693694730349,0.0],[101.68960524638177,12.707332378909962,0.0],[101.6899732739779,12.707328644920542,0.0],[101.68996756869213,12.706786671333845,0.0],[101.6898582978205,12.706787779997425,0.0],[101.68978456621987,12.706884579234035,0.0],[101.68978545690078,12.706969196202401,0.0],[101.68971960486289,12.706969864307013,0.0],[101.68960304144655,12.70712289543114,0.0],[101.68960334485,12.707151720995672,0.0],[101.68958091171923,12.707151948581389,0.0],[101.68942151635454,12.707361211567923,0.0],[101.68942313397115,12.70751490365259,0.0],[101.68930352487384,12.70751611702448,0.0],[101.68923956753747,12.707559296921417,0.0],[101.68924102130106,12.707697428319904,0.0],[101.6890318262538,12.707699550343706,0.0],[101.68887409659618,12.707806038974024,0.0],[101.6888748940526,12.707881819415658,0.0],[101.68876012721256,12.707882983460085,0.0],[101.68869136083975,12.707929409862682,0.0],[101.68869278070467,12.708064343832358,0.0],[101.68848842775016,12.708066416373596,0.0],[101.68832588875533,12.708176151364707,0.0],[101.68832665243109,12.708248734350146,0.0],[101.68823915156935,12.70824962169139,0.0],[101.68814377371372,12.70835857513458,0.0],[101.68814453840525,12.708431258516194,0.0],[101.68807956989878,12.708431917324996,0.0],[101.68796192466523,12.708566307328095,0.0],[101.68796347985021,12.70871413358804,0.0],[101.68808482494144,12.70879321882868,0.0],[101.68814833983227,12.708792574742002,0.0],[101.6881487851896,12.708834904123936,0.0],[101.68835780183474,12.708971127895,0.0],[101.68851827098915,12.708969500406265,0.0],[101.68851939634942,12.709076444698272,0.0],[101.68863077907604,12.709149036601474,0.0],[101.68870418732085,12.709148292016836,0.0],[101.68870470216987,12.709197214736704,0.0],[101.68890375666531,12.709326944948089,0.0],[101.68907411926881,12.709325216719623,0.0],[101.68907531429184,12.70943875431608,0.0],[101.68914943679322,12.709487062152359,0.0],[101.68925775232837,12.709287033336585,0.0],[101.68925623300198,12.709142691930364,0.0],[101.68933635321471,12.70914187907583,0.0],[101.68943827789487,12.708953651948116,0.0],[101.68943644481014,12.708779509148698,0.0]]],[[[101.68982159291936,12.710401695637621,0.0],[101.68958363559169,12.710404110407309,0.0],[101.68927056832356,12.710504527702815,0.0],[101.68927144657637,12.710587955365726,0.0],[101.68900194314492,12.710590689723572,0.0],[101.68872031835305,12.710681021060033,0.0],[101.68872129922069,12.71077421410889,0.0],[101.68842024961003,12.710777267929489,0.0],[101.68839494591656,12.710785384056246,0.0],[101.68844621066214,12.710957681919561,0.0],[101.68853918410619,12.710956738820045,0.0],[101.68854260374131,12.71128165261708,0.0],[101.68866059636949,12.711678216353526,0.0],[101.68873080685606,12.711677504064266,0.0],[101.68873386109667,12.711967662904792,0.0],[101.68875282168263,12.712020567534745,0.0],[101.68881364009873,12.712218695479487,0.0],[101.68892052925062,12.71221761097092,0.0],[101.68892433699135,12.71257931124131,0.0],[101.68903479901697,12.71293916043366,0.0],[101.689112154708,12.712938375472849,0.0],[101.68911491070904,12.713200137250636,0.0],[101.6892006692778,12.713479508841049,0.0],[101.68930187934578,12.713478481711102,0.0],[101.68929807483974,12.713117165956238,0.0],[101.6894820928629,12.713115298403276,0.0],[101.68948399523106,12.713295956254678,0.0],[101.6896680133547,12.713294088546892,0.0],[101.68966611085678,12.713113430722888,0.0],[101.69040218253947,12.71310595872711,0.0],[101.69040408555654,12.713286616441506,0.0],[101.69058810353377,12.713284748096598,0.0],[101.6905900067099,12.713465405780848,0.0],[101.69095804283606,12.713461668653938,0.0],[101.69095994630105,12.713642326280628,0.0],[101.69102303824111,12.713641685569723,0.0],[101.69114323473518,12.713571205419223,0.0],[101.69114105468125,12.713364309452876,0.0],[101.69111198355013,12.713225225332156,0.0],[101.69107006799494,12.713099177133635,0.0],[101.690954235994,12.713100353392344,0.0],[101.69095043319918,12.712739411150507,0.0],[101.69083055155343,12.712378901406524,0.0],[101.69076260539157,12.712379591299015,0.0],[101.69076070226143,12.712198933625753,0.0],[101.69077067271346,12.712198832393106,0.0],[101.69065091535792,12.711838694268303,0.0],[101.6905728791792,12.711839486524083,0.0],[101.69057097626668,12.7116588288152,0.0],[101.69059103684239,12.711658625156918,0.0],[101.69047128013575,12.711298486836197,0.0],[101.69038315397974,12.711299381432658,0.0],[101.6903802617824,12.711024770962474,0.0],[101.69029164588686,12.710758279110221,0.0],[101.6901934297931,12.71075927602477,0.0],[101.69019020682246,12.710453223575211,0.0],[101.69011698843983,12.710233034856493,0.0],[101.6898208173204,12.71032803335207,0.0],[101.68982159291936,12.710401695637621,0.0]],[[101.68915571814955,12.712576578990944,0.0],[101.68947530760627,12.71247091576764,0.0],[101.68947448368306,12.712392666970299,0.0],[101.68971949953654,12.712390180306253,0.0],[101.68986044471995,12.712343580472837,0.0],[101.68991650608349,12.71242431614587,0.0],[101.68984323204137,12.712456678379446,0.0],[101.68984442111393,12.712569589508846,0.0],[101.68958153885458,12.712572257649285,0.0],[101.68929367602564,12.712699394601037,0.0],[101.68929427045083,12.712755850190431,0.0],[101.68911025265795,12.712757717561184,0.0],[101.68910872047226,12.712612187574791,0.0],[101.68909933995337,12.712595218802305,0.0],[101.68910850990164,12.712592187026464,0.0],[101.68910835063718,12.712577059646778,0.0],[101.68915571814955,12.712576578990944,0.0]]],[[[101.68835465144853,12.710909569650722,0.0],[101.68837216347389,12.710958433012522,0.0],[101.68837216349979,12.710958433012259,0.0],[101.68835465144792,12.71090956959159,0.0],[101.68835465144853,12.710909569650722,0.0]]],[[[101.68854425577952,12.71143861643376,0.0],[101.68863023640182,12.711678524351314,0.0],[101.68863023650745,12.711678524350246,0.0],[101.68854425577712,12.711438616205674,0.0],[101.68854425577952,12.71143861643376,0.0]]],[[[101.69113949318161,12.713216114556593,0.0],[101.69111198355013,12.713225225332156,0.0],[101.69113949318756,12.713216115122046,0.0],[101.69113949318161,12.713216114556593,0.0]]],[[[101.6907759281228,12.713644194935204,0.0],[101.6905919099153,12.713646063462358,0.0],[101.69059381315,12.713826721141134,0.0],[101.69070948182258,12.713825546636,0.0],[101.69077741908917,12.713785710095676,0.0],[101.6907759281228,12.713644194935204,0.0]]],[[[101.68949350751099,12.71419924547064,0.0],[101.68948780005519,12.71365727194927,0.0],[101.6893037816427,12.713659139584424,0.0],[101.68930548563989,12.71382096291118,0.0],[101.68942183105523,12.714199972973223,0.0],[101.68949350751099,12.71419924547064,0.0]]],[[[101.69059381315,12.713826721141134,0.0],[101.69022577638754,12.713830457867966,0.0],[101.69022767939194,12.714011115598819,0.0],[101.69039592490226,12.714009407419027,0.0],[101.69059451101006,12.713892962289327,0.0],[101.69059381315,12.713826721141134,0.0]]],[[[101.68967942895719,12.714378035433446,0.0],[101.6894954100548,12.714379903305622,0.0],[101.689496061784,12.714441788222931,0.0],[101.68958770346057,12.714740320764076,0.0],[101.68968323439223,12.7147393510404,0.0],[101.68968512713909,12.714919058009256,0.0],[101.68986814487562,12.714822106890045,0.0],[101.68986725352494,12.714737482985992,0.0],[101.69000429933367,12.714736091694252,0.0],[101.69005018680004,12.714632533619238,0.0],[101.69004746667409,12.71437429930679,0.0],[101.69016514186676,12.714373104621906,0.0],[101.69022995184146,12.7142268421797,0.0],[101.69022767939194,12.714011115598819,0.0],[101.69004366083699,12.714012983798492,0.0],[101.6900455637409,12.71419364155401,0.0],[101.68986154502689,12.714195509653653,0.0],[101.68986535066296,12.714556825211282,0.0],[101.68968133166007,12.71455869323829,0.0],[101.68967942895719,12.714378035433446,0.0]]],[[[101.6906922090826,12.705695255565972,0.0],[101.6905661538082,12.705696534762865,0.0],[101.69050912918198,12.705785706796965,0.0],[101.69051009852971,12.705877780686315,0.0],[101.69044985789274,12.705878391976773,0.0],[101.69032807740749,12.706068825390055,0.0],[101.69032988959238,12.70624096355249,0.0],[101.6905139025097,12.706239096276446,0.0],[101.69051200050507,12.70605843848275,0.0],[101.69100874389495,12.706053397198826,0.0],[101.6910629896882,12.70595321783106,0.0],[101.69106213632777,12.705872178258527,0.0],[101.69110711873027,12.705871721698115,0.0],[101.69120549344483,12.705690046186728,0.0],[101.69106023399262,12.705691520541588,0.0],[101.69105898393659,12.70557280583785,0.0],[101.69087676846101,12.705512705515343,0.0],[101.69069030703614,12.705514597791478,0.0],[101.6906922090826,12.705695255565972,0.0]]],[[[101.69161417386219,12.705866574684613,0.0],[101.69161300439683,12.705755537986212,0.0],[101.69140820276111,12.705687988594098,0.0],[101.69131670340144,12.705688917373788,0.0],[101.69121570331285,12.705870619559658,0.0],[101.69161417386219,12.705866574684613,0.0]]],[[[101.6921670254365,12.705938268813979,0.0],[101.69193963759437,12.705863270457762,0.0],[101.69161417386219,12.705866574684613,0.0],[101.69161607661572,12.706047232316573,0.0],[101.69198410175159,12.70604349590905,0.0],[101.6919898109662,12.70658546862399,0.0],[101.69217382387929,12.706583600146939,0.0],[101.69217001744751,12.706222285061228,0.0],[101.69272205523272,12.706216679030506,0.0],[101.69272104705556,12.706120998321111,0.0],[101.69247107296076,12.706038551106289,0.0],[101.69216811427557,12.706041627514269,0.0],[101.6921670254365,12.705938268813979,0.0]]],[[[101.69161988221069,12.706408547572279,0.0],[101.69125185643883,12.706412283580066,0.0],[101.69125316863153,12.70653688175826,0.0],[101.6913617343469,12.706591845186454,0.0],[101.69162178505212,12.70658920519603,0.0],[101.69161988221069,12.706408547572279,0.0]]],[[[101.69235783676308,12.706581731542531,0.0],[101.69254184961754,12.70657986281077,0.0],[101.69254565668538,12.706941177775837,0.0],[101.69291368282525,12.706937439820535,0.0],[101.69291558666255,12.707118097244106,0.0],[101.69328361294458,12.707114358724505,0.0],[101.6932855170706,12.707295016090468,0.0],[101.6936535434948,12.707291277006558,0.0],[101.69365544790959,12.707471934314917,0.0],[101.69402347447593,12.707468194666676,0.0],[101.69402537917945,12.707648851917412,0.0],[101.6947614324791,12.707641370982797,0.0],[101.69476333773082,12.707822028121013,0.0],[101.69494735111212,12.707820157541496,0.0],[101.6949492565229,12.708000814649525,0.0],[101.69513327000459,12.70799894391519,0.0],[101.6951351755744,12.708179600993027,0.0],[101.69531918915649,12.70817773010387,0.0],[101.69532109488539,12.708358387151513,0.0],[101.69550510856784,12.708356516107528,0.0],[101.69550320270923,12.708175859087339,0.0],[101.69605524319138,12.70817024527354,0.0],[101.69605714943916,12.708350902211343,0.0],[101.69642517653998,12.708347158977032,0.0],[101.6964243291998,12.708266867029419,0.0],[101.69629871947733,12.708167768947709,0.0],[101.69623925662674,12.708168373747533,0.0],[101.6962387509975,12.708120457577296,0.0],[101.6960726222116,12.707989392199387,0.0],[101.69586932363796,12.707991459704168,0.0],[101.69586759520296,12.70782763815016,0.0],[101.69584652524776,12.707811015192346,0.0],[101.69568340434398,12.707812673949773,0.0],[101.69568201761074,12.70768122817516,0.0],[101.6956204285858,12.707632637926597,0.0],[101.69549748530943,12.70763388801035,0.0],[101.69549644022189,12.707534818025866,0.0],[101.69539433222569,12.707454260402155,0.0],[101.69531156653433,12.707455101885916,0.0],[101.6953108630364,12.707388407702293,0.0],[101.69516823616743,12.70727588261902,0.0],[101.69512564801863,12.707276315576472,0.0],[101.69512528605428,12.707241997204447,0.0],[101.69494214041104,12.707097504577206,0.0],[101.69475571689992,12.707099399551735,0.0],[101.6947541327001,12.706949175685942,0.0],[101.69471604495651,12.706919126276713,0.0],[101.69456979900346,12.706920612717473,0.0],[101.69456855632804,12.706802764665296,0.0],[101.69448994980382,12.706740747717557,0.0],[101.69438388136642,12.706741825698227,0.0],[101.69438311538863,12.706669178918167,0.0],[101.69406538225827,12.706564385760602,0.0],[101.69382993877818,12.706566778122532,0.0],[101.69382909203165,12.706486453373255,0.0],[101.69353394529273,12.706389108757753,0.0],[101.69327599673359,12.706391729233276,0.0],[101.69327506925394,12.706303726507553,0.0],[101.69300250886022,12.706213830539632,0.0],[101.69272205523272,12.706216679030506,0.0],[101.69272395882307,12.706397336492447,0.0],[101.69235593340282,12.70640107402847,0.0],[101.69235783676308,12.706581731542531,0.0]],[[101.69512945895295,12.707637629751302,0.0],[101.6949454457307,12.707639500430732,0.0],[101.69494354037859,12.707458843317234,0.0],[101.6947595272567,12.707460713841847,0.0],[101.69475762206365,12.707280056698156,0.0],[101.69512564801863,12.707276315576472,0.0],[101.69512945895295,12.707637629751302,0.0]],[[101.69327790074237,12.706572386610189,0.0],[101.69309388800514,12.706574255851365,0.0],[101.69309198412607,12.706393598447018,0.0],[101.69327599673359,12.706391729233276,0.0],[101.69327790074237,12.706572386610189,0.0]],[[101.69531537778673,12.707816416000366,0.0],[101.69549939108002,12.707814545038751,0.0],[101.69550129687995,12.707995202064414,0.0],[101.69531728345694,12.707997073053486,0.0],[101.69531537778673,12.707816416000366,0.0]],[[101.69401585595506,12.70674556563636,0.0],[101.6941998686754,12.70674369573097,0.0],[101.69420177339134,12.70692435296521,0.0],[101.69401776054129,12.706926222898044,0.0],[101.69401585595506,12.70674556563636,0.0]]],[[[101.69532109488539,12.708358387151513,0.0],[101.69495306743245,12.708362128857368,0.0],[101.69495352756086,12.708405753104836,0.0],[101.6952244134847,12.708540046588308,0.0],[101.69532300064361,12.708539044196424,0.0],[101.69532109488539,12.708358387151513,0.0]]],[[[101.6966099076055,12.708413276307239,0.0],[101.6965248170449,12.708346145437307,0.0],[101.69642517653998,12.708347158977032,0.0],[101.69642708307656,12.708527815857174,0.0],[101.69661109671266,12.708525944021492,0.0],[101.6966099076055,12.708413276307239,0.0]]],[[[101.69165741195049,12.709971143783168,0.0],[101.69175343611522,12.710020729792573,0.0],[101.6918419600424,12.71001983078414,0.0],[101.69184245386816,12.710066697701608,0.0],[101.69209657230753,12.710197921733483,0.0],[101.69221189464406,12.710196750402105,0.0],[101.69221253806097,12.710257805065204,0.0],[101.69243970890957,12.710375113131889,0.0],[101.69258182967677,12.710373669398066,0.0],[101.69258262273038,12.710448911797732,0.0],[101.69278284592131,12.71055230398777,0.0],[101.69295176514055,12.710550587772007,0.0],[101.6929527078764,12.710640017899172,0.0],[101.69312598334281,12.710729494301109,0.0],[101.69323494151425,12.710728387144997,0.0],[101.69331995420508,12.710561820494272,0.0],[101.69331789169858,12.710366190893218,0.0],[101.69342033127907,12.710365149929164,0.0],[101.69350026460471,12.7102085349688,0.0],[101.69349809765176,12.71000300636177,0.0],[101.69360572059655,12.71000191268055,0.0],[101.6936805745812,12.709855249412325,0.0],[101.6936783031739,12.709639821801737,0.0],[101.69379110946674,12.70963867539917,0.0],[101.69386088413455,12.709501963824856,0.0],[101.69385850826505,12.709276637213128,0.0],[101.69397649788965,12.709275438085031,0.0],[101.69404119326482,12.709148678206402,0.0],[101.69403871292523,12.708913452595954,0.0],[101.69416188586528,12.708912200738151,0.0],[101.69422150197201,12.708795392556981,0.0],[101.69421891715447,12.70855026795023,0.0],[101.6943472733937,12.708548963358538,0.0],[101.69440181025614,12.7084421068766,0.0],[101.69439937214499,12.708210903783675,0.0],[101.69435213949156,12.708187560791528,0.0],[101.69421510722405,12.708188953528268,0.0],[101.69421437461692,12.708119475518272,0.0],[101.69399392241748,12.708010524800747,0.0],[101.69384517501682,12.708012036380806,0.0],[101.69384437989824,12.707936618518124,0.0],[101.69363570576516,12.707833488223399,0.0],[101.69347524324051,12.707835118611367,0.0],[101.6934743856295,12.707753760892219,0.0],[101.69327748953457,12.707656451059504,0.0],[101.69310531189512,12.707658200219976,0.0],[101.69310439181069,12.707570902640569,0.0],[101.69291927372574,12.707479413309084,0.0],[101.69273538098065,12.707481281206656,0.0],[101.69273439844181,12.707388043763203,0.0],[101.69254940192613,12.707296614089884,0.0],[101.69254946387044,12.707302492729957,0.0],[101.69236545049712,12.707304361571426,0.0],[101.69236440552291,12.70720518426014,0.0],[101.69217940923218,12.70711375427398,0.0],[101.69217953374674,12.707125572754988,0.0],[101.69199552044454,12.707127441314306,0.0],[101.69199441305393,12.707022324131406,0.0],[101.69180941698818,12.70693089383242,0.0],[101.69180960405397,12.706948652158145,0.0],[101.69162559082288,12.706950520435324,0.0],[101.69162442103492,12.706839463377023,0.0],[101.691486414708,12.70677125644256,0.0],[101.69125566163217,12.7067735989345,0.0],[101.69125442946586,12.70665660199701,0.0],[101.69112820100797,12.70659421575982,0.0],[101.69106974596127,12.70659480909893,0.0],[101.69107164844289,12.70677546680219,0.0],[101.69074804110056,12.706778751342409,0.0],[101.69070446613613,12.706859372758052,0.0],[101.69070552422792,12.706959859910853,0.0],[101.69064984852457,12.706960424965223,0.0],[101.69052394968962,12.70719335972295,0.0],[101.69052531515246,12.707323042981182,0.0],[101.69045346301108,12.707323772179045,0.0],[101.69034343283589,12.707527346652018,0.0],[101.69034510564599,12.707686226022837,0.0],[101.69025707701562,12.707687119350444,0.0],[101.69015888383713,12.707868792920237,0.0],[101.69016299367046,12.707868751214654,0.0],[101.6901648957085,12.708049409035805,0.0],[101.69006069053813,12.708050466479417,0.0],[101.68998239790663,12.708195320402588,0.0],[101.68998468533998,12.708412592020075,0.0],[101.6898643035786,12.708413813565938,0.0],[101.68980187983108,12.708529307224081,0.0],[101.68980447454038,12.708775774975635,0.0],[101.68966791613704,12.708777160610003,0.0],[101.68962136134822,12.708863294009692,0.0],[101.68962236148516,12.70895830001553,0.0],[101.68966624198312,12.708957854777047,0.0],[101.6896774708899,12.70894870698161,0.0],[101.68969462756584,12.708957566755624,0.0],[101.68980637646538,12.708956432837907,0.0],[101.68980699932729,12.709015595922573,0.0],[101.69003776129972,12.709134761951153,0.0],[101.6901763085517,12.709133355905266,0.0],[101.69017708089868,12.709206706756612,0.0],[101.69038089544335,12.709311956604292,0.0],[101.69054624106911,12.709310278350744,0.0],[101.6905471629467,12.709397816959715,0.0],[101.69072402999672,12.709489150715028,0.0],[101.69091617401762,12.709487200174319,0.0],[101.69091724547134,12.709588926531858,0.0],[101.69106716495982,12.709666344283328,0.0],[101.6912861073972,12.709664121375976,0.0],[101.69128732847261,12.709780035473017,0.0],[101.69141030033265,12.709843537309187,0.0],[101.69165604120785,12.70984104195569,0.0],[101.69165741195049,12.709971143783168,0.0]],[[101.6923673540039,12.70748501907181,0.0],[101.69218334047156,12.707486887813339,0.0],[101.6921814370945,12.707306230285528,0.0],[101.69236545049712,12.707304361571426,0.0],[101.6923673540039,12.70748501907181,0.0]],[[101.69162749375221,12.707131178050869,0.0],[101.69144348036208,12.707133046228108,0.0],[101.69144157756247,12.706952388585147,0.0],[101.69162559082288,12.706950520435324,0.0],[101.69162749375221,12.707131178050869,0.0]],[[101.6909123684644,12.709125884792316,0.0],[101.69109638336934,12.709124016695627,0.0],[101.69110018918204,12.709485332022807,0.0],[101.69091617401762,12.709487200174319,0.0],[101.6909123684644,12.709125884792316,0.0]],[[101.69181341020135,12.707309967331655,0.0],[101.69199742366257,12.707308098872273,0.0],[101.69199932690994,12.707488756427507,0.0],[101.69181531331898,12.707490624914309,0.0],[101.69181341020135,12.707309967331655,0.0]]],[[[101.69421320230282,12.708008296313185,0.0],[101.6941606642778,12.708008830260729,0.0],[101.69421348992002,12.708035573272776,0.0],[101.69421320230282,12.708008296313185,0.0]]],[[[101.69384136578122,12.707650721832655,0.0],[101.69365735235368,12.707652591620532,0.0],[101.69365842741487,12.707754571678088,0.0],[101.69384344813385,12.70784823903347,0.0],[101.69384136578122,12.707650721832655,0.0]]],[[[101.69365544790959,12.707471934314917,0.0],[101.69328742122596,12.7074756734537,0.0],[101.69328838632518,12.70756723649586,0.0],[101.69347340681199,12.707660904165548,0.0],[101.69347333889681,12.707654461281045,0.0],[101.69365735235368,12.707652591620532,0.0],[101.69365544790959,12.707471934314917,0.0]]],[[[101.6932855170706,12.707295016090468,0.0],[101.69291749052915,12.707298754664937,0.0],[101.6929183456998,12.707379900685048,0.0],[101.69311106244068,12.707477465072074,0.0],[101.69328742122596,12.7074756734537,0.0],[101.6932855170706,12.707295016090468,0.0]]],[[[101.69273157347756,12.707119966312865,0.0],[101.69254756026326,12.707121835254265,0.0],[101.69254830553872,12.707192564245673,0.0],[101.69273332556122,12.707286232543932,0.0],[101.69273157347756,12.707119966312865,0.0]]],[[[101.69254565668538,12.706941177775837,0.0],[101.69217763042828,12.706944915221706,0.0],[101.69217826584197,12.707005227177758,0.0],[101.69241132995795,12.707123218803407,0.0],[101.69254756026326,12.707121835254265,0.0],[101.69254565668538,12.706941177775837,0.0]]],[[[101.69217572713913,12.70676425768569,0.0],[101.69199171409633,12.706766126190166,0.0],[101.6919898109662,12.70658546862399,0.0],[101.69162178505212,12.70658920519603,0.0],[101.69162320716747,12.706724220397422,0.0],[101.69171159913549,12.706768970287271,0.0],[101.69180770102425,12.706767994567285,0.0],[101.69180822660955,12.706817889481329,0.0],[101.69206146433918,12.706946094826263,0.0],[101.69217763042828,12.706944915221706,0.0],[101.69217572713913,12.70676425768569,0.0]]],[[[101.69033749738492,12.706963594809551,0.0],[101.69033939940626,12.707144252616976,0.0],[101.69041849234682,12.707143449978801,0.0],[101.69051686790678,12.706961774542181,0.0],[101.69033749738492,12.706963594809551,0.0]]],[[[101.69015538581111,12.707146119902692,0.0],[101.69015918968223,12.707507435564143,0.0],[101.69022174086452,12.707506800819973,0.0],[101.69034089962524,12.707286744465293,0.0],[101.69033939940626,12.707144252616976,0.0],[101.69015538581111,12.707146119902692,0.0]]],[[[101.68997517579837,12.707509302777304,0.0],[101.68997897952718,12.707870618482621,0.0],[101.69002498889907,12.707870151618378,0.0],[101.6901603760927,12.707620126033884,0.0],[101.69015918968223,12.707507435564143,0.0],[101.68997517579837,12.707509302777304,0.0]]],[[[101.69679548621457,12.70855968541075,0.0],[101.69675091491436,12.708524521668172,0.0],[101.69661109671266,12.708525944021492,0.0],[101.6966130034083,12.708706600871428,0.0],[101.6967970171448,12.708704728880905,0.0],[101.69679548621457,12.70855968541075,0.0]]],[[[101.6962430694111,12.70852968756548,0.0],[101.69605905571628,12.708531559146417,0.0],[101.69606096202276,12.708712216078748,0.0],[101.69587694816887,12.708714087559773,0.0],[101.69587504199214,12.708533430599974,0.0],[101.69569102823863,12.708535301926164,0.0],[101.69568912222095,12.708354644936174,0.0],[101.69550510856784,12.708356516107528,0.0],[101.69550701445579,12.708537173124983,0.0],[101.69532300064361,12.708539044196424,0.0],[101.69532352957482,12.70858918392988,0.0],[101.69558153599336,12.708717091731124,0.0],[101.69569293428565,12.708715958913423,0.0],[101.69569353204054,12.708772614128698,0.0],[101.69593865892286,12.708894136290544,0.0],[101.69606286835858,12.708892873008343,0.0],[101.69606353495801,12.708956043701278,0.0],[101.69629578227321,12.70907118026655,0.0],[101.69643280286238,12.70906978648117,0.0],[101.69643353832723,12.709139472647587,0.0],[101.69665290604442,12.709248223659118,0.0],[101.69680273779706,12.709246699331871,0.0],[101.69680083088362,12.709066042517623,0.0],[101.69661681688767,12.709067914563084,0.0],[101.69661491013332,12.708887257718622,0.0],[101.69624688231283,12.70889100137248,0.0],[101.6962430694111,12.70852968756548,0.0]]],[[[101.69716695164388,12.708881641282515,0.0],[101.6971660725071,12.70879836292055,0.0],[101.69699962291945,12.708720735223283,0.0],[101.69697701308571,12.708702897640302,0.0],[101.6967970171448,12.708704728880905,0.0],[101.69679892399952,12.708885385700631,0.0],[101.69716695164388,12.708881641282515,0.0]]],[[[101.69680273779706,12.709246699331871,0.0],[101.6968035421482,12.709322900967617,0.0],[101.69701003023646,12.70942526646823,0.0],[101.6971726731626,12.709423611560434,0.0],[101.69717076596034,12.70924295480386,0.0],[101.69680273779706,12.709246699331871,0.0]]],[[[101.69735668732994,12.709421739077882,0.0],[101.6971726731626,12.709423611560434,0.0],[101.69717354642091,12.709506328661337,0.0],[101.6973492986087,12.709593456596442,0.0],[101.69735851521732,12.709594868440695,0.0],[101.69735668732994,12.709421739077882,0.0]]]]},"properties":{"plot":"13-STC","province":"ระยอง","date":"2026-09-29","class":"wetness","analysis_status":"AUTO_VALID","qa_valid_pct":100.0,"area_rai":210.087,"source":"original Sentinel-2 GeoTIFF, clipped to native PDD MultiPolygon"}},{"type":"Feature","geometry":{"type":"MultiPolygon","coordinates":[[[[101.70776486578642,12.719072052810452,0.0],[101.70776103343867,12.718710742728765,0.0],[101.70757701417001,12.718712623778782,0.0],[101.7075789301993,12.718893278848576,0.0],[101.70739491077133,12.718895159798695,0.0],[101.70740065864658,12.719437125074377,0.0],[101.70758467846406,12.719435244041515,0.0],[101.7075808462581,12.719073933915631,0.0],[101.70776486578642,12.719072052810452,0.0]]],[[[101.70813482123242,12.719248945199219,0.0],[101.7079508016332,12.719250826586938,0.0],[101.70795271801062,12.719431481593343,0.0],[101.70850477710933,12.719425836964982,0.0],[101.70850094360496,12.719064527114961,0.0],[101.70813290475466,12.719068290217658,0.0],[101.70813482123242,12.719248945199219,0.0]]],[[[101.70721855468713,12.719619661093747,0.0],[101.70740257466393,12.719617780160785,0.0],[101.70740065864658,12.719437125074377,0.0],[101.70721663879962,12.71943900597976,0.0],[101.70721855468713,12.719619661093747,0.0]]],[[[101.70482820653638,12.719824757090839,0.0],[101.70482629230737,12.719644101621233,0.0],[101.70467685523045,12.719645627627171,0.0],[101.70476126131585,12.719825440735013,0.0],[101.70482820653638,12.719824757090839,0.0]]],[[[101.70482976002444,12.719971365567584,0.0],[101.70484566754122,12.720005253789784,0.0],[101.70501414141434,12.720003533226917,0.0],[101.70501222702603,12.719822877787612,0.0],[101.70482820653638,12.719824757090839,0.0],[101.70482976002444,12.719971365567584,0.0]]],[[[101.70648438988282,12.719807838772303,0.0],[101.70519624748621,12.7198209983569,0.0],[101.70520007655196,12.720182309177657,0.0],[101.7061201797096,12.720172909836181,0.0],[101.70611826451275,12.719992254564984,0.0],[101.7064863053099,12.719988493991101,0.0],[101.70648438988282,12.719807838772303,0.0]]]]},"properties":{"plot":"14-VSD","province":"ระยอง","date":"2026-08-03","class":"water","analysis_status":"AUTO_VALID","qa_valid_pct":100.0,"area_rai":6.145,"source":"original Sentinel-2 GeoTIFF, clipped to native PDD MultiPolygon"}},{"type":"Feature","geometry":{"type":"MultiPolygon","coordinates":[[[[101.70757509817018,12.718531968706243,0.0],[101.7075739243,12.718421285900094,0.0],[101.70748704099438,12.718400973999767,0.0],[101.70744291759473,12.718533319762,0.0],[101.70757509817018,12.718531968706243,0.0]]],[[[101.70739682670028,12.719075814893332,0.0],[101.70739491077133,12.718895159798695,0.0],[101.70732203347234,12.718895904676918,0.0],[101.7072615913183,12.719077197136347,0.0],[101.70739682670028,12.719075814893332,0.0]]],[[[101.7079508016332,12.719250826586938,0.0],[101.70794888528528,12.719070171577792,0.0],[101.70776486578642,12.719072052810452,0.0],[101.70776678200451,12.71925270784718,0.0],[101.7079508016332,12.719250826586938,0.0]]],[[[101.70721855468713,12.719619661093747,0.0],[101.70721663879962,12.71943900597976,0.0],[101.70714070682449,12.719439782059132,0.0],[101.70708026448472,12.719621074522488,0.0],[101.70721855468713,12.719619661093747,0.0]]],[[[101.70664689152173,12.719806178220638,0.0],[101.7065849809944,12.719661024999748,0.0],[101.70629866905756,12.71964931496466,0.0],[101.70630036962882,12.719809719095416,0.0],[101.70664689152173,12.719806178220638,0.0]]],[[[101.70721445831515,12.719981052350173,0.0],[101.70703902030617,12.72004452359485,0.0],[101.7070402821307,12.720163507307474,0.0],[101.70685858133272,12.72016536436149,0.0],[101.7068530339944,12.720169973999713,0.0],[101.7068088889204,12.720165872215901,0.0],[101.70671823782507,12.720166798642365,0.0],[101.70667296572898,12.720235592103577,0.0],[101.70667415686653,12.72034792388717,0.0],[101.7067482180851,12.720347167008784,0.0],[101.70673702799442,12.720314980999719,0.0],[101.7068259599944,12.720310957999684,0.0],[101.70684736113247,12.720346153770942,0.0],[101.70708066142342,12.720343769305272,0.0],[101.70740902394387,12.720225841488139,0.0],[101.70740832289287,12.720159745403567,0.0],[101.70759847618076,12.720157801564245,0.0],[101.70777570762236,12.720094150474273,0.0],[101.70777444717164,12.71997532796668,0.0],[101.70721445831515,12.719981052350173,0.0]]],[[[101.70703836628462,12.71998285217413,0.0],[101.70703862082074,12.720006853874937,0.0],[101.70710868049476,12.719982133511687,0.0],[101.70703836628462,12.71998285217413,0.0]]],[[[101.70649205176792,12.720530459631064,0.0],[101.70649013625244,12.720349804420485,0.0],[101.7061767904604,12.720353006252465,0.0],[101.70612228646519,12.720371631106214,0.0],[101.70612401019167,12.720534220370354,0.0],[101.70575596849758,12.720537980599673,0.0],[101.70575553362143,12.720496955855623,0.0],[101.70538878032364,12.720622280168007,0.0],[101.70538984145148,12.720722395692245,0.0],[101.70520582037146,12.720724275388237,0.0],[101.70520634321502,12.720773607787951,0.0],[101.70526770076724,12.720904318267685,0.0],[101.70544714269448,12.72090248528113,0.0],[101.70575875392825,12.720800745298552,0.0],[101.7057578835231,12.720718635917775,0.0],[101.7060183910356,12.720715974365516,0.0],[101.70630897207647,12.720621099960807,0.0],[101.70630803099452,12.720532340064453,0.0],[101.70649205176792,12.720530459631064,0.0]]],[[[101.70575405350152,12.720357325278828,0.0],[101.7053860119493,12.72036108494305,0.0],[101.70538830315988,12.720577260334208,0.0],[101.70547609851121,12.720547554403652,0.0],[101.70575506940605,12.720453163190362,0.0],[101.70575405350152,12.720357325278828,0.0]]],[[[101.70812907188757,12.718706980246317,0.0],[101.70812806892837,12.718612433215789,0.0],[101.70795305214065,12.718528105166023,0.0],[101.70775911730902,12.718530087683812,0.0],[101.70776103343867,12.718710742728765,0.0],[101.70812907188757,12.718706980246317,0.0]]],[[[101.708499026897,12.718883872185835,0.0],[101.70849803831265,12.718790694339209,0.0],[101.70832023847345,12.718705025735439,0.0],[101.70812907188757,12.718706980246317,0.0],[101.70813098830637,12.71888763523336,0.0],[101.708499026897,12.718883872185835,0.0]]],[[[101.70886898233731,12.719060763502354,0.0],[101.70886819301738,12.71898637839184,0.0],[101.70868310688536,12.718887714777166,0.0],[101.70868496298588,12.719062645372397,0.0],[101.70886898233731,12.719060763502354,0.0]]],[[[101.70886898233731,12.719060763502354,0.0],[101.70887089933444,12.71924141837355,0.0],[101.70905491878622,12.719239536348432,0.0],[101.70905683594266,12.719420191189293,0.0],[101.70924085549478,12.719418309009106,0.0],[101.70924469015584,12.719779618627397,0.0],[101.70937575950809,12.719778277914626,0.0],[101.70941202899438,12.719415015999713,0.0],[101.70926230116439,12.71923741523014,0.0],[101.7092389382085,12.71923765419584,0.0],[101.70923863778427,12.71920934670199,0.0],[101.70919959821654,12.719163039551528,0.0],[101.70900512272853,12.71905937118326,0.0],[101.70886898233731,12.719060763502354,0.0]]],[[[101.70854962429914,12.719786727395777,0.0],[101.70855497899436,12.71976998999971,0.0],[101.70859797899438,12.719774012999764,0.0],[101.70860113064721,12.719786200678454,0.0],[101.70869263063193,12.719785264951101,0.0],[101.70869071367619,12.719604610060536,0.0],[101.70850669390575,12.719606491885875,0.0],[101.70850861073164,12.719787146804036,0.0],[101.70854962429914,12.719786727395777,0.0]]],[[[101.708116289999,12.719971832959331,0.0],[101.70814239082992,12.719962459027212,0.0],[101.70814057084262,12.719790910127447,0.0],[101.70795655085386,12.719792791597927,0.0],[101.70795846731971,12.719973446596105,0.0],[101.708116289999,12.719971832959331,0.0]]],[[[101.70933964415293,12.720139996154062,0.0],[101.70935770183003,12.719959137033468,0.0],[101.70924660753062,12.719960273432433,0.0],[101.70924852493488,12.720140928234724,0.0],[101.70933964415293,12.720139996154062,0.0]]]]},"properties":{"plot":"14-VSD","province":"ระยอง","date":"2026-08-03","class":"vegetation","analysis_status":"AUTO_VALID","qa_valid_pct":100.0,"area_rai":8.242,"source":"original Sentinel-2 GeoTIFF, clipped to native PDD MultiPolygon"}},{"type":"Feature","geometry":{"type":"MultiPolygon","coordinates":[[[[101.70776103343867,12.718710742728765,0.0],[101.70775911730902,12.718530087683812,0.0],[101.70757509817018,12.718531968706243,0.0],[101.70757701417001,12.718712623778782,0.0],[101.70776103343867,12.718710742728765,0.0]]],[[[101.70776103343867,12.718710742728765,0.0],[101.70776294959781,12.718891397770978,0.0],[101.70794696896682,12.718889516565907,0.0],[101.70794505267786,12.718708861551278,0.0],[101.70776103343867,12.718710742728765,0.0]]],[[[101.70813482123242,12.719248945199219,0.0],[101.70813290475466,12.719068290217658,0.0],[101.70850094360496,12.719064527114961,0.0],[101.708499026897,12.718883872185835,0.0],[101.70794696896682,12.718889516565907,0.0],[101.7079508016332,12.719250826586938,0.0],[101.70813482123242,12.719248945199219,0.0]]],[[[101.70850094360496,12.719064527114961,0.0],[101.70850477710933,12.719425836964982,0.0],[101.70887281636104,12.719422073242004,0.0],[101.70886898233731,12.719060763502354,0.0],[101.70850094360496,12.719064527114961,0.0]]],[[[101.70832075743924,12.719427718635252,0.0],[101.70740065864658,12.719437125074377,0.0],[101.70740257466393,12.719617780160785,0.0],[101.70708026448472,12.719621074522488,0.0],[101.7070419619944,12.719735959999735,0.0],[101.70703575619557,12.719736728769208,0.0],[101.707036450468,12.71980219703805,0.0],[101.70758851078794,12.71979655415643,0.0],[101.70758868273978,12.719812765452378,0.0],[101.70799900799442,12.719667981999688,0.0],[101.70800797599438,12.719693965999726,0.0],[101.70758903034005,12.719845536483602,0.0],[101.7075904269941,12.719977209209775,0.0],[101.70777444717164,12.71997532796668,0.0],[101.70777253083565,12.71979467294092,0.0],[101.70832459080187,12.719789028529483,0.0],[101.70832075743924,12.719427718635252,0.0]]],[[[101.70887665050272,12.719783382970684,0.0],[101.70906067034403,12.719781500862783,0.0],[101.7090587531286,12.719600846027408,0.0],[101.70887473341715,12.719602728107713,0.0],[101.70887665050272,12.719783382970684,0.0]]],[[[101.7064863053099,12.719988493991101,0.0],[101.70666306200624,12.719986687741656,0.0],[101.70667013300717,12.719968444246764,0.0],[101.70666896109209,12.719857921695219,0.0],[101.70664689152173,12.719806178220638,0.0],[101.70648438988282,12.719807838772303,0.0],[101.7064863053099,12.719988493991101,0.0]]],[[[101.70648822076643,12.720169149207164,0.0],[101.7064863053099,12.719988493991101,0.0],[101.70611826451275,12.719992254564984,0.0],[101.7061201797096,12.720172909836181,0.0],[101.70520007655196,12.720182309177657,0.0],[101.70519624748621,12.7198209983569,0.0],[101.70538026791696,12.7198191187987,0.0],[101.70537835329841,12.719638463411764,0.0],[101.70482629230737,12.719644101621233,0.0],[101.70482820653638,12.719824757090839,0.0],[101.70501222702603,12.719822877787612,0.0],[101.70501414141434,12.720003533226917,0.0],[101.70484566754122,12.720005253789784,0.0],[101.70493007390652,12.7201850667915,0.0],[101.70501605583208,12.720184188663483,0.0],[101.70501805127151,12.720372486809783,0.0],[101.70509008062274,12.720525932157162,0.0],[101.70509888705698,12.720544692635727,0.0],[101.70538792668566,12.72054174031902,0.0],[101.7053860119493,12.72036108494305,0.0],[101.70604716536249,12.720354330680125,0.0],[101.70630521793018,12.720267016653846,0.0],[101.70630420025275,12.720171029585417,0.0],[101.70648822076643,12.720169149207164,0.0]]],[[[101.70630611560891,12.720351684826309,0.0],[101.70630566271682,12.720308968567632,0.0],[101.7061767904604,12.720353006252465,0.0],[101.70630611560891,12.720351684826309,0.0]]],[[[101.70888048476236,12.7201446926884,0.0],[101.7088785676178,12.719964037830911,0.0],[101.70869454761716,12.719965919838922,0.0],[101.70869646463188,12.720146574724003,0.0],[101.70888048476236,12.7201446926884,0.0]]]]},"properties":{"plot":"14-VSD","province":"ระยอง","date":"2026-08-03","class":"bare_soil","analysis_status":"AUTO_VALID","qa_valid_pct":100.0,"area_rai":10.436,"source":"original Sentinel-2 GeoTIFF, clipped to native PDD MultiPolygon"}},{"type":"Feature","geometry":{"type":"MultiPolygon","coordinates":[[[[101.70794313641838,12.718528206533906,0.0],[101.70794505267786,12.718708861551278,0.0],[101.70812907188757,12.718706980246317,0.0],[101.70812806892837,12.718612433215789,0.0],[101.70795305214065,12.718528105166023,0.0],[101.70794313641838,12.718528206533906,0.0]]],[[[101.70732203347234,12.718895904676918,0.0],[101.7072615913183,12.719077197136347,0.0],[101.70739682670028,12.719075814893332,0.0],[101.70739491077133,12.718895159798695,0.0],[101.70732203347234,12.718895904676918,0.0]]],[[[101.70905491878622,12.719239536348432,0.0],[101.7092389382085,12.71923765419584,0.0],[101.70923863778427,12.71920934670199,0.0],[101.70919959821654,12.719163039551528,0.0],[101.70905327927356,12.719085041847471,0.0],[101.70905491878622,12.719239536348432,0.0]]],[[[101.70924085549478,12.719418309009106,0.0],[101.70941187486709,12.719416559682186,0.0],[101.70941202899438,12.719415015999713,0.0],[101.70926230116439,12.71923741523014,0.0],[101.7092389382085,12.71923765419584,0.0],[101.70924085549478,12.719418309009106,0.0]]],[[[101.70722568192801,12.720291686832619,0.0],[101.70740902394387,12.720225841488139,0.0],[101.70740832289287,12.720159745403567,0.0],[101.70722430252653,12.720161626419264,0.0],[101.70722568192801,12.720291686832619,0.0]]]]},"properties":{"plot":"14-VSD","province":"ระยอง","date":"2026-08-03","class":"wetness","analysis_status":"AUTO_VALID","qa_valid_pct":100.0,"area_rai":0.744,"source":"original Sentinel-2 GeoTIFF, clipped to native PDD MultiPolygon"}},{"type":"Feature","geometry":{"type":"MultiPolygon","coordinates":[[[[101.70924852493488,12.720140928234724,0.0],[101.70933964415293,12.720139996154062,0.0],[101.70941187486709,12.719416559682186,0.0],[101.70905683594266,12.719420191189293,0.0],[101.70905327927356,12.719085041847471,0.0],[101.70900512272853,12.71905937118326,0.0],[101.70886898233731,12.719060763502354,0.0],[101.70886819301738,12.71898637839184,0.0],[101.70867256947083,12.718882097605045,0.0],[101.708499026897,12.718883872185835,0.0],[101.70849803831265,12.718790694339209,0.0],[101.70832023847345,12.718705025735439,0.0],[101.70794505267786,12.718708861551278,0.0],[101.70794313641838,12.718528206533906,0.0],[101.70744291759473,12.718533319762,0.0],[101.70739267167718,12.718684029567413,0.0],[101.70739491077133,12.718895159798695,0.0],[101.70732203347234,12.718895904676918,0.0],[101.70721430590972,12.719219026632382,0.0],[101.70721663879962,12.71943900597976,0.0],[101.70714070682449,12.719439782059132,0.0],[101.7070419619944,12.719735959999735,0.0],[101.70703575619557,12.719736728769208,0.0],[101.707036450468,12.71980219703805,0.0],[101.70685243030242,12.719804077743616,0.0],[101.70685434598917,12.719984732907275,0.0],[101.70710868049476,12.719982133511687,0.0],[101.70763600257375,12.71979606866567,0.0],[101.70758851078794,12.71979655415643,0.0],[101.70758659461127,12.71961589910034,0.0],[101.70777061452912,12.719614017912413,0.0],[101.70777203648038,12.71974806909425,0.0],[101.70799900799442,12.719667981999688,0.0],[101.70800797599438,12.719693965999726,0.0],[101.70777236678126,12.719779207230212,0.0],[101.70777253083565,12.71979467294092,0.0],[101.70772837121393,12.719795124391242,0.0],[101.70721445831515,12.719981052350173,0.0],[101.70722238655058,12.7199809713135,0.0],[101.70722430252653,12.720161626419264,0.0],[101.7070402821307,12.720163507307474,0.0],[101.70704219800626,12.720344162438073,0.0],[101.70708066142342,12.720343769305272,0.0],[101.70740902394387,12.720225841488139,0.0],[101.70740832289287,12.720159745403567,0.0],[101.70759847618076,12.720157801564245,0.0],[101.70777570762236,12.720094150474273,0.0],[101.70777444717164,12.71997532796668,0.0],[101.708116289999,12.719971832959331,0.0],[101.70832573225711,12.71989661314124,0.0],[101.70832459080187,12.719789028529483,0.0],[101.70854962429914,12.719786727395777,0.0],[101.70855497899436,12.71976998999971,0.0],[101.70859797899438,12.719774012999764,0.0],[101.70860113064721,12.719786200678454,0.0],[101.70869263063193,12.719785264951101,0.0],[101.70869655635322,12.720155218253739,0.0],[101.70878752339186,12.720506992401292,0.0],[101.70888431913998,12.720506002395142,0.0],[101.70888623637302,12.720686657244402,0.0],[101.70925427732463,12.720682892625147,0.0],[101.70924852493488,12.720140928234724,0.0]]],[[[101.7057578835231,12.720718635917775,0.0],[101.7060183910356,12.720715974365516,0.0],[101.70630897207647,12.720621099960807,0.0],[101.70630803099452,12.720532340064453,0.0],[101.70649205176792,12.720530459631064,0.0],[101.70649013625244,12.720349804420485,0.0],[101.70630611560891,12.720351684826309,0.0],[101.70630566271682,12.720308968567632,0.0],[101.70593891010006,12.720434293535545,0.0],[101.70593998935935,12.720536100548758,0.0],[101.70575596849758,12.720537980599673,0.0],[101.70575553362143,12.720496955855623,0.0],[101.70538878032364,12.720622280168007,0.0],[101.70538984145148,12.720722395692245,0.0],[101.70520582037146,12.720724275388237,0.0],[101.70520634321502,12.720773607787951,0.0],[101.70526770076724,12.720904318267685,0.0],[101.70544714269448,12.72090248528113,0.0],[101.70575875392825,12.720800745298552,0.0],[101.7057578835231,12.720718635917775,0.0]]],[[[101.70630420025275,12.720171029585417,0.0],[101.70659275571126,12.720168080980008,0.0],[101.70667013300717,12.719968444246764,0.0],[101.70666896109209,12.719857921695219,0.0],[101.7065849809944,12.719661024999748,0.0],[101.70590245938524,12.719633109642084,0.0],[101.70467685523045,12.719645627627171,0.0],[101.70476126131585,12.719825440735013,0.0],[101.70482820653638,12.719824757090839,0.0],[101.70482976002444,12.719971365567584,0.0],[101.70493007390652,12.7201850667915,0.0],[101.70501605583208,12.720184188663483,0.0],[101.70501805127151,12.720372486809783,0.0],[101.70509008062274,12.720525932157162,0.0],[101.70509888705698,12.720544692635727,0.0],[101.70538792668566,12.72054174031902,0.0],[101.70538830315988,12.720577260334208,0.0],[101.70547609851121,12.720547554403652,0.0],[101.70575506940605,12.720453163190362,0.0],[101.70575405350152,12.720357325278828,0.0],[101.70593807423344,12.720355445255478,0.0],[101.70593845236012,12.720391114454289,0.0],[101.70630521793018,12.720267016653846,0.0],[101.70630420025275,12.720171029585417,0.0]]]]},"properties":{"plot":"14-VSD","province":"ระยอง","date":"2026-09-29","class":"water","analysis_status":"AUTO_VALID","qa_valid_pct":100.0,"area_rai":34.03,"source":"original Sentinel-2 GeoTIFF, clipped to native PDD MultiPolygon"}},{"type":"Feature","geometry":{"type":"MultiPolygon","coordinates":[[[[101.70757509817018,12.718531968706243,0.0],[101.7075739243,12.718421285900094,0.0],[101.70748704099438,12.718400973999767,0.0],[101.70744291759473,12.718533319762,0.0],[101.70757509817018,12.718531968706243,0.0]]],[[[101.70794313641838,12.718528206533906,0.0],[101.70794505267786,12.718708861551278,0.0],[101.70812907188757,12.718706980246317,0.0],[101.70812806892837,12.718612433215789,0.0],[101.70795305214065,12.718528105166023,0.0],[101.70794313641838,12.718528206533906,0.0]]],[[[101.70905491878622,12.719239536348432,0.0],[101.7092389382085,12.71923765419584,0.0],[101.70923863778427,12.71920934670199,0.0],[101.70919959821654,12.719163039551528,0.0],[101.70905327927356,12.719085041847471,0.0],[101.70905491878622,12.719239536348432,0.0]]],[[[101.70924085549478,12.719418309009106,0.0],[101.70941187486709,12.719416559682186,0.0],[101.70941202899438,12.719415015999713,0.0],[101.70926230116439,12.71923741523014,0.0],[101.7092389382085,12.71923765419584,0.0],[101.70924085549478,12.719418309009106,0.0]]],[[[101.70667415686653,12.72034792388717,0.0],[101.7067482180851,12.720347167008784,0.0],[101.70673702799442,12.720314980999719,0.0],[101.7068259599944,12.720310957999684,0.0],[101.70684736113247,12.720346153770942,0.0],[101.70704219800626,12.720344162438073,0.0],[101.7070402821307,12.720163507307474,0.0],[101.70685858133272,12.72016536436149,0.0],[101.7068530339944,12.720169973999713,0.0],[101.7068088889204,12.720165872215901,0.0],[101.70671823782507,12.720166798642365,0.0],[101.70667296572898,12.720235592103577,0.0],[101.70667415686653,12.72034792388717,0.0]]]]},"properties":{"plot":"14-VSD","province":"ระยอง","date":"2026-09-29","class":"vegetation","analysis_status":"AUTO_VALID","qa_valid_pct":100.0,"area_rai":1.032,"source":"original Sentinel-2 GeoTIFF, clipped to native PDD MultiPolygon"}},{"type":"Feature","geometry":{"type":"MultiPolygon","coordinates":[[[[101.70777061452912,12.719614017912413,0.0],[101.70758659461127,12.71961589910034,0.0],[101.70758851078794,12.71979655415643,0.0],[101.70763600257375,12.71979606866567,0.0],[101.70777203648038,12.71974806909425,0.0],[101.70777061452912,12.719614017912413,0.0]]],[[[101.70777253083565,12.71979467294092,0.0],[101.70777236678126,12.719779207230212,0.0],[101.70772837121393,12.719795124391242,0.0],[101.70777253083565,12.71979467294092,0.0]]]]},"properties":{"plot":"14-VSD","province":"ระยอง","date":"2026-09-29","class":"bare_soil","analysis_status":"AUTO_VALID","qa_valid_pct":100.0,"area_rai":0.229,"source":"original Sentinel-2 GeoTIFF, clipped to native PDD MultiPolygon"}},{"type":"Feature","geometry":{"type":"MultiPolygon","coordinates":[[[[101.70757509817018,12.718531968706243,0.0],[101.7075739243,12.718421285900094,0.0],[101.70748704099438,12.718400973999767,0.0],[101.70744291759473,12.718533319762,0.0],[101.70757509817018,12.718531968706243,0.0]]],[[[101.7092389382085,12.71923765419584,0.0],[101.70923863778427,12.71920934670199,0.0],[101.70919959821654,12.719163039551528,0.0],[101.70900512272853,12.71905937118326,0.0],[101.70886898233731,12.719060763502354,0.0],[101.70886819301738,12.71898637839184,0.0],[101.70867256947083,12.718882097605045,0.0],[101.708499026897,12.718883872185835,0.0],[101.70849803831265,12.718790694339209,0.0],[101.70832023847345,12.718705025735439,0.0],[101.70812907188757,12.718706980246317,0.0],[101.70812806892837,12.718612433215789,0.0],[101.70795305214065,12.718528105166023,0.0],[101.70775911730902,12.718530087683812,0.0],[101.70776103343867,12.718710742728765,0.0],[101.70739299487187,12.718714504701321,0.0],[101.70739491077133,12.718895159798695,0.0],[101.70732203347234,12.718895904676918,0.0],[101.70721430590972,12.719219026632382,0.0],[101.70721472294157,12.719258350863027,0.0],[101.7073987426587,12.719256469985224,0.0],[101.70740065864658,12.719437125074377,0.0],[101.70776869825208,12.719433362881169,0.0],[101.70777061452912,12.719614017912413,0.0],[101.7079546344175,12.719612136597004,0.0],[101.70795539010477,12.719683372627484,0.0],[101.70799900799442,12.719667981999688,0.0],[101.70800797599438,12.719693965999726,0.0],[101.7079557031041,12.719712877868663,0.0],[101.70795655085386,12.719792791597927,0.0],[101.70777253083565,12.71979467294092,0.0],[101.70777444717164,12.71997532796668,0.0],[101.708116289999,12.719971832959331,0.0],[101.70832573225711,12.71989661314124,0.0],[101.70832459080187,12.719789028529483,0.0],[101.70854962429914,12.719786727395777,0.0],[101.70855497899436,12.71976998999971,0.0],[101.70859797899438,12.719774012999764,0.0],[101.70860113064721,12.719786200678454,0.0],[101.70887665050272,12.719783382970684,0.0],[101.7088785676178,12.719964037830911,0.0],[101.70869454761716,12.719965919838922,0.0],[101.70869655635322,12.720155218253739,0.0],[101.70878752339186,12.720506992401292,0.0],[101.70888431913998,12.720506002395142,0.0],[101.70888623637302,12.720686657244402,0.0],[101.70925427732463,12.720682892625147,0.0],[101.70924852493488,12.720140928234724,0.0],[101.70933964415293,12.720139996154062,0.0],[101.70941202899438,12.719415015999713,0.0],[101.70926230116439,12.71923741523014,0.0],[101.7092389382085,12.71923765419584,0.0]]],[[[101.70482820653638,12.719824757090839,0.0],[101.70482629230737,12.719644101621233,0.0],[101.70467685523045,12.719645627627171,0.0],[101.70476126131585,12.719825440735013,0.0],[101.70482820653638,12.719824757090839,0.0]]],[[[101.70630036962882,12.719809719095416,0.0],[101.70664689152173,12.719806178220638,0.0],[101.7065849809944,12.719661024999748,0.0],[101.70590245938524,12.719633109642084,0.0],[101.70537835329841,12.719638463411764,0.0],[101.70538026791696,12.7198191187987,0.0],[101.70519624748621,12.7198209983569,0.0],[101.70519433299751,12.719640342942403,0.0],[101.70501031266717,12.71964222234556,0.0],[101.70501414141434,12.720003533226917,0.0],[101.70519816200436,12.720001653768646,0.0],[101.70520007655196,12.720182309177657,0.0],[101.70593615913698,12.720174789959456,0.0],[101.70593424407,12.71999413466069,0.0],[101.70630228492605,12.719990374341789,0.0],[101.70630036962882,12.719809719095416,0.0]]],[[[101.70648822076643,12.720169149207164,0.0],[101.70659275571126,12.720168080980008,0.0],[101.70666306200624,12.719986687741656,0.0],[101.7064863053099,12.719988493991101,0.0],[101.70648822076643,12.720169149207164,0.0]]],[[[101.70777444717164,12.71997532796668,0.0],[101.70721445831515,12.719981052350173,0.0],[101.70703902030617,12.72004452359485,0.0],[101.7070402821307,12.720163507307474,0.0],[101.70685858133272,12.72016536436149,0.0],[101.7068530339944,12.720169973999713,0.0],[101.7068088889204,12.720165872215901,0.0],[101.70671823782507,12.720166798642365,0.0],[101.70667296572898,12.720235592103577,0.0],[101.70667415686653,12.72034792388717,0.0],[101.7067482180851,12.720347167008784,0.0],[101.70673702799442,12.720314980999719,0.0],[101.7068259599944,12.720310957999684,0.0],[101.70684736113247,12.720346153770942,0.0],[101.70708066142342,12.720343769305272,0.0],[101.70740902394387,12.720225841488139,0.0],[101.70740832289287,12.720159745403567,0.0],[101.70759847618076,12.720157801564245,0.0],[101.70777570762236,12.720094150474273,0.0],[101.70777444717164,12.71997532796668,0.0]]],[[[101.70703836628462,12.71998285217413,0.0],[101.70703862082074,12.720006853874937,0.0],[101.70710868049476,12.719982133511687,0.0],[101.70703836628462,12.71998285217413,0.0]]],[[[101.70630803099452,12.720532340064453,0.0],[101.7056317643839,12.720539249459968,0.0],[101.70538878032364,12.720622280168007,0.0],[101.70538984145148,12.720722395692245,0.0],[101.70520582037146,12.720724275388237,0.0],[101.70520634321502,12.720773607787951,0.0],[101.70526770076724,12.720904318267685,0.0],[101.70544714269448,12.72090248528113,0.0],[101.70575875392825,12.720800745298552,0.0],[101.7057578835231,12.720718635917775,0.0],[101.7060183910356,12.720715974365516,0.0],[101.70630897207647,12.720621099960807,0.0],[101.70630803099452,12.720532340064453,0.0]]],[[[101.70557003274013,12.720359205174685,0.0],[101.7053860119493,12.72036108494305,0.0],[101.70538830315988,12.720577260334208,0.0],[101.70547609851121,12.720547554403652,0.0],[101.7055716863393,12.720515211817,0.0],[101.70557003274013,12.720359205174685,0.0]]]]},"properties":{"plot":"14-VSD","province":"ระยอง","date":"2026-09-29","class":"wetness","analysis_status":"AUTO_VALID","qa_valid_pct":100.0,"area_rai":26.17,"source":"original Sentinel-2 GeoTIFF, clipped to native PDD MultiPolygon"}}]}
