{"type":"FeatureCollection","name":"Canonical 136 PDD plots MOC1+MOC2+Standard","source":"Native MOC.zip PDD shapefiles excluding MOC3","features":[{"type":"Feature","geometry":{"type":"Polygon","coordinates":[[[99.11832599155134,7.982264184244753,0.0],[99.12019470991801,7.980418355422763,0.0],[99.12031206874703,7.978355936577281,0.0],[99.11508587588806,7.975263226990706,0.0],[99.11533802732818,7.973002388449532,0.0],[99.11387627826771,7.969900169857023,0.0],[99.11323221979114,7.97056067063846,0.0],[99.11277054562424,7.974540838888638,0.0],[99.11355789016017,7.975595892870393,0.0],[99.11429606021505,7.978502369588748,0.0],[99.11540344940973,7.979795575805235,0.0],[99.11485038433786,7.9814058362104054,0.0],[99.11741839394382,7.981595072454693,0.0],[99.11764539272076,7.982110604320986,0.0],[99.11832599155134,7.982264184244753,0.0]]]},"properties":{"plot":"100-VSD","province":"กระบี่","source_group":"MOC_2","source_path":"VSD/Shapefile/VSD PDD/VSD 32647/MOC_2.shp","source_crs":"EPSG:32647","pdd_area_rai":291.51,"geometry_area_rai":291.51,"geometry_parts":1,"boundary_role":"primary","pdd_verified_geometry":true}},{"type":"Feature","geometry":{"type":"Polygon","coordinates":[[[98.70220015187085,8.291572049392803,0.0],[98.70226031878492,8.291495398790124,0.0],[98.70150785197512,8.29010416041097,0.0],[98.70083257304196,8.289433856911407,0.0],[98.69998083190104,8.288972081429858,0.0],[98.69919449863706,8.288365742487898,0.0],[98.69874145293252,8.288183656844389,0.0],[98.69823564447749,8.288175665774594,0.0],[98.69689729480221,8.28789382406424,0.0],[98.6964818893984,8.288192184690903,0.0],[98.69688195687519,8.290049363119614,0.0],[98.69691305571726,8.289838339691425,0.0],[98.69712692998925,8.289872143492293,0.0],[98.69718336959941,8.289675944982411,0.0],[98.69692447674669,8.289625286331145,0.0],[98.6968234477547,8.289243940659627,0.0],[98.69711053223593,8.289232944916224,0.0],[98.69770766220408,8.28862785298771,0.0],[98.69800594849556,8.288689754724684,0.0],[98.69802859680311,8.288515958072203,0.0],[98.6985578485282,8.288342544456404,0.0],[98.69916561078598,8.288556065226437,0.0],[98.69989124129481,8.289218225555068,0.0],[98.70007699208122,8.289223972130129,0.0],[98.70123318928466,8.28995373632817,0.0],[98.70127526254905,8.290144402358822,0.0],[98.70183630408694,8.290737751533849,0.0],[98.70187406518356,8.291048962586485,0.0],[98.70205264560559,8.291234123644106,0.0],[98.70220015187085,8.291572049392803,0.0]]]},"properties":{"plot":"35-STC","province":"กระบี่","source_group":"MOC_1","source_path":"STC/Shapefile/STC PDD/MOC_1.shp","source_crs":"EPSG:32647","pdd_area_rai":18.8,"geometry_area_rai":18.8065,"geometry_parts":1,"boundary_role":"primary","pdd_verified_geometry":true}},{"type":"Feature","geometry":{"type":"Polygon","coordinates":[[[99.08650589652318,7.8188417627740945,0.0],[99.08613357392917,7.818673643664729,0.0],[99.08563797567976,7.819450180883764,0.0],[99.08531410910481,7.820048577263767,0.0],[99.08488219995071,7.820437793403373,0.0],[99.08460106780676,7.820709218487823,0.0],[99.08422828468395,7.820736876737803,0.0],[99.08419302008998,7.821342492684931,0.0],[99.08504584348437,7.822283067289353,0.0],[99.08552663500505,7.822527201018658,0.0],[99.08559020198035,7.822889012972336,0.0],[99.08514578867953,7.823115243373944,0.0],[99.08504610828352,7.823585635750884,0.0],[99.08649734536925,7.823295881888402,0.0],[99.08637924883452,7.822427525581877,0.0],[99.08585309200205,7.822120081802631,0.0],[99.08535397112172,7.820944252219609,0.0],[99.08617463194969,7.820010532124251,0.0],[99.08650589652318,7.8188417627740945,0.0]]]},"properties":{"plot":"38-STC","province":"กระบี่","source_group":"MOC_2","source_path":"STC/Shapefile/STC PDD/MOC_2.shp","source_crs":"EPSG:32647","pdd_area_rai":34.57,"geometry_area_rai":34.5713,"geometry_parts":1,"boundary_role":"primary","pdd_verified_geometry":true}},{"type":"Feature","geometry":{"type":"Polygon","coordinates":[[[99.10465508212917,7.816842244327788,0.0],[99.10602452746623,7.816073025270086,0.0],[99.10681327426626,7.8145712538917556,0.0],[99.10678578722977,7.813485786534786,0.0],[99.10768354227885,7.812653361751509,0.0],[99.10809144601986,7.811631102609317,0.0],[99.10772834940289,7.810527629639282,0.0],[99.10679410617985,7.810527866671859,0.0],[99.10630452602618,7.8113873240236344,0.0],[99.10608705240494,7.812237666970645,0.0],[99.10489903615449,7.8130430236932344,0.0],[99.10410106696678,7.8139477830197155,0.0],[99.10352080218412,7.814924852521487,0.0],[99.10393827860827,7.8158835856905124,0.0],[99.10465508212917,7.816842244327788,0.0]]]},"properties":{"plot":"39-STC","province":"กระบี่","source_group":"MOC_2","source_path":"STC/Shapefile/STC PDD/MOC_2.shp","source_crs":"EPSG:32647","pdd_area_rai":100.01,"geometry_area_rai":100.0103,"geometry_parts":1,"boundary_role":"primary","pdd_verified_geometry":true}},{"type":"Feature","geometry":{"type":"Polygon","coordinates":[[[99.12624744114915,7.790233111574372,0.0],[99.12618009505809,7.7893195937077895,0.0],[99.12359505768066,7.788886165347868,0.0],[99.1229782312884,7.788624021617413,0.0],[99.12297736613226,7.785657056640925,0.0],[99.12231530876784,7.785783886884142,0.0],[99.12218851782733,7.786426162909553,0.0],[99.12194398896405,7.787656438447519,0.0],[99.12198073927694,7.78928464045736,0.0],[99.12306020311843,7.789799929051688,0.0],[99.12389460465096,7.7897092297324235,0.0],[99.12503744832613,7.789844578497597,0.0],[99.12487423083299,7.789980310973698,0.0],[99.12520993170074,7.790369173753856,0.0],[99.12542943752274,7.790326386348506,0.0],[99.12624744114915,7.790233111574372,0.0]]]},"properties":{"plot":"40-STC","province":"กระบี่","source_group":"MOC_2","source_path":"STC/Shapefile/STC PDD/MOC_2.shp","source_crs":"EPSG:32647","pdd_area_rai":49.69,"geometry_area_rai":49.694,"geometry_parts":1,"boundary_role":"primary","pdd_verified_geometry":true}},{"type":"Feature","geometry":{"type":"Polygon","coordinates":[[[99.107806382059,7.960343375686518,0.0],[99.10678703277104,7.959825309861377,0.0],[99.10587080366905,7.960612508007039,0.0],[99.10558976778414,7.961571407658134,0.0],[99.10641612966653,7.964140134222063,0.0],[99.10777743322186,7.965107657944253,0.0],[99.10914752701282,7.964980661911569,0.0],[99.1095190084403,7.962945314385006,0.0],[99.1084659590406,7.961018886921689,0.0],[99.107806382059,7.960343375686518,0.0]]]},"properties":{"plot":"41-STC","province":"กระบี่","source_group":"MOC_2","source_path":"STC/Shapefile/STC PDD/MOC_2.shp","source_crs":"EPSG:32647","pdd_area_rai":105.91,"geometry_area_rai":105.9051,"geometry_parts":1,"boundary_role":"primary","pdd_verified_geometry":true}},{"type":"Feature","geometry":{"type":"Polygon","coordinates":[[[99.11656033518346,7.9635856291397555,0.0],[99.11596139508632,7.963305385784763,0.0],[99.1152900512998,7.963685486092314,0.0],[99.11506339668931,7.964354919877755,0.0],[99.11541735854682,7.964671414948217,0.0],[99.1159708020723,7.964490350452173,0.0],[99.11653329410967,7.964218826260936,0.0],[99.11656033518346,7.9635856291397555,0.0]]]},"properties":{"plot":"42-STC","province":"กระบี่","source_group":"MOC_2","source_path":"STC/Shapefile/STC PDD/MOC_2.shp","source_crs":"EPSG:32647","pdd_area_rai":10.4,"geometry_area_rai":10.4034,"geometry_parts":1,"boundary_role":"primary","pdd_verified_geometry":true}},{"type":"Feature","geometry":{"type":"Polygon","coordinates":[[[99.11421921936349,7.963179230460748,0.0],[99.1132028964122,7.962908142435128,0.0],[99.11219586837767,7.963442103637676,0.0],[99.11195116131995,7.964482408350607,0.0],[99.11277697224274,7.964871144309843,0.0],[99.11334854561427,7.96461771213678,0.0],[99.11439198851204,7.964508879060155,0.0],[99.11421921936349,7.963179230460748,0.0]]]},"properties":{"plot":"43-STC","province":"กระบี่","source_group":"MOC_2","source_path":"STC/Shapefile/STC PDD/MOC_2.shp","source_crs":"EPSG:32647","pdd_area_rai":25.97,"geometry_area_rai":25.9738,"geometry_parts":1,"boundary_role":"primary","pdd_verified_geometry":true}},{"type":"Feature","geometry":{"type":"Polygon","coordinates":[[[99.12875611211102,7.819540223398203,0.0],[99.12934563765941,7.819350085433382,0.0],[99.13037072272078,7.819729685808026,0.0],[99.13057907925692,7.818879334145767,0.0],[99.12908217043979,7.817975233298721,0.0],[99.12888764942885,7.818107944771886,0.0],[99.12819344872868,7.818581559885636,0.0],[99.12804281343492,7.818668352987113,0.0],[99.12579018249716,7.8199662610134295,0.0],[99.12693362585661,7.821811223275498,0.0],[99.12784051931442,7.821277258669424,0.0],[99.1281305118627,7.820408792238882,0.0],[99.12875611211102,7.819540223398203,0.0]]]},"properties":{"plot":"44-STC","province":"กระบี่","source_group":"MOC_2","source_path":"STC/Shapefile/STC PDD/MOC_2.shp","source_crs":"EPSG:32647","pdd_area_rai":55.84,"geometry_area_rai":55.8419,"geometry_parts":1,"boundary_role":"primary","pdd_verified_geometry":true}},{"type":"Feature","geometry":{"type":"Polygon","coordinates":[[[99.1471882628161,7.822048878638557,0.0],[99.14732798894138,7.820977612593542,0.0],[99.1480383995629,7.821077883355728,0.0],[99.1481695800937,7.818765890768265,0.0],[99.14865175703221,7.818191324629034,0.0],[99.1485938674458,7.81736564966303,0.0],[99.14788481325436,7.816702684771834,0.0],[99.1475857826058,7.816999824375607,0.0],[99.14715036412939,7.817435635188602,0.0],[99.1467605488095,7.817945474317905,0.0],[99.14700594912709,7.819470945397097,0.0],[99.14699673732237,7.820798229827069,0.0],[99.14655322908003,7.821777731500869,0.0],[99.14659865132471,7.821976718982596,0.0],[99.14684842551812,7.82217922652422,0.0],[99.1471882628161,7.822048878638557,0.0]]]},"properties":{"plot":"45-STC","province":"กระบี่","source_group":"MOC_2","source_path":"STC/Shapefile/STC PDD/MOC_2.shp","source_crs":"EPSG:32647","pdd_area_rai":45.06,"geometry_area_rai":45.0636,"geometry_parts":1,"boundary_role":"primary","pdd_verified_geometry":true}},{"type":"Feature","geometry":{"type":"Polygon","coordinates":[[[99.10219625799213,7.813839700522613,0.0],[99.10085322867145,7.811298204451484,0.0],[99.09786595267448,7.810582535781218,0.0],[99.09704347434135,7.810385487371562,0.0],[99.09630888181826,7.810837936529056,0.0],[99.09678075675262,7.8116020934615875,0.0],[99.09704804467168,7.81203493850027,0.0],[99.09763340659663,7.811941198688306,0.0],[99.09819576955789,7.811941068417845,0.0],[99.09910707961505,7.811804701924444,0.0],[99.10069015752029,7.812112348390813,0.0],[99.1017338771247,7.814708191658146,0.0],[99.10178886150392,7.817023857992169,0.0],[99.10130860466468,7.819004963106627,0.0],[99.10184377903546,7.819068154618579,0.0],[99.10251422184263,7.815892980161568,0.0],[99.10219625799213,7.813839700522613,0.0]]]},"properties":{"plot":"46-STC","province":"กระบี่","source_group":"MOC_2","source_path":"STC/Shapefile/STC PDD/MOC_2.shp","source_crs":"EPSG:32647","pdd_area_rai":71.26,"geometry_area_rai":71.2597,"geometry_parts":1,"boundary_role":"primary","pdd_verified_geometry":true}},{"type":"Feature","geometry":{"type":"Polygon","coordinates":[[[99.08534740995498,7.8143302901789236,0.0],[99.08636936673054,7.813570885980646,0.0],[99.0864495911762,7.813511273383584,0.0],[99.08666029202901,7.813309693711599,0.0],[99.08727522112399,7.812721388991088,0.0],[99.08791717526532,7.812357686050721,0.0],[99.08870838530056,7.812938185602664,0.0],[99.089397749323,7.81301793401362,0.0],[99.09013243487193,7.812937883399208,0.0],[99.09007793893483,7.812594161300572,0.0],[99.08914367911215,7.8125400865405705,0.0],[99.08870162623045,7.812264182159672,0.0],[99.08866279109789,7.811789400840263,0.0],[99.08848134021241,7.811581389487293,0.0],[99.08836330207915,7.8109934485423445,0.0],[99.08767394320009,7.810930271791998,0.0],[99.0875423190233,7.811453085562753,0.0],[99.08732944139548,7.811753495010351,0.0],[99.08672185453872,7.812368722617229,0.0],[99.08598731202501,7.813137751730192,0.0],[99.08560641851055,7.813445379399563,0.0],[99.08514559169338,7.813686550161005,0.0],[99.08467761455371,7.8136866432867516,0.0],[99.08428215677372,7.813518010578417,0.0],[99.08361914133853,7.813055015311816,0.0],[99.08338404786568,7.812812629948823,0.0],[99.08284143181736,7.812294092125624,0.0],[99.08269447044118,7.811654925298618,0.0],[99.08225014347207,7.8122701154818595,0.0],[99.08307924625866,7.8134428408177135,0.0],[99.08388729560714,7.814164698468033,0.0],[99.08406462745927,7.8143231145342185,0.0],[99.08520428864232,7.814436641333293,0.0],[99.08534740995498,7.8143302901789236,0.0]]]},"properties":{"plot":"47-STC","province":"กระบี่","source_group":"MOC_2","source_path":"STC/Shapefile/STC PDD/MOC_2.shp","source_crs":"EPSG:32647","pdd_area_rai":50.48,"geometry_area_rai":50.4843,"geometry_parts":1,"boundary_role":"primary","pdd_verified_geometry":true}},{"type":"Feature","geometry":{"type":"Polygon","coordinates":[[[99.09134871709708,7.8168543778882364,0.0],[99.09057770623957,7.816755041163763,0.0],[99.09045090479975,7.8176144024385,0.0],[99.08931751794674,7.819604680424518,0.0],[99.0896987272425,7.820762439117822,0.0],[99.08945427484558,7.8215065692662975,0.0],[99.090470201392,7.822978451454535,0.0],[99.09076970514498,7.823783447284889,0.0],[99.09231206152738,7.825384187246183,0.0],[99.09307441014644,7.82724741701423,0.0],[99.09382748872216,7.828197039965876,0.0],[99.09412674383535,7.827844195153007,0.0],[99.09362776043915,7.827419161296128,0.0],[99.09284528299966,7.825473518760326,0.0],[99.09226656112466,7.824714822343772,0.0],[99.09125953596016,7.823864752228687,0.0],[99.09129567283169,7.823195368589586,0.0],[99.09090282457908,7.822401247971601,0.0],[99.0901706871461,7.822119181649764,0.0],[99.08988934624672,7.821404637643353,0.0],[99.09023391097037,7.820861826908941,0.0],[99.08987099409293,7.8204186688934465,0.0],[99.08980730492856,7.819505074710683,0.0],[99.09068596918691,7.8184092270013785,0.0],[99.09099517867038,7.817822334837256,0.0],[99.09134871709708,7.8168543778882364,0.0]]]},"properties":{"plot":"48-STC","province":"กระบี่","source_group":"MOC_2","source_path":"STC/Shapefile/STC PDD/MOC_2.shp","source_crs":"EPSG:32647","pdd_area_rai":46.15,"geometry_area_rai":46.1502,"geometry_parts":1,"boundary_role":"primary","pdd_verified_geometry":true}},{"type":"Feature","geometry":{"type":"Polygon","coordinates":[[[99.10201122847334,7.910437706663146,0.0],[99.1023196174431,7.910130081518697,0.0],[99.10271870837252,7.909731978054482,0.0],[99.1028365475101,7.9093158524046325,0.0],[99.1032994059109,7.908656602245357,0.0],[99.1039612097252,7.908022056097675,0.0],[99.10370688319135,7.90682810276808,0.0],[99.10343442464963,7.905679381590187,0.0],[99.10419648037217,7.905579690847698,0.0],[99.10466808036334,7.904928291164256,0.0],[99.10516706084412,7.9049281658726915,0.0],[99.1051942115289,7.904665837198559,0.0],[99.10445021377585,7.904412747569035,0.0],[99.10261791631436,7.90570671967708,0.0],[99.10323537176609,7.907850370111447,0.0],[99.10154844278007,7.910075996294651,0.0],[99.10201122847334,7.910437706663146,0.0]]]},"properties":{"plot":"49-STC","province":"กระบี่","source_group":"MOC_2","source_path":"STC/Shapefile/STC PDD/MOC_2.shp","source_crs":"EPSG:32647","pdd_area_rai":37.04,"geometry_area_rai":37.0442,"geometry_parts":1,"boundary_role":"primary","pdd_verified_geometry":true}},{"type":"Feature","geometry":{"type":"Polygon","coordinates":[[[99.09000156870468,7.7947923816178735,0.0],[99.09065446771905,7.794140956902427,0.0],[99.08899453061635,7.793517160229341,0.0],[99.08956564786273,7.792151149328529,0.0],[99.09020021205137,7.790604211442139,0.0],[99.09000950085077,7.789464502123866,0.0],[99.09043543181095,7.787818106015098,0.0],[99.08957375491931,7.787619284975094,0.0],[99.08892981577806,7.787709876883595,0.0],[99.08814980986828,7.787710039776772,0.0],[99.08799582462719,7.7886779547211455,0.0],[99.08884849220884,7.789157195502255,0.0],[99.08896649210187,7.789591361202794,0.0],[99.0883680565795,7.790432730371684,0.0],[99.08770614434393,7.7913464769013,0.0],[99.0874703021613,7.7912289324055815,0.0],[99.08685356863428,7.791328561227776,0.0],[99.08649990322913,7.791627139488258,0.0],[99.08672681318698,7.7924140632479,0.0],[99.08766114847785,7.7930470653056965,0.0],[99.08774289104568,7.793589786364114,0.0],[99.08821459728418,7.793915331183892,0.0],[99.08844150032081,7.794647980100145,0.0],[99.09000156870468,7.7947923816178735,0.0]]]},"properties":{"plot":"50-STC","province":"กระบี่","source_group":"MOC_2","source_path":"STC/Shapefile/STC PDD/MOC_2.shp","source_crs":"EPSG:32647","pdd_area_rai":108.03,"geometry_area_rai":108.0259,"geometry_parts":1,"boundary_role":"primary","pdd_verified_geometry":true}},{"type":"Feature","geometry":{"type":"Polygon","coordinates":[[[99.08148338578773,7.880555585800265,0.0],[99.08316163952888,7.880365298614501,0.0],[99.08342456721957,7.879587325030671,0.0],[99.0827527672191,7.877145146822983,0.0],[99.08181820244167,7.8762679071706865,0.0],[99.08218970571491,7.874042617112917,0.0],[99.08084678122844,7.872432761254458,0.0],[99.08136320314065,7.869031515330057,0.0],[99.08262964675748,7.86868434144295,0.0],[99.08192536509448,7.867620292028093,0.0],[99.08230612113024,7.866353833166963,0.0],[99.08635222703556,7.867320899856049,0.0],[99.08600718912895,7.8657741727393296,0.0],[99.0850544542323,7.864670803273985,0.0],[99.08591592294555,7.863096692942106,0.0],[99.08614222828139,7.860762880754704,0.0],[99.08563416411003,7.860446388455932,0.0],[99.08545316526067,7.86254500551767,0.0],[99.08434687900163,7.864679991598497,0.0],[99.08485514412286,7.865964364803169,0.0],[99.08241484207863,7.865657300400678,0.0],[99.08127188126888,7.865919845691102,0.0],[99.08129049116971,7.868316926846622,0.0],[99.08046498254352,7.8683442227196885,0.0],[99.08007570486957,7.872514319549159,0.0],[99.08097404628262,7.873780531162461,0.0],[99.081273586899,7.87467598761077,0.0],[99.08080222563758,7.876575654542586,0.0],[99.08176401143236,7.877489073546578,0.0],[99.08217266599009,7.8796418459145565,0.0],[99.08148338578773,7.880555585800265,0.0]]]},"properties":{"plot":"51-STC","province":"กระบี่","source_group":"MOC_2","source_path":"STC/Shapefile/STC PDD/MOC_2.shp","source_crs":"EPSG:32647","pdd_area_rai":173.16,"geometry_area_rai":173.1627,"geometry_parts":1,"boundary_role":"primary","pdd_verified_geometry":true}},{"type":"Feature","geometry":{"type":"Polygon","coordinates":[[[99.08886056937354,7.888857941462779,0.0],[99.09058373769118,7.886487627109164,0.0],[99.09088267455613,7.8844794416564365,0.0],[99.09227910741932,7.881566454359552,0.0],[99.09036445811851,7.879332609637656,0.0],[99.08969327686087,7.879947854293644,0.0],[99.091390074425,7.881611877163718,0.0],[99.09051109324488,7.883592263364417,0.0],[99.08996416423483,7.8860624649388935,0.0],[99.08836340291501,7.888792180306696,0.0],[99.0867282615939,7.887031179788581,0.0],[99.08680957280347,7.88541200172186,0.0],[99.08729932923333,7.884796798648666,0.0],[99.08676396525824,7.88422703745124,0.0],[99.08390630217568,7.884191438105112,0.0],[99.08381569852182,7.884770373407645,0.0],[99.08596568806887,7.8844804786721685,0.0],[99.08631964713642,7.8852221445998545,0.0],[99.0860389887563,7.887990154833983,0.0],[99.08895163672092,7.8904861294829365,0.0],[99.08886056937354,7.888857941462779,0.0]]]},"properties":{"plot":"52-STC","province":"กระบี่","source_group":"MOC_2","source_path":"STC/Shapefile/STC PDD/MOC_2.shp","source_crs":"EPSG:32647","pdd_area_rai":106.8,"geometry_area_rai":106.8008,"geometry_parts":1,"boundary_role":"primary","pdd_verified_geometry":true}},{"type":"Feature","geometry":{"type":"Polygon","coordinates":[[[99.12449500814957,7.8264071190450375,0.0],[99.12503897011126,7.82547526051893,0.0],[99.12636329707516,7.825520094962382,0.0],[99.12678075968394,7.8262255262546665,0.0],[99.12740664861734,7.826270566668457,0.0],[99.1290214534065,7.82701181572967,0.0],[99.12873091994852,7.82612543499913,0.0],[99.12811414596155,7.826225123498058,0.0],[99.12746099836522,7.826026318849479,0.0],[99.12632688109015,7.825076870154497,0.0],[99.12458516154175,7.8245436970191635,0.0],[99.122091846486,7.828343581576951,0.0],[99.12252730361865,7.828560550815796,0.0],[99.12345222648683,7.827574308946027,0.0],[99.12449500814957,7.8264071190450375,0.0]]]},"properties":{"plot":"53-STC","province":"กระบี่","source_group":"MOC_2","source_path":"STC/Shapefile/STC PDD/MOC_2.shp","source_crs":"EPSG:32647","pdd_area_rai":42.45,"geometry_area_rai":42.4478,"geometry_parts":1,"boundary_role":"primary","pdd_verified_geometry":true}},{"type":"Feature","geometry":{"type":"Polygon","coordinates":[[[99.05214574228606,7.844420120046549,0.0],[99.05010845776482,7.843292595965483,0.0],[99.04993623326648,7.844350953769589,0.0],[99.05213157075787,7.845463298603041,0.0],[99.05512508909372,7.845915198053455,0.0],[99.05552442599947,7.847480037189385,0.0],[99.05579666885649,7.848303152217021,0.0],[99.05668566617302,7.848483945702255,0.0],[99.05664009000628,7.846855741004517,0.0],[99.05588714720732,7.846557336327824,0.0],[99.05592332288043,7.845743226036499,0.0],[99.05622265081013,7.845607501910593,0.0],[99.05628606574545,7.844992392396062,0.0],[99.05389122855408,7.844431876616845,0.0],[99.05214574228606,7.844420120046549,0.0]]]},"properties":{"plot":"54-STC","province":"กระบี่","source_group":"MOC_2","source_path":"STC/Shapefile/STC PDD/MOC_2.shp","source_crs":"EPSG:32647","pdd_area_rai":71.76,"geometry_area_rai":71.7649,"geometry_parts":1,"boundary_role":"primary","pdd_verified_geometry":true}},{"type":"Feature","geometry":{"type":"Polygon","coordinates":[[[99.10392938458465,7.853178643918468,0.0],[99.10315809211595,7.852219999842086,0.0],[99.10284968601523,7.8522833936979435,0.0],[99.10209705243132,7.8534233240751,0.0],[99.101353273342,7.853685826512079,0.0],[99.10099036403291,7.853441681618878,0.0],[99.10094771036256,7.853476615128192,0.0],[99.10038271044247,7.853939336239666,0.0],[99.09993817869227,7.853776620351222,0.0],[99.0998288398542,7.851750430905858,0.0],[99.09936605953058,7.851126394635655,0.0],[99.09910307608946,7.851470188777736,0.0],[99.09962984852528,7.854165654494343,0.0],[99.1003737490239,7.854400664172465,0.0],[99.10119096710011,7.85417450278054,0.0],[99.10236929407903,7.853848401252191,0.0],[99.10300399268083,7.8526723168977695,0.0],[99.10343051750161,7.853386814886544,0.0],[99.1029771799677,7.854300532977151,0.0],[99.1021246948358,7.85517816349156,0.0],[99.10175724850315,7.856109383420581,0.0],[99.10155355517439,7.856625598277557,0.0],[99.10127255681311,7.8575030894960465,0.0],[99.10123636658194,7.857892060007303,0.0],[99.10198640754035,7.8575091782498125,0.0],[99.10201640454184,7.85749386400229,0.0],[99.1024606984164,7.856670607051056,0.0],[99.10214299876583,7.85583848804505,0.0],[99.10233336420087,7.855295706492503,0.0],[99.10295006193539,7.854689500544914,0.0],[99.10356683945407,7.8544089353824695,0.0],[99.10392938458465,7.853178643918468,0.0]]]},"properties":{"plot":"55-STC","province":"กระบี่","source_group":"MOC_2","source_path":"STC/Shapefile/STC PDD/MOC_2.shp","source_crs":"EPSG:32647","pdd_area_rai":47.21,"geometry_area_rai":47.2103,"geometry_parts":1,"boundary_role":"primary","pdd_verified_geometry":true}},{"type":"Feature","geometry":{"type":"Polygon","coordinates":[[[98.93777640049696,8.054984643482337,0.0],[98.93750811294356,8.055055232641891,0.0],[98.93780821135596,8.054713223174142,0.0],[98.93814666484975,8.053935866535321,0.0],[98.9385794414484,8.053878182767656,0.0],[98.93885824944944,8.05383285980159,0.0],[98.93875976503114,8.053945480495804,0.0],[98.93837553708939,8.053957841301793,0.0],[98.93817301983489,8.054045740355757,0.0],[98.93777703150826,8.054984477456607,0.0],[98.93811280188793,8.055183529790721,0.0],[98.93830332440764,8.055626789198271,0.0],[98.93853928458503,8.055681098670403,0.0],[98.93882069398651,8.05526504569138,0.0],[98.93885709313369,8.054622819747012,0.0],[98.93895696494705,8.054360514387172,0.0],[98.93921110147522,8.054242959384933,0.0],[98.93961040037628,8.054451066338812,0.0],[98.93982815393537,8.054876238020514,0.0],[98.9403636668707,8.054559721920846,0.0],[98.94299594168307,8.052217304769112,0.0],[98.94333180415809,8.051756030310091,0.0],[98.9431553816689,8.05144645621894,0.0],[98.94296257469439,8.051532194525464,0.0],[98.94277947690267,8.051275362829548,0.0],[98.94249373337921,8.05125888164564,0.0],[98.94233144215472,8.05112428528529,0.0],[98.94183763295884,8.050120304900673,0.0],[98.94169614830159,8.050149147053144,0.0],[98.94165176095812,8.050047512792466,0.0],[98.94177937457054,8.050014550324066,0.0],[98.94196247236228,8.050140906438363,0.0],[98.94247292681196,8.051074841713117,0.0],[98.94278086400716,8.051179222580634,0.0],[98.94300349427662,8.051456655808275,0.0],[98.9431049691764,8.05135799482769,0.0],[98.94310496935577,8.05135799514241,0.0],[98.943195767791,8.051059505002142,0.0],[98.94338635927201,8.051032394752287,0.0],[98.943440853399,8.050733899857114,0.0],[98.94372222315987,8.050543983354672,0.0],[98.9440307694318,8.050724935190825,0.0],[98.94414873147508,8.05086967970095,0.0],[98.9450836463273,8.049920025412268,0.0],[98.9461365605989,8.048807564901697,0.0],[98.94637257737864,8.048409593428774,0.0],[98.94690812766065,8.047695065312642,0.0],[98.94695351563408,8.047622706943132,0.0],[98.94669033000865,8.047586491645967,0.0],[98.94639083903508,8.047568360691905,0.0],[98.94607315579862,8.04787586708983,0.0],[98.94577364660506,8.047993420428663,0.0],[98.94558306635084,8.047948167570079,0.0],[98.94522912650135,8.047902892865324,0.0],[98.9450203818714,8.047957137237713,0.0],[98.94473906352063,8.04778523442176,0.0],[98.94449405983177,8.047522881032375,0.0],[98.9444396337751,8.047323872029862,0.0],[98.94409474284907,8.04747760012045,0.0],[98.94387698872079,8.047052429641234,0.0],[98.94362287426468,8.047052394833315,0.0],[98.94346853909362,8.047423240309964,0.0],[98.94316901906129,8.047622200603046,0.0],[98.94285136921515,8.04766738416119,0.0],[98.94279696677467,8.047305555429803,0.0],[98.94262454203927,8.04723316714267,0.0],[98.94228871580253,8.04745925921022,0.0],[98.94211629751175,8.047341643066993,0.0],[98.9420982209326,8.046816998933217,0.0],[98.94130866711552,8.046708341407303,0.0],[98.94106370679687,8.046165574579447,0.0],[98.9402378181054,8.046292091733555,0.0],[98.94009262829893,8.046174479607506,0.0],[98.93934840309268,8.046400507692374,0.0],[98.93950260344572,8.046961354123031,0.0],[98.93951161189635,8.047413630971665,0.0],[98.93972034626707,8.047431752723059,0.0],[98.9397202607167,8.048010666523128,0.0],[98.93770530918519,8.049204375413417,0.0],[98.93767444811883,8.049213721091137,0.0],[98.93657081124796,8.049547931730169,0.0],[98.93631657570573,8.050307716620809,0.0],[98.93631786270082,8.050313036494673,0.0],[98.9363800638911,8.050570046736125,0.0],[98.9358536524434,8.050741830716092,0.0],[98.93586267772596,8.051067470168059,0.0],[98.93572653705031,8.05110363097685,0.0],[98.93506381474262,8.052378945799408,0.0],[98.93521799126248,8.053066430094283,0.0],[98.93488218070183,8.053138741144123,0.0],[98.93480053982032,8.052894499905454,0.0],[98.93420148503625,8.053274315435797,0.0],[98.93441011880324,8.053934673055357,0.0],[98.9336749337757,8.054278283900613,0.0],[98.93386530515085,8.055626097729743,0.0],[98.93400135778248,8.05613266987669,0.0],[98.93450956157791,8.05635888851634,0.0],[98.93440089172105,8.05487540612734,0.0],[98.9352721535467,8.054902680181176,0.0],[98.93533540490378,8.056657521820949,0.0],[98.9352445556078,8.057236420993615,0.0],[98.93577997251474,8.057571190448327,0.0],[98.93606132125055,8.057562187978691,0.0],[98.93621575484252,8.056630523997253,0.0],[98.9362340968853,8.05541842662045,0.0],[98.93670605632882,8.055264724888099,0.0],[98.93729600035712,8.055111041563567,0.0],[98.93777640049696,8.054984643482337,0.0]],[[98.94155227441033,8.050266567565373,0.0],[98.94165769435101,8.050200642661542,0.0],[98.94167017829139,8.050482196863396,0.0],[98.94155227441033,8.050266567565373,0.0]]]},"properties":{"plot":"59-STC","province":"กระบี่","source_group":"MOC_2","source_path":"STC/Shapefile/STC PDD/MOC_2.shp","source_crs":"EPSG:32647","pdd_area_rai":468.39,"geometry_area_rai":468.3914,"geometry_parts":1,"boundary_role":"primary","pdd_verified_geometry":true}},{"type":"Feature","geometry":{"type":"Polygon","coordinates":[[[98.93834366769318,8.036295265351637,0.0],[98.93880479051143,8.035641962700444,0.0],[98.9390497539662,8.035347623045624,0.0],[98.93852397390752,8.03484495141291,0.0],[98.93787572029936,8.034449958559446,0.0],[98.93786132209868,8.034392518148861,0.0],[98.9377893125725,8.034227369282483,0.0],[98.93749399774521,8.034040646397015,0.0],[98.93722028518943,8.033911367547592,0.0],[98.93688896802388,8.033639915546532,0.0],[98.93654319354437,8.033690121143017,0.0],[98.93620460607677,8.0338480273071,0.0],[98.93595246077477,8.03400594575444,0.0],[98.93567869923118,8.034185401698299,0.0],[98.93552021149084,8.034264354340104,0.0],[98.93536888740748,8.03458024674832,0.0],[98.93683827701874,8.035363085544827,0.0],[98.93653562696535,8.03603076934638,0.0],[98.93539039290577,8.03524080290492,0.0],[98.9350301628825,8.035592560396298,0.0],[98.93479964807807,8.035606884600126,0.0],[98.93461953744625,8.035750452931584,0.0],[98.93381993586293,8.035829304281181,0.0],[98.93421328633121,8.036368224242649,0.0],[98.93474877825615,8.036051715930071,0.0],[98.93502103204672,8.036078895640525,0.0],[98.93487576805367,8.03645878502652,0.0],[98.93538395560152,8.036630731223525,0.0],[98.93581957630259,8.036585571788361,0.0],[98.93603744114861,8.036214738897346,0.0],[98.93656381547518,8.0361605463384,0.0],[98.93682693684052,8.036558591196119,0.0],[98.93730625051252,8.037020279803196,0.0],[98.93742864598818,8.03743673215328,0.0],[98.93770229087276,8.038025526607067,0.0],[98.93797603795163,8.037946588742876,0.0],[98.93794004385215,8.037788624797436,0.0],[98.93793290278799,8.037386548896027,0.0],[98.93822109136046,8.037070677072606,0.0],[98.93817789436211,8.036905532619377,0.0],[98.9381779400023,8.036603977173591,0.0],[98.93834366769318,8.036295265351637,0.0]]]},"properties":{"plot":"62-STC","province":"กระบี่","source_group":"MOC_2","source_path":"STC/Shapefile/STC PDD/MOC_2.shp","source_crs":"EPSG:32647","pdd_area_rai":65.93,"geometry_area_rai":65.9255,"geometry_parts":1,"boundary_role":"primary","pdd_verified_geometry":true}},{"type":"Feature","geometry":{"type":"Polygon","coordinates":[[[98.94063931094632,8.031357976008366,0.0],[98.94085711233683,8.031376098446007,0.0],[98.94125631050133,8.03213598062491,0.0],[98.94153764898056,8.032081747488682,0.0],[98.94186446879554,8.031285786660384,0.0],[98.9437520273375,8.031837826738828,0.0],[98.94377928024448,8.031638828672603,0.0],[98.94169216838456,8.03039025420985,0.0],[98.9415743647109,8.029178135610252,0.0],[98.94000447935208,8.028427130199319,0.0],[98.93898791003481,8.02948530852337,0.0],[98.93935086136722,8.029847183621294,0.0],[98.9397139027114,8.02960300748903,0.0],[98.94007687335662,8.029838244445964,0.0],[98.94009983713751,8.030833455128398,0.0],[98.9394685661933,8.031683444704488,0.0],[98.94063915329929,8.03244344023547,0.0],[98.94063931094632,8.031357976008366,0.0]]]},"properties":{"plot":"63-STC","province":"กระบี่","source_group":"MOC_2","source_path":"STC/Shapefile/STC PDD/MOC_2.shp","source_crs":"EPSG:32647","pdd_area_rai":55.53,"geometry_area_rai":55.5275,"geometry_parts":1,"boundary_role":"primary","pdd_verified_geometry":true}},{"type":"Feature","geometry":{"type":"Polygon","coordinates":[[[98.94067373796548,8.044256910787183,0.0],[98.94089159863843,8.043913212048718,0.0],[98.9410549523482,8.043949418545434,0.0],[98.9412001220976,8.044202714194041,0.0],[98.94140883932351,8.044329380533195,0.0],[98.94166298052139,8.044130415943963,0.0],[98.94168117925076,8.043795733002963,0.0],[98.94145431262743,8.04366001777923,0.0],[98.94169030768147,8.043424867550675,0.0],[98.94178108525999,8.043262060874444,0.0],[98.94194445589709,8.043171628686217,0.0],[98.94203520890926,8.04318068793548,0.0],[98.94216229056468,8.042999794325997,0.0],[98.94215324206071,8.042809836904869,0.0],[98.94200805844726,8.042646997787108,0.0],[98.94179932125341,8.042665058429359,0.0],[98.94164501844898,8.042809765940657,0.0],[98.94156329691725,8.043108255934355,0.0],[98.94159956238907,8.043361536852014,0.0],[98.94126373098158,8.04364189951473,0.0],[98.94097331690122,8.043641857890824,0.0],[98.94085532307265,8.04373229622334,0.0],[98.94045600626657,8.043714147479907,0.0],[98.94037431407743,8.04380459093299,0.0],[98.93995684900091,8.043768348914034,0.0],[98.93945769563291,8.043795412246578,0.0],[98.93934874729702,8.044084852229256,0.0],[98.93943946779905,8.04432004938878,0.0],[98.93980247307621,8.044401512512811,0.0],[98.94005657390557,8.044482959439268,0.0],[98.94038328777101,8.04450109804505,0.0],[98.94051037675219,8.044284024656589,0.0],[98.94067373796548,8.044256910787183,0.0]]]},"properties":{"plot":"64-STC","province":"กระบี่","source_group":"MOC_2","source_path":"STC/Shapefile/STC PDD/MOC_2.shp","source_crs":"EPSG:32647","pdd_area_rai":12.14,"geometry_area_rai":12.1372,"geometry_parts":1,"boundary_role":"primary","pdd_verified_geometry":true}},{"type":"Feature","geometry":{"type":"Polygon","coordinates":[[[98.93590355159688,8.042044880540539,0.0],[98.93628530910267,8.042050072263736,0.0],[98.9363139131485,8.04205046125107,0.0],[98.93629881300393,8.041962821435707,0.0],[98.93623021307484,8.041564673440035,0.0],[98.93868177925553,8.040306469464532,0.0],[98.93874594921296,8.040294615002809,0.0],[98.93887124984485,8.04027146751147,0.0],[98.9386784328157,8.038943918565625,0.0],[98.93865892260217,8.038809589893148,0.0],[98.93750168680465,8.03929245135361,0.0],[98.93754446858023,8.039899639142273,0.0],[98.9365335890285,8.040125016436106,0.0],[98.93613333229432,8.039387137480775,0.0],[98.93701718780096,8.038709470698914,0.0],[98.93683578393099,8.038040073483984,0.0],[98.93640175530564,8.03773425175618,0.0],[98.93634374988643,8.037386933908634,0.0],[98.9363337860636,8.03732727367366,0.0],[98.93629559572969,8.03699721084855,0.0],[98.93516505228769,8.037152115883167,0.0],[98.93520229565381,8.037614680153409,0.0],[98.93561213252042,8.038508756069707,0.0],[98.9351829240348,8.038775235591409,0.0],[98.93531738731585,8.039846374731527,0.0],[98.93563294703502,8.040326428992008,0.0],[98.93572621840006,8.04093044172022,0.0],[98.9360684769494,8.040909261628265,0.0],[98.93590355159688,8.042044880540539,0.0]]]},"properties":{"plot":"65-STC","province":"กระบี่","source_group":"MOC_2","source_path":"STC/Shapefile/STC PDD/MOC_2.shp","source_crs":"EPSG:32647","pdd_area_rai":60.99,"geometry_area_rai":60.9884,"geometry_parts":1,"boundary_role":"primary","pdd_verified_geometry":true}},{"type":"Feature","geometry":{"type":"Polygon","coordinates":[[[99.17911186327271,7.8109285559145665,0.0],[99.18039098547541,7.811416474001069,0.0],[99.181171114192,7.811606097789512,0.0],[99.18164830853122,7.811843083347367,0.0],[99.18205101318229,7.811786631570866,0.0],[99.18228695916142,7.812057897613248,0.0],[99.18260427516721,7.811723073786767,0.0],[99.18266771236722,7.811596408105046,0.0],[99.1827039110748,7.811406435051074,0.0],[99.18223205493138,7.810945313575945,0.0],[99.18185097304405,7.8106469736789785,0.0],[99.18156984088398,7.810755641094924,0.0],[99.18147907153379,7.8106019050087445,0.0],[99.18140639990403,7.8103486596229015,0.0],[99.1812340098294,7.810222095268484,0.0],[99.18036334380754,7.8104124250496945,0.0],[99.17993703626236,7.810403561116315,0.0],[99.17988251003288,7.810159353314203,0.0],[99.1796522214729,7.810067426270735,0.0],[99.17896646121315,7.8102773347913645,0.0],[99.17900295802285,7.810783872555266,0.0],[99.17911186327271,7.8109285559145665,0.0]]]},"properties":{"plot":"96-VSD","province":"กระบี่","source_group":"MOC_1","source_path":"VSD/Shapefile/VSD PDD/VSD 32647/MOC_1.shp","source_crs":"EPSG:32647","pdd_area_rai":28.54,"geometry_area_rai":28.5488,"geometry_parts":1,"boundary_role":"primary","pdd_verified_geometry":true}},{"type":"Feature","geometry":{"type":"Polygon","coordinates":[[[99.09752937338193,7.910257865608084,0.0],[99.09877219508083,7.909796248997739,0.0],[99.09994255210717,7.909823107250649,0.0],[99.10007878051137,7.910411037239605,0.0],[99.10088612709315,7.909976655698155,0.0],[99.10017816818801,7.908710444431516,0.0],[99.0973301928337,7.905787939384787,0.0],[99.09468828373736,7.904116569823905,0.0],[99.09449735676766,7.902325587056249,0.0],[99.09326328007637,7.901249439410148,0.0],[99.09317292159314,7.902877664672544,0.0],[99.09278287213193,7.903149119636228,0.0],[99.09284662687037,7.904261712308227,0.0],[99.09289218742458,7.9051481686531,0.0],[99.09395374626843,7.905545936995463,0.0],[99.09526935639576,7.906043146973758,0.0],[99.09551444863298,7.9066400989615,0.0],[99.09574168662961,7.908494391303231,0.0],[99.09591439333464,7.909923553429291,0.0],[99.09660406002939,7.910601813123216,0.0],[99.09752937338193,7.910257865608084,0.0]],[[99.09841421770089,7.907238765577182,0.0],[99.0983782293041,7.9073141634731625,0.0],[99.0983710493127,7.907403914471785,0.0],[99.09834584917363,7.907421870267133,0.0],[99.098306240573,7.907414699646067,0.0],[99.09829543019305,7.907378802467011,0.0],[99.0982738009428,7.907271108386474,0.0],[99.09822698601057,7.9072423996189425,0.0],[99.09810455455542,7.907199348722421,0.0],[99.09796770792077,7.907102451584785,0.0],[99.097830850355,7.906958884762074,0.0],[99.0977516163591,7.9068727439718725,0.0],[99.09753192525912,7.9066466270547435,0.0],[99.09737347858717,7.906564094648624,0.0],[99.09735066343978,7.906516233665207,0.0],[99.09736566461865,7.906510246881579,0.0],[99.09740167151574,7.906513230131799,0.0],[99.09749770067972,7.906567057319336,0.0],[99.09765976023901,7.906701643434685,0.0],[99.09780381115489,7.90681230055199,0.0],[99.09796887989742,7.906982785563143,0.0],[99.09812493872987,7.907117372898856,0.0],[99.0982089617971,7.907153252876867,0.0],[99.09831398852643,7.907189127894917,0.0],[99.09835899634302,7.907189117299608,0.0],[99.0984009958404,7.907156199328343,0.0],[99.09843999126456,7.90710832384276,0.0],[99.09849998961124,7.907057451757979,0.0],[99.09854366916379,7.907034873894561,0.0],[99.09860014260035,7.907092766718465,0.0],[99.09849701250785,7.907156176699248,0.0],[99.09841421770089,7.907238765577182,0.0]]]},"properties":{"plot":"97-VSD","province":"กระบี่","source_group":"MOC_2","source_path":"VSD/Shapefile/VSD PDD/VSD 32647/MOC_2.shp","source_crs":"EPSG:32647","pdd_area_rai":184.64,"geometry_area_rai":184.6435,"geometry_parts":1,"boundary_role":"primary","pdd_verified_geometry":true}},{"type":"Feature","geometry":{"type":"Polygon","coordinates":[[[99.10251679109575,7.951194576686949,0.0],[99.10321366561529,7.951202774455182,0.0],[99.10384986166099,7.951274415204211,0.0],[99.10437804278071,7.951405914861915,0.0],[99.10514811142846,7.951733764862856,0.0],[99.10550238235169,7.9518063577151095,0.0],[99.10791056881777,7.953755449654341,0.0],[99.10882676934001,7.952932064563196,0.0],[99.10959808188602,7.95320322814649,0.0],[99.11038714884792,7.951999960429866,0.0],[99.11009668941075,7.951583941245948,0.0],[99.10946155400757,7.9515931548003485,0.0],[99.10898060916782,7.951385233341923,0.0],[99.10888066840818,7.950878708185876,0.0],[99.10820008216815,7.950562291616508,0.0],[99.10705674077606,7.950191719672142,0.0],[99.10656654191246,7.949269198714598,0.0],[99.10609450485761,7.948400945547225,0.0],[99.10557730205092,7.948310621238266,0.0],[99.1055499734526,7.947885487425374,0.0],[99.10525960214899,7.947786059279285,0.0],[99.10467902681569,7.9482475301994295,0.0],[99.10406216653581,7.948745190738008,0.0],[99.1035271094886,7.949821745776993,0.0],[99.10307366771566,7.950726415192008,0.0],[99.10183956314542,7.9502201679264255,0.0],[99.1016673007054,7.950753898473697,0.0],[99.10217550219772,7.951124641289189,0.0],[99.10251679109575,7.951194576686949,0.0]]]},"properties":{"plot":"98-VSD","province":"กระบี่","source_group":"MOC_2","source_path":"VSD/Shapefile/VSD PDD/VSD 32647/MOC_2.shp","source_crs":"EPSG:32647","pdd_area_rai":150.95,"geometry_area_rai":150.9491,"geometry_parts":1,"boundary_role":"primary","pdd_verified_geometry":true}},{"type":"Feature","geometry":{"type":"Polygon","coordinates":[[[99.09650322174633,7.945074515176778,0.0],[99.09727437421306,7.944757740677226,0.0],[99.09650286291685,7.943536768906822,0.0],[99.09675668667182,7.942568834883836,0.0],[99.09735547687383,7.942396828750702,0.0],[99.09734615000485,7.941320408610043,0.0],[99.09670196202597,7.941347695839586,0.0],[99.09622998162844,7.9405970227344564,0.0],[99.09544079685539,7.941375123363305,0.0],[99.09469676974021,7.94125770158174,0.0],[99.09431578094859,7.941628656637263,0.0],[99.09235033781052,7.94004321159405,0.0],[99.09102154450875,7.938571987807069,0.0],[99.08991435316494,7.9373239401478095,0.0],[99.08979627937488,7.936754094625849,0.0],[99.08997766633627,7.936410323377749,0.0],[99.09091222921609,7.936581985969949,0.0],[99.09155640370513,7.936518526209075,0.0],[99.09234572607448,7.936364576663925,0.0],[99.09275417386607,7.937079086230902,0.0],[99.09449612469645,7.936725917067461,0.0],[99.0938517496586,7.935902915986845,0.0],[99.08954187915447,7.935116900424666,0.0],[99.087618592624,7.9360490036586375,0.0],[99.08890755134244,7.938771447544333,0.0],[99.09427990699221,7.943464914873991,0.0],[99.09568632346509,7.943754051408425,0.0],[99.09650322174633,7.945074515176778,0.0]]]},"properties":{"plot":"99-VSD","province":"กระบี่","source_group":"MOC_2","source_path":"VSD/Shapefile/VSD PDD/VSD 32647/MOC_2.shp","source_crs":"EPSG:32647","pdd_area_rai":205.78,"geometry_area_rai":205.78,"geometry_parts":1,"boundary_role":"primary","pdd_verified_geometry":true}},{"type":"Feature","geometry":{"type":"MultiPolygon","coordinates":[[[[100.9463525755489,13.464585961697562,0.0],[100.9502081480267,13.465188711002563,0.0],[100.95064696515645,13.465781792552114,0.0],[100.95080451998338,13.465817873113291,0.0],[100.95074974620927,13.465569091012917,0.0],[100.95058207761525,13.465242769014043,0.0],[100.95058003788665,13.465237492968242,0.0],[100.95046840445306,13.464822616803982,0.0],[100.95046753555329,13.464814176972402,0.0],[100.95046787611679,13.46481264133999,0.0],[100.94137725878642,13.463684519546153,0.0],[100.94130870895115,13.464344803370436,0.0],[100.94597793868871,13.465076898991681,0.0],[100.9463525755489,13.464585961697562,0.0]]],[[[100.95549475155917,13.466891899372134,0.0],[100.95850133765575,13.46907496749658,0.0],[100.9585019285714,13.469074018510693,0.0],[100.95867082985579,13.468879504622453,0.0],[100.95871366265133,13.468633441069374,0.0],[100.95871643691422,13.46862540483074,0.0],[100.95871811387148,13.46862320040434,0.0],[100.9555538076694,13.466204577585374,0.0],[100.95076869402423,13.464849966146621,0.0],[100.95052491754356,13.464819718940491,0.0],[100.95063287718618,13.46522094143618,0.0],[100.95080083132673,13.46554781904608,0.0],[100.95080316286877,13.465554288612074,0.0],[100.95085998619084,13.4658123794857,0.0],[100.95086046398806,13.465820849150795,0.0],[100.95085824419,13.46582904878471,0.0],[100.95085759828976,13.46583002819037,0.0],[100.95549475155917,13.466891899372134,0.0]],[[100.95121440404493,13.465908289135697,0.0],[100.95097003277118,13.465853122507669,0.0],[100.9510001729193,13.465755064632075,0.0],[100.95124325859011,13.465798600690992,0.0],[100.95121440404493,13.465908289135697,0.0]],[[100.95189195609895,13.466045388879797,0.0],[100.95160585326231,13.465979783168626,0.0],[100.95161735188444,13.465929905290228,0.0],[100.95190937999972,13.465992853083188,0.0],[100.95189195609895,13.466045388879797,0.0]]],[[[100.96064621299797,13.470632301488854,0.0],[100.96064960756404,13.470627890052162,0.0],[100.96065670588044,13.470623022636799,0.0],[100.9608682743593,13.470521957378423,0.0],[100.96086942855233,13.470521437751472,0.0],[100.96108325813385,13.470430924819214,0.0],[100.95876536175426,13.468659313378048,0.0],[100.95872417074706,13.468895945575131,0.0],[100.95872196597061,13.46890285611464,0.0],[100.95871797122312,13.4689089492577,0.0],[100.9585457883998,13.46910724236086,0.0],[100.96064621299797,13.470632301488854,0.0]]],[[[100.96196009927048,13.471586257002636,0.0],[100.96222559709861,13.471304016854448,0.0],[100.96113267451747,13.470468694122358,0.0],[100.96113069258897,13.470469924570294,0.0],[100.96089200593707,13.470570959396841,0.0],[100.96069279385163,13.470666122082015,0.0],[100.96196009927048,13.471586257002636,0.0]]]]},"properties":{"plot":"36-STC","province":"ฉะเชิงเทรา","source_group":"MOC_1","source_path":"STC/Shapefile/STC PDD/MOC_1.shp","source_crs":"EPSG:32647","pdd_area_rai":98.75,"geometry_area_rai":98.7535,"geometry_parts":4,"boundary_role":"primary","pdd_verified_geometry":true}},{"type":"Feature","geometry":{"type":"MultiPolygon","coordinates":[[[[99.44247932775882,10.881349524760825,0.0],[99.44207140427191,10.881777682094432,0.0],[99.44179044797087,10.881994319782102,0.0],[99.44136709481563,10.881994928623111,0.0],[99.44074955914488,10.882213919836612,0.0],[99.44050973063963,10.882451653820805,0.0],[99.44049112906242,10.882791518413928,0.0],[99.44054738345507,10.883012562779587,0.0],[99.44072418297476,10.883208580811445,0.0],[99.44096703320207,10.883591395226746,0.0],[99.44129464093498,10.883914259035892,0.0],[99.44163029130493,10.884050300381078,0.0],[99.44202150448888,10.883988669841319,0.0],[99.4424347897338,10.883806406040867,0.0],[99.44298596373395,10.883516976774061,0.0],[99.44301055362675,10.883489892316213,0.0],[99.44301464400536,10.883483583111667,0.0],[99.44311529953148,10.883158560519208,0.0],[99.4433379141135,10.882952275826945,0.0],[99.44345126385645,10.882905473518745,0.0],[99.44351801295839,10.882855054565022,0.0],[99.44370858506127,10.88279922493361,0.0],[99.44397076973533,10.882690967913916,0.0],[99.44423900872334,10.882536304307083,0.0],[99.4438185909553,10.882201365300864,0.0],[99.4436231341004,10.882006600024635,0.0],[99.44365503395271,10.881523015674714,0.0],[99.44394023685247,10.880930311184978,0.0],[99.44393743906166,10.880908441471457,0.0],[99.44366480508675,10.880829613196124,0.0],[99.44319450822003,10.880850504447261,0.0],[99.44288733578199,10.881111511087424,0.0],[99.44247932775882,10.881349524760825,0.0]]],[[[99.4457619269714,10.890879736710549,0.0],[99.44569271154944,10.89084565780094,0.0],[99.44559030394942,10.89076492745951,0.0],[99.445549118597,10.890583010797348,0.0],[99.44558188089918,10.89040011927012,0.0],[99.44585682613167,10.890216930067306,0.0],[99.44595756638864,10.890110624805516,0.0],[99.44610702651813,10.889732973398079,0.0],[99.4460861181799,10.889429709413603,0.0],[99.4459629623209,10.889153552794243,0.0],[99.4457716351529,10.888890974139219,0.0],[99.44553947426739,10.888682375491284,0.0],[99.44528704626028,10.888601862785785,0.0],[99.44495978836359,10.888642776542959,0.0],[99.44485965655905,10.888679403468233,0.0],[99.44465251077207,10.888763749641553,0.0],[99.44440550538133,10.88884552560666,0.0],[99.44431232055724,10.888879611205159,0.0],[99.4440327959768,10.888920454815224,0.0],[99.44385544877002,10.888887011726275,0.0],[99.44372050857501,10.888817905987286,0.0],[99.44368418946512,10.888813008180154,0.0],[99.44350235039119,10.88863380740188,0.0],[99.443514207482,10.888466290869601,0.0],[99.44352822747585,10.88839366160694,0.0],[99.44352658198625,10.888385413056415,0.0],[99.44352569705337,10.887787510485307,0.0],[99.44348322746902,10.887455639066557,0.0],[99.4431892193071,10.88735233484246,0.0],[99.44280893926265,10.887409275221486,0.0],[99.44275007978797,10.887438469277445,0.0],[99.44262938455189,10.887677928265942,0.0],[99.44249691977963,10.888144724826265,0.0],[99.442444099603,10.888232023882779,0.0],[99.44242894414054,10.888314454748373,0.0],[99.44231993641598,10.888472415269828,0.0],[99.44229246229187,10.88848264358853,0.0],[99.44227956147067,10.888503965495568,0.0],[99.44221986186838,10.88850967192445,0.0],[99.44205118481439,10.888572468444687,0.0],[99.44185788813112,10.888556135857028,0.0],[99.44179894559569,10.888511253976917,0.0],[99.44154093379987,10.888349493949331,0.0],[99.44143146129343,10.887990724060057,0.0],[99.44148257196342,10.887746463513361,0.0],[99.44147848934085,10.887701218736334,0.0],[99.44152813731378,10.887177903237701,0.0],[99.44143521486335,10.88684581867966,0.0],[99.44107349314726,10.886580563642148,0.0],[99.44088846662947,10.886472857236683,0.0],[99.44082937667447,10.886290222915495,0.0],[99.44084635137808,10.886098317483413,0.0],[99.44085623973493,10.886080883169608,0.0],[99.44085968223271,10.8860533378444,0.0],[99.44096829111464,10.885825861110424,0.0],[99.44106545604276,10.885777668166519,0.0],[99.44142340496622,10.885529246277809,0.0],[99.44203836947524,10.88546756897318,0.0],[99.4421232625494,10.885486247647052,0.0],[99.44225088685059,10.885477052666683,0.0],[99.44244465146608,10.885536594669793,0.0],[99.44268681759674,10.885584102500713,0.0],[99.44290489794167,10.885715394612003,0.0],[99.44314702891376,10.885738973631334,0.0],[99.44327410317648,10.885746639362905,0.0],[99.44340813857481,10.885630377739826,0.0],[99.44348315192599,10.885452355142164,0.0],[99.4437490806536,10.88502972032437,0.0],[99.44376325730823,10.88498433594317,0.0],[99.44384872227509,10.884871361678883,0.0],[99.44392001919357,10.884758050643635,0.0],[99.44399692561768,10.88461638583762,0.0],[99.44404489995225,10.884361430735513,0.0],[99.44393208090088,10.88412075147154,0.0],[99.44367870950491,10.883898801488582,0.0],[99.44335989983955,10.88378810393789,0.0],[99.44313493263111,10.883760639541968,0.0],[99.44303177319784,10.883714471945394,0.0],[99.44302950330899,10.883698932559746,0.0],[99.44251509829321,10.883969054728155,0.0],[99.44207408515099,10.884163546610418,0.0],[99.4416083775247,10.884236913302985,0.0],[99.44119134570411,10.884067887523019,0.0],[99.44082306163507,10.883704935534395,0.0],[99.44057732728193,10.883317574146766,0.0],[99.44038087577685,10.883099768239797,0.0],[99.44030689844466,10.882809088468726,0.0],[99.44033077454567,10.88237287680687,0.0],[99.44064902663133,10.882057403626366,0.0],[99.44133513021217,10.881814096543394,0.0],[99.44172739290492,10.88181353266846,0.0],[99.44194778885941,10.881643591378692,0.0],[99.44236392495529,10.881206814942667,0.0],[99.44278034523684,10.880963893668833,0.0],[99.44312314431774,10.880672614949274,0.0],[99.4436869832677,10.880647568830293,0.0],[99.44410394044456,10.880768125648498,0.0],[99.4441287428473,10.880961946636598,0.0],[99.44383544335109,10.88156817243329,0.0],[99.44381146472737,10.881931688296822,0.0],[99.44410605744866,10.88219781567673,0.0],[99.44433655841769,10.88230256359051,0.0],[99.4443505612069,10.882274781269912,0.0],[99.44442315713599,10.882253140557987,0.0],[99.4447571706437,10.882202407083884,0.0],[99.44476965262,10.882204102156003,0.0],[99.44483828725721,10.88218343641651,0.0],[99.44509142393017,10.882247911511971,0.0],[99.445161007597,10.882338716735465,0.0],[99.44525133812688,10.882402690191066,0.0],[99.44546233204524,10.882653633276199,0.0],[99.44563727896963,10.883084092176375,0.0],[99.44581038142553,10.88338856695998,0.0],[99.44597513284617,10.88351032314297,0.0],[99.44631099455682,10.883530581271387,0.0],[99.44658351611646,10.883301981701173,0.0],[99.4465830214893,10.88297004912856,0.0],[99.44641467469756,10.882679851394084,0.0],[99.44608798787038,10.882340959867493,0.0],[99.44601921221695,10.882228039192688,0.0],[99.44597202209123,10.882005791534112,0.0],[99.44598116010252,10.881848304056051,0.0],[99.44609341527895,10.881709193324639,0.0],[99.44652190176441,10.881467270298362,0.0],[99.4471052191306,10.881268131619052,0.0],[99.44872734609022,10.880435462826373,0.0],[99.44879054145038,10.880389893279018,0.0],[99.44916467920666,10.87989839849236,0.0],[99.44927673833087,10.879629601924654,0.0],[99.44918232750247,10.879166581472594,0.0],[99.44896622311278,10.87879637105574,0.0],[99.44879732323797,10.878657669515857,0.0],[99.44854421624265,10.878611723152584,0.0],[99.44831006066086,10.878704696864292,0.0],[99.44818954251343,10.878779393654174,0.0],[99.4479836067581,10.879150778585599,0.0],[99.44766914171761,10.879400186669336,0.0],[99.44731238965511,10.87944219670005,0.0],[99.44716955286094,10.879377288378342,0.0],[99.44714968320835,10.879377763672824,0.0],[99.44712744127688,10.879358151888386,0.0],[99.44703934738807,10.879318119935354,0.0],[99.4468197081246,10.879018459115146,0.0],[99.44673906226001,10.878918611048105,0.0],[99.44660572757233,10.878787209662029,0.0],[99.44638350599406,10.878696699193366,0.0],[99.44596470250907,10.878697307135072,0.0],[99.44587521566493,10.87868573272312,0.0],[99.44563079564271,10.878719544914489,0.0],[99.44519491669185,10.878641212993918,0.0],[99.44500976902334,10.87857379268048,0.0],[99.44470167214453,10.878533941688097,0.0],[99.44408275241715,10.87827546753887,0.0],[99.44390437368796,10.878062672654268,0.0],[99.44377025958991,10.877867932559091,0.0],[99.44375402862558,10.87779425739911,0.0],[99.4437611557528,10.877693571101476,0.0],[99.44379122818272,10.877599676483996,0.0],[99.44401579339421,10.877358509787415,0.0],[99.4440351799236,10.877347439757244,0.0],[99.44404547751947,10.877336380847472,0.0],[99.44408707773371,10.877317805236142,0.0],[99.44432479954992,10.877182061902701,0.0],[99.44458702926808,10.877061261368189,0.0],[99.44475746608425,10.876876943516177,0.0],[99.44487344625259,10.876603561305416,0.0],[99.44483103782221,10.876313181008536,0.0],[99.44441076934159,10.8759818554783,0.0],[99.44417933960489,10.875608765432233,0.0],[99.4441158213881,10.875235431669852,0.0],[99.44424129390065,10.874924062995156,0.0],[99.44501640158575,10.873927141124753,0.0],[99.44523364636521,10.87347881972716,0.0],[99.4445474465075,10.87354075999814,0.0],[99.44332795412186,10.873650957525747,0.0],[99.44166869325564,10.873800852027774,0.0],[99.4405666667184,10.874213295507229,0.0],[99.439379683026,10.8746576901004,0.0],[99.43888694256131,10.87452683197857,0.0],[99.4386876951974,10.874473917177326,0.0],[99.43864906750055,10.874463658670969,0.0],[99.43817433247955,10.875497413175136,0.0],[99.4376469682331,10.876646008406643,0.0],[99.43711421794688,10.877806276838271,0.0],[99.43719471356526,10.878229684852117,0.0],[99.43708936986246,10.878369900985145,0.0],[99.437084301999,10.878436266320708,0.0],[99.43694952240259,10.878646276904197,0.0],[99.43676205963781,10.878805561239734,0.0],[99.43665253658538,10.878951339532788,0.0],[99.4363655625773,10.878806645575759,0.0],[99.43636449902249,10.878806646709457,0.0],[99.4358594361641,10.878632887797606,0.0],[99.43551333027602,10.878600489720892,0.0],[99.43537564680551,10.87860647678302,0.0],[99.4347066015078,10.878693696201973,0.0],[99.43463656322689,10.878726782415129,0.0],[99.43457539134131,10.878796750569625,0.0],[99.43455877838429,10.878976051063802,0.0],[99.43468633620552,10.879657015958587,0.0],[99.4344373082582,10.879965565749517,0.0],[99.43440084192537,10.880057699902984,0.0],[99.43434200681776,10.88008364561156,0.0],[99.4341449928972,10.880327748326975,0.0],[99.43405778302214,10.880301649734267,0.0],[99.43408682294857,10.88042994548562,0.0],[99.43421142221938,10.880560422725344,0.0],[99.43440578100206,10.88063527779588,0.0],[99.43468536673635,10.88067053301877,0.0],[99.43537009975036,10.88058363602602,0.0],[99.4355494299623,10.880583381517905,0.0],[99.43569469925103,10.880646481549956,0.0],[99.43578834115908,10.88082853850632,0.0],[99.43585741898477,10.881084983784996,0.0],[99.435858064698,10.881529534860197,0.0],[99.43581246996955,10.881745134730242,0.0],[99.4356502790372,10.881926003682162,0.0],[99.43554817630736,10.882153953042572,0.0],[99.43557666682976,10.882375362533027,0.0],[99.43561354442961,10.88245524841102,0.0],[99.43572638236675,10.88262523916354,0.0],[99.4357265496406,10.882740925253518,0.0],[99.43565760311596,10.882822941625475,0.0],[99.43550904950307,10.882829826835058,0.0],[99.43529982312839,10.882787931917557,0.0],[99.43524816607008,10.882793157877988,0.0],[99.43495732801836,10.882956526922221,0.0],[99.43472425072366,10.883014470241685,0.0],[99.43457107459545,10.883151122226531,0.0],[99.43460814015361,10.88379392704814,0.0],[99.43470656465627,10.883890931521298,0.0],[99.43527185960869,10.88400982279513,0.0],[99.43553163687562,10.884242570038621,0.0],[99.43565579727726,10.884629249740163,0.0],[99.435730898762,10.884718064087458,0.0],[99.43591717893474,10.884774790624133,0.0],[99.43600162977145,10.884707818111341,0.0],[99.43619312871,10.884675992003464,0.0],[99.43650498032066,10.885005337226572,0.0],[99.4366405908906,10.885339032470434,0.0],[99.43661554567099,10.885667018817912,0.0],[99.43642109965407,10.88578270760593,0.0],[99.4360989301216,10.885554116129574,0.0],[99.43581701424385,10.88544312270198,0.0],[99.43563329713903,10.885426878247875,0.0],[99.43542092943238,10.885532205946626,0.0],[99.43528694123938,10.885631827446904,0.0],[99.4352503712077,10.885728636767233,0.0],[99.43534488006226,10.885899308306488,0.0],[99.4355266447389,10.886063515518861,0.0],[99.43565454092436,10.886583943294406,0.0],[99.43551516579231,10.886952901855013,0.0],[99.43530251929587,10.887081758516393,0.0],[99.43497850075727,10.887140009403929,0.0],[99.43489586205447,10.88723557945849,0.0],[99.43488151696852,10.887379446704134,0.0],[99.43507414635484,10.887720997526065,0.0],[99.43509316976017,10.887771542086197,0.0],[99.43540238361318,10.888149605419995,0.0],[99.43600883603905,10.88889106137345,0.0],[99.43713898257808,10.889210328793718,0.0],[99.43815333330976,10.88949692744135,0.0],[99.43910818489486,10.889766697075451,0.0],[99.43851100447932,10.89099127063073,0.0],[99.43941960842824,10.891480507219683,0.0],[99.43979470126455,10.89137225762362,0.0],[99.440317496955,10.892522063342609,0.0],[99.44072977046261,10.893428837171161,0.0],[99.44179798069234,10.894175767297911,0.0],[99.44293838309994,10.893183010187855,0.0],[99.44392026111122,10.893773508640566,0.0],[99.4446665859942,10.894222266744237,0.0],[99.4453075289106,10.892812254061708,0.0],[99.44604647066814,10.89226490040491,0.0],[99.446598555479,10.892359780679387,0.0],[99.4469651812751,10.891623689219394,0.0],[99.44691507187318,10.891480747338678,0.0],[99.44665687651371,10.89129575409584,0.0],[99.44611214635854,10.890957872507855,0.0],[99.4457619269714,10.890879736710549,0.0]]],[[[99.44490369675506,10.87454700273694,0.0],[99.44485859215037,10.874619895192083,0.0],[99.44482973344948,10.87465701236028,0.0],[99.44466826977187,10.874897165685276,0.0],[99.44443862386352,10.875124818746206,0.0],[99.44439043673098,10.875280423718912,0.0],[99.44445110024336,10.875376049977708,0.0],[99.44459647662603,10.875459589391895,0.0],[99.44476661235527,10.875757529075186,0.0],[99.44492414574626,10.876033399051273,0.0],[99.44495678450531,10.8761068447983,0.0],[99.4450732315445,10.876300977208393,0.0],[99.44512041987156,10.876523224866963,0.0],[99.44502733464384,10.87694946664462,0.0],[99.44487355105467,10.87712294649923,0.0],[99.44474444155989,10.877289905497612,0.0],[99.44434534940557,10.877529768061153,0.0],[99.44410341979207,10.877637796187402,0.0],[99.44404305685914,10.877745561705877,0.0],[99.44410386244341,10.877936901797144,0.0],[99.4445763087893,10.878187467580311,0.0],[99.44472357920219,10.878240698241642,0.0],[99.44506217348061,10.878288131791923,0.0],[99.44551685002266,10.878421601975402,0.0],[99.44584490291999,10.878448915285299,0.0],[99.44632283503086,10.878429694974512,0.0],[99.44638333078015,10.878448485711164,0.0],[99.44639237124349,10.8784480470317,0.0],[99.44641886339919,10.87845952258047,0.0],[99.44683065790862,10.878587430665466,0.0],[99.44699626086879,10.87875063333514,0.0],[99.44723741677342,10.879079648507004,0.0],[99.44736118597001,10.879135893007135,0.0],[99.4475475884505,10.87911394235459,0.0],[99.44774772807521,10.87895520841621,0.0],[99.44779853077762,10.878863589982757,0.0],[99.44795392013735,10.878695953655399,0.0],[99.44828148919943,10.878399054173096,0.0],[99.44859067432019,10.87834302371163,0.0],[99.44892557195767,10.878412200462721,0.0],[99.44928470992147,10.878694010220434,0.0],[99.44943547409433,10.878996869226727,0.0],[99.44944354223288,10.879005916760558,0.0],[99.44944884670039,10.879023732432048,0.0],[99.44951971176533,10.879166087744816,0.0],[99.44953042392747,10.879297718743107,0.0],[99.44958953123698,10.879496236951121,0.0],[99.44946931052142,10.880046767972214,0.0],[99.44919140763453,10.88038217331064,0.0],[99.44913265569564,10.880429829381896,0.0],[99.44909059215719,10.880491349396321,0.0],[99.44894388092771,10.880582952047275,0.0],[99.44892542966913,10.880597918577063,0.0],[99.4489069585566,10.880606005389684,0.0],[99.44858498520898,10.880807036615506,0.0],[99.44747998011707,10.881392228168853,0.0],[99.44717990512856,10.88152605538319,0.0],[99.44695571661336,10.881573406475807,0.0],[99.44691755109467,10.881593879476366,0.0],[99.44673854853592,10.881631399260673,0.0],[99.44645771843662,10.881690262352162,0.0],[99.44631264109404,10.881810115693902,0.0],[99.4462282113315,10.882013630543973,0.0],[99.4462890014664,10.882193005843003,0.0],[99.44660434538787,10.882611295820872,0.0],[99.44681048086828,10.882850280752418,0.0],[99.44687143196406,10.88313733384779,0.0],[99.44677511143529,10.883484437036973,0.0],[99.44655749431887,10.883664217273227,0.0],[99.44627917541344,10.883724443189235,0.0],[99.4462247912003,10.88371230968944,0.0],[99.4459839417056,10.883719461384091,0.0],[99.44579636560987,10.883627101909298,0.0],[99.4455523651496,10.8834051402351,0.0],[99.44541137393584,10.883127449372376,0.0],[99.44523377671749,10.882826761046246,0.0],[99.44496054739142,10.88247041727604,0.0],[99.44491148116165,10.882433108223301,0.0],[99.44475212092225,10.88247041349732,0.0],[99.44453455644046,10.88268608498995,0.0],[99.44426846665984,10.882830041082691,0.0],[99.44383474987944,10.882939981917216,0.0],[99.44337767134256,10.883130392853403,0.0],[99.44323585653181,10.883350112602487,0.0],[99.44322330127189,10.88342945865546,0.0],[99.44321888254548,10.883491886141686,0.0],[99.44333145518256,10.883565828400366,0.0],[99.44352833386557,10.883611860199196,0.0],[99.44386236815383,10.883727484236044,0.0],[99.44399534795035,10.88386976890615,0.0],[99.44411273589722,10.883930976985207,0.0],[99.44423413739699,10.884170086237129,0.0],[99.44428291074209,10.884409300549207,0.0],[99.44415030805487,10.884780384013423,0.0],[99.44412105164741,10.884811616717572,0.0],[99.44411511721894,10.884827212106192,0.0],[99.4437205057722,10.88544113588817,0.0],[99.44354655747243,10.885786253545342,0.0],[99.44340602522264,10.885849003016544,0.0],[99.44337506780522,10.88588517186328,0.0],[99.4430992565255,10.885979326384868,0.0],[99.4428146705607,10.885971213600712,0.0],[99.44244353654005,10.885750142255302,0.0],[99.44202949856259,10.885674029033277,0.0],[99.4415208168323,10.885742947678933,0.0],[99.44119336468208,10.88590536164314,0.0],[99.44107294995675,10.886118616980642,0.0],[99.44107327641063,10.886340222523296,0.0],[99.44115482611663,10.886415863093866,0.0],[99.44129610643868,10.88649538786148,0.0],[99.44139024185698,10.886577849914927,0.0],[99.4415480545991,10.886671949151223,0.0],[99.44157968005604,10.88674379639233,0.0],[99.44162335935555,10.88678205909542,0.0],[99.44172049760586,10.886985311501135,0.0],[99.44167153324564,10.887207323279807,0.0],[99.44169637348894,10.887839429246318,0.0],[99.44173133193551,10.888154741448195,0.0],[99.44186092334299,10.888316498008013,0.0],[99.44201618409966,10.888341844500621,0.0],[99.44219715197706,10.888256350450257,0.0],[99.44228311007755,10.888068713200614,0.0],[99.44237757846253,10.887804354787223,0.0],[99.44238983352405,10.887706295409282,0.0],[99.44248653942232,10.887483825618167,0.0],[99.44258711959993,10.887309266309607,0.0],[99.44278860820778,10.887184393644889,0.0],[99.44292055404038,10.887168392907045,0.0],[99.44322558069605,10.88719206845921,0.0],[99.44345322812005,10.887275266744279,0.0],[99.4436698536157,10.887305534327023,0.0],[99.44375469376904,10.887377197127828,0.0],[99.44377911597219,10.887520732730897,0.0],[99.44373099759221,10.88772419443635,0.0],[99.44370553952383,10.887856646048307,0.0],[99.44370605429106,10.88820464033196,0.0],[99.44377380741531,10.888561676580155,0.0],[99.44388324411649,10.888694405722301,0.0],[99.44410176228658,10.888719006676858,0.0],[99.44439575965666,10.888643831447714,0.0],[99.44475688332359,10.888502115380392,0.0],[99.44502283533566,10.888435990928317,0.0],[99.44532818304924,10.888426539053585,0.0],[99.44568977526295,10.888600428367134,0.0],[99.44595908174631,10.888874117246802,0.0],[99.44616128801313,10.889230957442816,0.0],[99.44619718355322,10.88946869952093,0.0],[99.446216113383,10.889719335179237,0.0],[99.4461419696762,10.890077946140348,0.0],[99.44605578854384,10.89023511166113,0.0],[99.4457560525998,10.890483485524491,0.0],[99.44572229564751,10.890550459835852,0.0],[99.44572240176751,10.890622164581282,0.0],[99.44578307363004,10.890701048614618,0.0],[99.44631330761315,10.890878455176622,0.0],[99.44673979310706,10.89121023306589,0.0],[99.44698125576515,10.891432876409446,0.0],[99.44675628757268,10.890321256820629,0.0],[99.44649679898818,10.889038678792023,0.0],[99.44672311877697,10.8875891686053,0.0],[99.44695723119133,10.88608999605653,0.0],[99.44778031321096,10.886050540999708,0.0],[99.44837917445938,10.885063800354157,0.0],[99.4480778952787,10.884289004733832,0.0],[99.44830080124105,10.883378781105918,0.0],[99.44853989500025,10.8824026938293,0.0],[99.44910891044793,10.881532932498917,0.0],[99.44973014053363,10.880583417490776,0.0],[99.45064639591449,10.881364545237583,0.0],[99.45137658156403,10.881986953435225,0.0],[99.4516439464111,10.880713009797617,0.0],[99.45186788479509,10.879645872459115,0.0],[99.45212534360981,10.878419332985889,0.0],[99.45202198632572,10.877471150773033,0.0],[99.45189209274595,10.876278101153535,0.0],[99.45248608866213,10.875484535782727,0.0],[99.45301588917201,10.874776890740955,0.0],[99.45294811716197,10.874188780887565,0.0],[99.45451229001027,10.873785468224796,0.0],[99.4557743616975,10.87346001077092,0.0],[99.45530185249858,10.873024800054523,0.0],[99.45434777522968,10.872937130544203,0.0],[99.45304523045309,10.87281750452428,0.0],[99.45165493792514,10.87293829606556,0.0],[99.45033215930177,10.873053195248845,0.0],[99.44882576879428,10.873184092471979,0.0],[99.44736146026328,10.87331130427333,0.0],[99.44579072416265,10.87342853360001,0.0],[99.44551157679878,10.873453731716225,0.0],[99.4454772187843,10.873520105004037,0.0],[99.4452238450311,10.874070827792574,0.0],[99.44490369675506,10.87454700273694,0.0]]],[[[99.4330791218041,10.879506264402648,0.0],[99.43316324942943,10.879378730994874,0.0],[99.43326721051342,10.879138017205785,0.0],[99.43341331617165,10.878884455153527,0.0],[99.43361442706424,10.878685106032878,0.0],[99.43371134406125,10.878547842932626,0.0],[99.43374232532715,10.878500876494089,0.0],[99.43374224231806,10.878443916825798,0.0],[99.433078253059,10.878270425939432,0.0],[99.43224374695144,10.878052468946368,0.0],[99.43239758408129,10.879151530418842,0.0],[99.43252156102132,10.880037199856925,0.0],[99.43263596198013,10.880944226395044,0.0],[99.43280178437494,10.882166718918992,0.0],[99.4329418052202,10.883199236855331,0.0],[99.43307812715392,10.884204085350325,0.0],[99.43322693617421,10.885301344581436,0.0],[99.4343704565314,10.885136939518194,0.0],[99.43454578835752,10.886158644905601,0.0],[99.43395217195526,10.886376717011943,0.0],[99.43470234503724,10.887293694548461,0.0],[99.434787714111,10.887398072468388,0.0],[99.43480762237391,10.887198425766774,0.0],[99.43492900926638,10.887058044293388,0.0],[99.43527366994398,10.886993157308444,0.0],[99.43544046900253,10.886892083402989,0.0],[99.43555899605087,10.886578315337035,0.0],[99.43544431450358,10.886111663422582,0.0],[99.43527191896396,10.885955919729952,0.0],[99.43515000776671,10.88573576389445,0.0],[99.43521057081124,10.885575439055337,0.0],[99.43537251712803,10.885455030625218,0.0],[99.43561552383743,10.885334506182572,0.0],[99.4358384684706,10.885354220221132,0.0],[99.43614261918657,10.885473966750235,0.0],[99.43642662149142,10.88567386175935,0.0],[99.43652786087218,10.88561362786669,0.0],[99.43654774668124,10.885353212081103,0.0],[99.43642571857214,10.88505293924181,0.0],[99.43616186557767,10.884772895752576,0.0],[99.43604030421672,10.884793099022376,0.0],[99.43593909541299,10.884873361716298,0.0],[99.43567553379893,10.884793616132521,0.0],[99.43557403361484,10.88467358182038,0.0],[99.4354518912918,10.884293187480687,0.0],[99.4352286849559,10.884093206136578,0.0],[99.43466109133637,10.8839738310275,0.0],[99.43451903352661,10.883833823672084,0.0],[99.43447745966711,10.8831128084094,0.0],[99.43467984759697,10.882932253320856,0.0],[99.43492293884258,10.882871819778702,0.0],[99.43522980011522,10.882699451218732,0.0],[99.43530016217278,10.882695723528855,0.0],[99.43551609659062,10.882738962033505,0.0],[99.43561301203097,10.882734469919908,0.0],[99.4356350022536,10.882708312238885,0.0],[99.43563492041527,10.882651704412693,0.0],[99.43553337166782,10.882499443794352,0.0],[99.43548917718385,10.882403708264563,0.0],[99.43546256084858,10.882277467731008,0.0],[99.43545592924778,10.882136496302337,0.0],[99.43557236986904,10.881876537372362,0.0],[99.43572787703995,10.881703121102182,0.0],[99.43576655148524,10.881520247561424,0.0],[99.43576593634897,10.881096880916338,0.0],[99.4357028084379,10.880862525685083,0.0],[99.43562770425518,10.880716168216615,0.0],[99.43553027440271,10.880673847020484,0.0],[99.43537592735719,10.880674066455077,0.0],[99.43468487840448,10.88076164333523,0.0],[99.43438304254344,10.880723582227573,0.0],[99.43415901512651,10.880637301270498,0.0],[99.43400302142237,10.880473947514707,0.0],[99.43395720981135,10.880271551967514,0.0],[99.43325377104475,10.880061038186428,0.0],[99.4330791218041,10.879506264402648,0.0]]]]},"properties":{"plot":"18-VSD","province":"ชุมพร","source_group":"MOC_2","source_path":"VSD/Shapefile/VSD PDD/VSD 32647/MOC_2.shp","source_crs":"EPSG:32647","pdd_area_rai":1909.77,"geometry_area_rai":1909.7783,"geometry_parts":4,"boundary_role":"primary","pdd_verified_geometry":true}},{"type":"Feature","geometry":{"type":"Polygon","coordinates":[[[99.13649525057437,10.053786276564928,0.0],[99.13623322718522,10.053790442078899,0.0],[99.13519737381023,10.053790866590333,0.0],[99.13406734301753,10.053769788691561,0.0],[99.13254471471645,10.053737236107777,0.0],[99.13208978717412,10.053727508758229,0.0],[99.13072796886229,10.053735228247906,0.0],[99.13006152558692,10.053685236927352,0.0],[99.12996269714924,10.053652128963092,0.0],[99.13093916491063,10.05355868728362,0.0],[99.1290278333829,10.053630630175224,0.0],[99.12707895093293,10.053704903558542,0.0],[99.12638550168958,10.054021727520784,0.0],[99.12633112238349,10.054989512256238,0.0],[99.1262039555482,10.056527129923174,0.0],[99.12617705053056,10.057748150256991,0.0],[99.12814355198691,10.057747143111953,0.0],[99.12954328541944,10.057756768580814,0.0],[99.13091349106482,10.057791533552468,0.0],[99.13225499896909,10.057736733363587,0.0],[99.13375169388566,10.057790399507368,0.0],[99.1352209891574,10.057789802357547,0.0],[99.13665378634323,10.057807303164564,0.0],[99.13662517711033,10.054876891055702,0.0],[99.13649525057437,10.053786276564928,0.0]]]},"properties":{"plot":"19-VSD","province":"ชุมพร","source_group":"MOC_2","source_path":"VSD/Shapefile/VSD PDD/VSD 32647/MOC_2.shp","source_crs":"EPSG:32647","pdd_area_rai":316.38,"geometry_area_rai":316.3766,"geometry_parts":1,"boundary_role":"primary","pdd_verified_geometry":true}},{"type":"Feature","geometry":{"type":"Polygon","coordinates":[[[99.61958897774917,7.35101671844683,0.0],[99.61972271593066,7.350652760116818,0.0],[99.61985055815677,7.350206985064345,0.0],[99.62044947876052,7.350014281034303,0.0],[99.62176509068644,7.349521100918135,0.0],[99.62250362654117,7.349160160712873,0.0],[99.62354833029127,7.349045937819821,0.0],[99.62450811825511,7.34879086400724,0.0],[99.62512946525266,7.348846384553043,0.0],[99.62543927180502,7.348253895001279,0.0],[99.62509996479162,7.347944242233038,0.0],[99.62407837451742,7.347673787315501,0.0],[99.62358770350977,7.347664664592627,0.0],[99.62334880670215,7.347721133023924,0.0],[99.62249369622714,7.347580068065725,0.0],[99.6211178279255,7.347166268408614,0.0],[99.62067696227206,7.347320046183259,0.0],[99.62054322588921,7.347684003613948,0.0],[99.62029408130684,7.347799223855132,0.0],[99.62000618223959,7.347627308553511,0.0],[99.61958475902948,7.347972517817483,0.0],[99.61943165844434,7.3482024798606185,0.0],[99.61937436533475,7.348374873601588,0.0],[99.61876063739356,7.348337427630216,0.0],[99.61864591807473,7.348586484079021,0.0],[99.61893394934236,7.348854129514509,0.0],[99.61956671772992,7.349164226547884,0.0],[99.61976482398752,7.349474078965613,0.0],[99.61951078529455,7.3495590100403065,0.0],[99.6184373706882,7.349334944851874,0.0],[99.61814839243442,7.349372154301531,0.0],[99.61812945361146,7.349544493183886,0.0],[99.61890079853312,7.349861304555589,0.0],[99.61911621314277,7.350123419160523,0.0],[99.6179003558168,7.350291501551626,0.0],[99.61807212722692,7.3506887240054635,0.0],[99.6188063184569,7.350659518522037,0.0],[99.61884116268959,7.3510943335367065,0.0],[99.61870713312778,7.351247686831356,0.0],[99.61911004469289,7.351381152518228,0.0],[99.61960887165219,7.351533630772504,0.0],[99.61958897774917,7.35101671844683,0.0]]]},"properties":{"plot":"66-VSD","province":"ตรัง","source_group":"MOC_1","source_path":"VSD/Shapefile/VSD PDD/VSD 32647/MOC_1.shp","source_crs":"EPSG:32647","pdd_area_rai":97.17,"geometry_area_rai":97.1678,"geometry_parts":1,"boundary_role":"primary","pdd_verified_geometry":true}},{"type":"Feature","geometry":{"type":"MultiPolygon","coordinates":[[[[102.667185164899,12.170208662049475,0.0],[102.66736408398755,12.169704135337538,0.0],[102.66649488802646,12.169317261778943,0.0],[102.6662672056701,12.170146685992524,0.0],[102.66680931743524,12.17012415853147,0.0],[102.667185164899,12.170208662049475,0.0]]],[[[102.66561643188173,12.168939344189495,0.0],[102.66544028050842,12.170116878000444,0.0],[102.66606453328993,12.170115755048311,0.0],[102.66622909583086,12.169251760592806,0.0],[102.66579893366728,12.169076432953739,0.0],[102.66561643188173,12.168939344189495,0.0]]]]},"properties":{"plot":"1-VSD","province":"ตราด","source_group":"MOC_1","source_path":"VSD/Shapefile/VSD PDD/VSD 32648/MOC_1.shp","source_crs":"EPSG:32648","pdd_area_rai":9.47,"geometry_area_rai":9.4798,"geometry_parts":2,"boundary_role":"primary","pdd_verified_geometry":true}},{"type":"Feature","geometry":{"type":"MultiPolygon","coordinates":[[[[102.66766653757718,12.163462533121027,0.0],[102.66744047152876,12.163407381132084,0.0],[102.66678937426614,12.16546384844927,0.0],[102.66705104278927,12.165580890703362,0.0],[102.66806874681724,12.163682802622061,0.0],[102.66766653757718,12.163462533121027,0.0]]],[[[102.66857868904987,12.16524137012229,0.0],[102.66916123061078,12.16479446594964,0.0],[102.66883102830182,12.163689236665414,0.0],[102.66875763414978,12.163679580858068,0.0],[102.66849011295328,12.163812869211387,0.0],[102.66814151049358,12.163764744575788,0.0],[102.66760895132295,12.16479943525941,0.0],[102.66857868904987,12.16524137012229,0.0]]],[[[102.66811483062844,12.165770602471545,0.0],[102.66806043489197,12.165688815512162,0.0],[102.6682479802154,12.165247614804036,0.0],[102.66753476867879,12.164880136493265,0.0],[102.66715175327238,12.165617886984887,0.0],[102.66799338688686,12.166004523722801,0.0],[102.66811483062844,12.165770602471545,0.0]]]]},"properties":{"plot":"2-VSD","province":"ตราด","source_group":"MOC_1","source_path":"VSD/Shapefile/VSD PDD/VSD 32648/MOC_1.shp","source_crs":"EPSG:32648","pdd_area_rai":24.64,"geometry_area_rai":24.6424,"geometry_parts":3,"boundary_role":"primary","pdd_verified_geometry":true}},{"type":"Feature","geometry":{"type":"MultiPolygon","coordinates":[[[[102.66845318667998,12.16090471575712,0.0],[102.66877097094695,12.160157002996144,0.0],[102.66872503794697,12.160134035996165,0.0],[102.66842231905153,12.160890905411799,0.0],[102.66845318667998,12.16090471575712,0.0]]],[[[102.668089018947,12.161601036996133,0.0],[102.66792599094705,12.162030022996177,0.0],[102.66843703594701,12.162192966996171,0.0],[102.66860400294696,12.161786024996113,0.0],[102.668089018947,12.161601036996133,0.0]]],[[[102.66813000694701,12.16151797199619,0.0],[102.66868698394694,12.161687034996168,0.0],[102.6689100269469,12.161239021996183,0.0],[102.668340978947,12.161052021996156,0.0],[102.66813000694701,12.16151797199619,0.0]]],[[[102.66935703294688,12.160758990996083,0.0],[102.668708022947,12.160537037996141,0.0],[102.66847198794702,12.16099200799615,0.0],[102.66910197194692,12.161214965996146,0.0],[102.66922300694695,12.16111203699615,0.0],[102.66935703294688,12.160758990996083,0.0]]],[[[102.66951442575743,12.16001181068638,0.0],[102.6694029659469,12.159985005996152,0.0],[102.6692080029469,12.159929014996154,0.0],[102.66884003794692,12.16003496199617,0.0],[102.66871900294693,12.160499989996145,0.0],[102.6694039719469,12.16073602399618,0.0],[102.66951442575743,12.16001181068638,0.0]]]]},"properties":{"plot":"3-VSD","province":"ตราด","source_group":"MOC_1","source_path":"VSD/Shapefile/VSD PDD/VSD 32648/MOC_1.shp","source_crs":"EPSG:32648","pdd_area_rai":10.42,"geometry_area_rai":10.4035,"geometry_parts":5,"boundary_role":"primary","pdd_verified_geometry":true}},{"type":"Feature","geometry":{"type":"MultiPolygon","coordinates":[[[[102.66509287288112,12.163400471610373,0.0],[102.66541313768096,12.163838029163292,0.0],[102.66565600394735,12.163682011996194,0.0],[102.66538099394735,12.163206003996201,0.0],[102.66509287288112,12.163400471610373,0.0]]],[[[102.66568098194732,12.163538010996193,0.0],[102.66608398394727,12.163263000996208,0.0],[102.66583101794727,12.16289897399615,0.0],[102.6654110009473,12.163155963996202,0.0],[102.66568098194732,12.163538010996193,0.0]]],[[[102.66589203794724,12.16285203599616,0.0],[102.66614500394722,12.163202985996184,0.0],[102.66658103094723,12.162888999996186,0.0],[102.66628799994723,12.162577025996201,0.0],[102.66589203794724,12.16285203599616,0.0]]],[[[102.66721897794712,12.162423971996171,0.0],[102.66777201594707,12.161821983996125,0.0],[102.66777603894705,12.161651998996193,0.0],[102.66774301394707,12.161557031996194,0.0],[102.66736297894711,12.161318985996138,0.0],[102.66721503794712,12.161332983996177,0.0],[102.66715099994711,12.161380005996195,0.0],[102.66666501794718,12.161916028996185,0.0],[102.66659703994718,12.162038990996157,0.0],[102.6665849699472,12.162119959996147,0.0],[102.66663702194715,12.16220302499617,0.0],[102.66679996594715,12.162338979996196,0.0],[102.66703700594712,12.162446015996172,0.0],[102.66715804094713,12.162459007996137,0.0],[102.66721897794712,12.162423971996171,0.0]]],[[[102.6674789839471,12.160469982996181,0.0],[102.6674047073375,12.160450712260623,0.0],[102.66663601594716,12.160628986996176,0.0],[102.6663800329472,12.1610139679962,0.0],[102.66636896894722,12.161198034996215,0.0],[102.66611801494723,12.161524006996176,0.0],[102.66614600994721,12.16161696199615,0.0],[102.66633996694722,12.161751994996173,0.0],[102.66658999994716,12.161826006996188,0.0],[102.6672860329471,12.161000975996135,0.0],[102.6674789839471,12.160469982996181,0.0]]],[[[102.66737999394707,12.161158974996136,0.0],[102.6674229929471,12.161251008996171,0.0],[102.6676440239471,12.161387968996168,0.0],[102.66779498194701,12.161470027996192,0.0],[102.66794401194706,12.1613719589962,0.0],[102.668066974947,12.161210020996185,0.0],[102.66819002094698,12.160899973996184,0.0],[102.668191026947,12.160839037996157,0.0],[102.66813604194702,12.160810036996127,0.0],[102.66766900194708,12.160555980996213,0.0],[102.66756799994708,12.160581964996158,0.0],[102.66753103594709,12.16060400899618,0.0],[102.6673639849471,12.16110801299619,0.0],[102.66737999394707,12.161158974996136,0.0]]]]},"properties":{"plot":"4-VSD","province":"ตราด","source_group":"MOC_1","source_path":"VSD/Shapefile/VSD PDD/VSD 32648/MOC_1.shp","source_crs":"EPSG:32648","pdd_area_rai":21.66,"geometry_area_rai":21.6176,"geometry_parts":6,"boundary_role":"primary","pdd_verified_geometry":true}},{"type":"Feature","geometry":{"type":"MultiPolygon","coordinates":[[[[102.66720799694708,12.159014967996178,0.0],[102.66730698794709,12.159304981996174,0.0],[102.66734797494706,12.159390979996196,0.0],[102.66754997894708,12.160064968996187,0.0],[102.668093963947,12.159864976996134,0.0],[102.66810703994699,12.15981401499617,0.0],[102.66790696394702,12.159160980996182,0.0],[102.66797401894699,12.158926035996137,0.0],[102.66720799694708,12.159014967996178,0.0]]],[[[102.66647902294719,12.159704965996161,0.0],[102.66645697894721,12.159843015996143,0.0],[102.66666099394715,12.160297985996168,0.0],[102.66678202894714,12.160364035996169,0.0],[102.66728796094708,12.160175023996182,0.0],[102.66734998694712,12.160081983996161,0.0],[102.6671810079471,12.159586026996148,0.0],[102.66706399594713,12.159547972996158,0.0],[102.66647902294719,12.159704965996161,0.0]]],[[[102.66701635386873,12.15902920423059,0.0],[102.6665327077316,12.159096668226534,0.0],[102.66639201894719,12.159025025996176,0.0],[102.66616201994721,12.1590940099962,0.0],[102.66622496794719,12.159288972996183,0.0],[102.66640098794721,12.159640006996163,0.0],[102.6665149819472,12.159633971996199,0.0],[102.66657700794717,12.159577980996131,0.0],[102.66662604194721,12.159578985996168,0.0],[102.66710800094712,12.159482007996187,0.0],[102.66714798294713,12.159376982996195,0.0],[102.66701635386873,12.15902920423059,0.0]]],[[[102.66828297594698,12.159887020996148,0.0],[102.66948795894686,12.159544033996115,0.0],[102.66953699294687,12.159471027996112,0.0],[102.66948502494688,12.158902985996125,0.0],[102.66943196794689,12.158883958996102,0.0],[102.66803503994701,12.159023014996162,0.0],[102.66802003594704,12.159233986996142,0.0],[102.668199995947,12.159807979996119,0.0],[102.66828297594698,12.159887020996148,0.0]]]]},"properties":{"plot":"5-VSD","province":"ตราด","source_group":"MOC_1","source_path":"VSD/Shapefile/VSD PDD/VSD 32648/MOC_1.shp","source_crs":"EPSG:32648","pdd_area_rai":20.21,"geometry_area_rai":20.1679,"geometry_parts":4,"boundary_role":"primary","pdd_verified_geometry":true}},{"type":"Feature","geometry":{"type":"MultiPolygon","coordinates":[[[[102.28660838437983,12.287949000971812,0.0],[102.28579341238085,12.287699974970096,0.0],[102.28560339437993,12.288141951969445,0.0],[102.28746442837833,12.288391984973462,0.0],[102.2875652439792,12.287745430776004,0.0],[102.28674836238069,12.287526971972285,0.0],[102.28660838437983,12.287949000971812,0.0]]],[[[102.28574818403503,12.287300495548987,0.0],[102.28615388826745,12.28760960649655,0.0],[102.28673851504651,12.287037234778975,0.0],[102.2862915672781,12.286725648468325,0.0],[102.28574818403503,12.287300495548987,0.0]]],[[[102.28581899797618,12.28653103999843,0.0],[102.28518096697621,12.287218020998441,0.0],[102.28553099597615,12.287325979998458,0.0],[102.28615201097615,12.286718962998465,0.0],[102.28581899797618,12.28653103999843,0.0]]],[[[102.28575898297615,12.28651796499843,0.0],[102.28539998597618,12.286335993998447,0.0],[102.28473697797621,12.287080976998453,0.0],[102.28512497597622,12.287203017998474,0.0],[102.28575898297615,12.28651796499843,0.0]]]]},"properties":{"plot":"6-VSD","province":"ตราด","source_group":"MOC_1","source_path":"VSD/Shapefile/VSD PDD/VSD 32648/MOC_1.shp","source_crs":"EPSG:32648","pdd_area_rai":15.79,"geometry_area_rai":15.7789,"geometry_parts":4,"boundary_role":"primary","pdd_verified_geometry":true}},{"type":"Feature","geometry":{"type":"Polygon","coordinates":[[[102.50652003996159,12.185142030997328,0.0],[102.50695397096158,12.18486601499737,0.0],[102.50727801596152,12.18468001999731,0.0],[102.50733802996157,12.184624028997387,0.0],[102.50725999496156,12.184312976997322,0.0],[102.5068350319616,12.184553034997311,0.0],[102.50640202296162,12.184886969997342,0.0],[102.50652003996159,12.185142030997328,0.0]]]},"properties":{"plot":"7-VSD","province":"ตราด","source_group":"MOC_1","source_path":"VSD/Shapefile/VSD PDD/VSD 32648/MOC_1.shp","source_crs":"EPSG:32648","pdd_area_rai":2.35,"geometry_area_rai":2.3552,"geometry_parts":1,"boundary_role":"primary","pdd_verified_geometry":true}},{"type":"Feature","geometry":{"type":"MultiPolygon","coordinates":[[[[102.66809396394696,12.156803989996185,0.0],[102.66853099694694,12.156800971996148,0.0],[102.66859302294695,12.156745986996112,0.0],[102.6686029969469,12.156280036996138,0.0],[102.66855203494691,12.156248017996152,0.0],[102.66816797694696,12.156221027996168,0.0],[102.66812397194695,12.156276013996191,0.0],[102.66805599394698,12.156727965996156,0.0],[102.66809396394696,12.156803989996185,0.0]]],[[[102.66858732269206,12.157344766899346,0.0],[102.66863099294694,12.157273040996186,0.0],[102.66861397794693,12.15691395999617,0.0],[102.66854298294695,12.156839025996153,0.0],[102.66807401594697,12.156844976996172,0.0],[102.66803897894701,12.156918988996178,0.0],[102.66798298794701,12.157298018996187,0.0],[102.66801802394698,12.157357027996168,0.0],[102.66858732269206,12.157344766899346,0.0]]]]},"properties":{"plot":"8-VSD","province":"ตราด","source_group":"MOC_1","source_path":"VSD/Shapefile/VSD PDD/VSD 32648/MOC_1.shp","source_crs":"EPSG:32648","pdd_area_rai":4.44,"geometry_area_rai":4.431,"geometry_parts":2,"boundary_role":"primary","pdd_verified_geometry":true}},{"type":"Feature","geometry":{"type":"Polygon","coordinates":[[[99.99158128435116,8.601541036885088,0.0],[100.00221533677163,8.595989976954591,0.0],[100.01651228231044,8.58405397828807,0.0],[100.0156555373093,8.583406163432265,0.0],[100.01476882939625,8.584297050768914,0.0],[100.00189853708453,8.594357354005082,0.0],[99.99088281059518,8.600373023495374,0.0],[99.99158128435116,8.601541036885088,0.0]]]},"properties":{"plot":"22-VSD","province":"นครศรีธรรมราช","source_group":"MOC_1","source_path":"VSD/Shapefile/VSD PDD/VSD 32647/MOC_1.shp","source_crs":"EPSG:32647","pdd_area_rai":300.44,"geometry_area_rai":300.64,"geometry_parts":1,"boundary_role":"primary","pdd_verified_geometry":true}},{"type":"Feature","geometry":{"type":"Polygon","coordinates":[[[99.9921508537813,8.602287022724447,0.0],[100.0030821974166,8.596942857272511,0.0],[100.01166277601786,8.589402890828678,0.0],[100.01102460720293,8.588608698630008,0.0],[100.0094107854805,8.58996951947641,0.0],[100.00221533677163,8.595989976954591,0.0],[99.99636779463694,8.599029343729944,0.0],[99.99158128435116,8.601541036885088,0.0],[99.9921508537813,8.602287022724447,0.0]]]},"properties":{"plot":"23-VSD","province":"นครศรีธรรมราช","source_group":"MOC_1","source_path":"VSD/Shapefile/VSD PDD/VSD 32647/MOC_1.shp","source_crs":"EPSG:32647","pdd_area_rai":200.12,"geometry_area_rai":200.1202,"geometry_parts":1,"boundary_role":"primary","pdd_verified_geometry":true}},{"type":"Feature","geometry":{"type":"MultiPolygon","coordinates":[[[[99.78281231599291,11.764314374454113,0.0],[99.78301365682401,11.764114881046943,0.0],[99.78351731469,11.763724659219703,0.0],[99.78337726342615,11.763606846056607,0.0],[99.78305842598662,11.763725946659328,0.0],[99.78269239591607,11.764097677391865,0.0],[99.78281231599291,11.764314374454113,0.0]]],[[[99.77632612274817,11.758411629401522,0.0],[99.77658884487897,11.758632055491296,0.0],[99.7766507050083,11.75849307148647,0.0],[99.77655162935253,11.758212481625717,0.0],[99.77632612274817,11.758411629401522,0.0]]],[[[99.77999946433917,11.766095503119317,0.0],[99.7797512211093,11.765805773718332,0.0],[99.77936618320754,11.765951510569481,0.0],[99.77964242473735,11.76627629490325,0.0],[99.77999946433917,11.766095503119317,0.0]]],[[[99.77616783809522,11.761695201936584,0.0],[99.77569141764967,11.761340673774537,0.0],[99.77559028957275,11.76127764933134,0.0],[99.77537865367883,11.761079283623882,0.0],[99.77533291887875,11.761133664583921,0.0],[99.77510328290947,11.761061946433479,0.0],[99.77501429798393,11.761117421480147,0.0],[99.77588576331209,11.761918882742709,0.0],[99.7761881854813,11.761764332826347,0.0],[99.77616783809522,11.761695201936584,0.0]]],[[[99.77785606676247,11.76189941885505,0.0],[99.77795954240938,11.761804721102916,0.0],[99.7779133492125,11.76175130484493,0.0],[99.77769337366661,11.761796404140725,0.0],[99.77751875000273,11.761706452477883,0.0],[99.77756504300622,11.761851010614324,0.0],[99.77770658095307,11.761878449354896,0.0],[99.77785606676247,11.76189941885505,0.0]]],[[[99.77891670889643,11.762769685079867,0.0],[99.77901743119438,11.762688025097853,0.0],[99.7789805181586,11.762615783778418,0.0],[99.7788152998614,11.762607192190114,0.0],[99.77891670889643,11.762769685079867,0.0]]],[[[99.7787248992549,11.763095748450462,0.0],[99.77858629754594,11.762761544442755,0.0],[99.77839375034844,11.762825369358376,0.0],[99.77854943150714,11.763208665247378,0.0],[99.7787248992549,11.763095748450462,0.0]]],[[[99.77880500349694,11.762209338537637,0.0],[99.77809732979048,11.761849559122885,0.0],[99.77802416497563,11.76194018638759,0.0],[99.77831900960163,11.762355349372095,0.0],[99.77857567098161,11.762246135684695,0.0],[99.77863081147646,11.76227311347177,0.0],[99.77880500349694,11.762209338537637,0.0]]],[[[99.78297285782782,11.756175449294858,0.0],[99.78290854105951,11.756148497462567,0.0],[99.78266098766824,11.75623056137708,0.0],[99.78253317143378,11.756466023755147,0.0],[99.78281761258472,11.756447158092648,0.0],[99.78287229233344,11.756311366643972,0.0],[99.78297285782782,11.756175449294858,0.0]]],[[[99.77930931362056,11.763005298004229,0.0],[99.77916648578662,11.762721908125707,0.0],[99.77899035693252,11.762850868845861,0.0],[99.77903687988245,11.763076810944979,0.0],[99.77918412534845,11.763221092981112,0.0],[99.77926664561012,11.76319373923063,0.0],[99.77925716283663,11.763085251946654,0.0],[99.77930931362056,11.763005298004229,0.0]]],[[[99.78313867270842,11.755669169279038,0.0],[99.78341389837017,11.756364136885072,0.0],[99.78392707640054,11.756142237971389,0.0],[99.78382703774047,11.755993822636013,0.0],[99.78313867270842,11.755669169279038,0.0]]],[[[99.7823569923323,11.755824470556473,0.0],[99.78227442352231,11.75583373966669,0.0],[99.7821739598905,11.756005827565831,0.0],[99.78216478273528,11.756005852718795,0.0],[99.78208057502916,11.756088029038754,0.0],[99.7820674455231,11.756196424471337,0.0],[99.78211958615043,11.756250131238456,0.0],[99.7821928502877,11.75619567384659,0.0],[99.78224755583861,11.756068925193475,0.0],[99.78243066487393,11.755914696220888,0.0],[99.7823569923323,11.755824470556473,0.0]]],[[[99.78188549769402,11.76435308801609,0.0],[99.78248162186516,11.764206768878395,0.0],[99.78237993436116,11.763962884318882,0.0],[99.78187550311894,11.764063747090837,0.0],[99.78172009966048,11.764281199350075,0.0],[99.78160084411756,11.764299611733948,0.0],[99.78165657245872,11.764534570769985,0.0],[99.78191320875234,11.76441631136058,0.0],[99.78188549769402,11.76435308801609,0.0]]],[[[99.77941915980944,11.763224149275127,0.0],[99.77922111486765,11.763320462352226,0.0],[99.77931370331856,11.763609577881299,0.0],[99.77941485849738,11.763681643582377,0.0],[99.77948815053874,11.763636229450253,0.0],[99.77947879493225,11.763572955662468,0.0],[99.77956855447819,11.763518878749618,0.0],[99.77941915980944,11.763224149275127,0.0]]],[[[99.77622080431726,11.762007431355242,0.0],[99.7760000952001,11.762151206109987,0.0],[99.77612480326934,11.76245424279336,0.0],[99.77637692564281,11.762310002635987,0.0],[99.77622080431726,11.762007431355242,0.0]]],[[[99.78073802914028,11.765695347170398,0.0],[99.78218952810076,11.76476822123633,0.0],[99.78206968490284,11.76457865196915,0.0],[99.7822254458923,11.764487797181069,0.0],[99.78240831722084,11.764647044906829,0.0],[99.7827006253876,11.764463560987544,0.0],[99.7827942259469,11.764404842649146,0.0],[99.78264686665585,11.764224400962297,0.0],[99.78214264460664,11.76441568220714,0.0],[99.7806945986583,11.765124985362332,0.0],[99.78079621379496,11.765359818961612,0.0],[99.78073802914028,11.765695347170398,0.0]]],[[[99.77892446189027,11.76226326894834,0.0],[99.77872294118153,11.762399460708657,0.0],[99.77878738625039,11.76247162689658,0.0],[99.77904450543046,11.762525181347458,0.0],[99.77892446189027,11.76226326894834,0.0]]],[[[99.78116170510124,11.764789124040126,0.0],[99.78135412527578,11.764680083762972,0.0],[99.7811880382845,11.764364042123038,0.0],[99.78123356824652,11.76423731874282,0.0],[99.78103189435619,11.764319255983661,0.0],[99.78116170510124,11.764789124040126,0.0]]],[[[99.7772437339133,11.76181571522703,0.0],[99.77721602419068,11.761752491333283,0.0],[99.7766946808304,11.76163751280941,0.0],[99.77680477454818,11.761853932086469,0.0],[99.7772437339133,11.76181571522703,0.0]]],[[[99.78348906615686,11.763471584831107,0.0],[99.78361071093956,11.763671728561892,0.0],[99.78424076577429,11.763180150658853,0.0],[99.78387355468254,11.763163038444716,0.0],[99.78348906615686,11.763471584831107,0.0]]],[[[99.78050289171297,11.76548722061577,0.0],[99.78038366103137,11.765514675219789,0.0],[99.78042075329662,11.765650215142562,0.0],[99.78026496553474,11.765732026323953,0.0],[99.78032013237771,11.765768046415976,0.0],[99.77999902238064,11.765805095999088,0.0],[99.78013925947415,11.766024731821835,0.0],[99.78060437935699,11.765676840819285,0.0],[99.78054905952652,11.765586564630098,0.0],[99.78065888325267,11.765477750852677,0.0],[99.78051143184209,11.7652611281858,0.0],[99.78042898759675,11.76531561040181,0.0],[99.78050289171297,11.76548722061577,0.0]]],[[[99.78060119873246,11.765013849381479,0.0],[99.78070959527378,11.76497856626112,0.0],[99.78059434920173,11.764683441144458,0.0],[99.78050767369086,11.764726439520722,0.0],[99.78047639160678,11.76482589619527,0.0],[99.78060119873246,11.765013849381479,0.0]]],[[[99.77767999563854,11.757515330412328,0.0],[99.77742734268661,11.757380431544096,0.0],[99.77694266375651,11.757456001861684,0.0],[99.77678838072165,11.75793581554413,0.0],[99.77705583607104,11.758090044270533,0.0],[99.77738137675077,11.75793097229346,0.0],[99.77767999563854,11.757515330412328,0.0]]],[[[99.78242283262871,11.756790699286228,0.0],[99.78274918263324,11.756575517927331,0.0],[99.78249371129844,11.756567465170674,0.0],[99.78227780970931,11.756604020182243,0.0],[99.78242283262871,11.756790699286228,0.0]]],[[[99.77875754885663,11.757682685046797,0.0],[99.77852687134548,11.757791457023245,0.0],[99.77907757038324,11.757891648926009,0.0],[99.77915576502767,11.75773647851301,0.0],[99.77875754885663,11.757682685046797,0.0]]],[[[99.77782612337313,11.759384100178874,0.0],[99.77858210156604,11.759666125774777,0.0],[99.7789066449523,11.759733033532742,0.0],[99.77863714511909,11.759433540204684,0.0],[99.77844235119424,11.759484105414966,0.0],[99.77840920728416,11.759348608552589,0.0],[99.7785220984925,11.759299876487677,0.0],[99.77863204015927,11.759364141837347,0.0],[99.7787351841519,11.759344490709916,0.0],[99.77863807548175,11.759180114045249,0.0],[99.77783911974001,11.759345325514124,0.0],[99.77782612337313,11.759384100178874,0.0]]]]},"properties":{"plot":"66-STC","province":"ประจวบคีรีขันธ์","source_group":"MOC_1","source_path":"STC/Shapefile/STC PDD/MOC_1.shp","source_crs":"EPSG:32647","pdd_area_rai":30.49,"geometry_area_rai":30.4944,"geometry_parts":26,"boundary_role":"primary","pdd_verified_geometry":true}},{"type":"Feature","geometry":{"type":"MultiPolygon","coordinates":[[[[101.07889554288164,6.852771605631103,0.0],[101.07867712229435,6.852698954840894,0.0],[101.0785167047555,6.852740302935504,0.0],[101.0788481371677,6.852836294568909,0.0],[101.07889554288164,6.852771605631103,0.0]]],[[[101.07914272358265,6.852845533018292,0.0],[101.07932411357187,6.852628162686388,0.0],[101.07944917519504,6.852436972543327,0.0],[101.07934959190926,6.852356448767327,0.0],[101.07909584406471,6.852305331143235,0.0],[101.07859329308994,6.852206572600315,0.0],[101.07854288002835,6.852226417052066,0.0],[101.07845568573633,6.852495948266238,0.0],[101.07892632888647,6.852674742255188,0.0],[101.07909240967486,6.852483374591299,0.0],[101.0792273903332,6.8525584928228485,0.0],[101.07919825286847,6.852632920336291,0.0],[101.07907854678304,6.852763807244997,0.0],[101.07905633400956,6.852816472149367,0.0],[101.07914272358265,6.852845533018292,0.0]]]]},"properties":{"plot":"28-STC","province":"ปัตตานี","source_group":"MOC_1","source_path":"STC/Shapefile/STC PDD/MOC_1.shp","source_crs":"EPSG:32647","pdd_area_rai":2.47,"geometry_area_rai":2.4792,"geometry_parts":2,"boundary_role":"primary","pdd_verified_geometry":true}},{"type":"Feature","geometry":{"type":"MultiPolygon","coordinates":[[[[101.0772075665933,6.854725347435243,0.0],[101.07672740943542,6.854457574396985,0.0],[101.0766518029105,6.854487345379585,0.0],[101.07607139827144,6.855036562256439,0.0],[101.07604806532265,6.855154420960582,0.0],[101.07673930438335,6.855422682714403,0.0],[101.0772075665933,6.854725347435243,0.0]]],[[[101.0768410069482,6.855424349105445,0.0],[101.07683772514353,6.855476932110854,0.0],[101.07688435167007,6.855555931647423,0.0],[101.07742371315263,6.8557302253645265,0.0],[101.07767935389714,6.855167686213431,0.0],[101.07771752715897,6.855076404800574,0.0],[101.07757827905645,6.854985186075002,0.0],[101.07756833470476,6.854957195437207,0.0],[101.07725844457745,6.854814851345978,0.0],[101.0768410069482,6.855424349105445,0.0]]]]},"properties":{"plot":"29-STC","province":"ปัตตานี","source_group":"MOC_1","source_path":"STC/Shapefile/STC PDD/MOC_1.shp","source_crs":"EPSG:32647","pdd_area_rai":8.22,"geometry_area_rai":8.2273,"geometry_parts":2,"boundary_role":"primary","pdd_verified_geometry":true}},{"type":"Feature","geometry":{"type":"Polygon","coordinates":[[[101.09787869844142,6.853585904465944,0.0],[101.09885347720441,6.851041380655229,0.0],[101.10289432325325,6.852587638503473,0.0],[101.10480048197141,6.854116096733405,0.0],[101.10311071811867,6.855140515153389,0.0],[101.10174470343964,6.854445885003935,0.0],[101.10050983056244,6.855427617090914,0.0],[101.10215254570157,6.856695075717167,0.0],[101.10243036246942,6.856106254500075,0.0],[101.10271924449574,6.85597842846174,0.0],[101.1028807834196,6.855688438470653,0.0],[101.10319683936079,6.855569533707056,0.0],[101.10340403956296,6.855378784803107,0.0],[101.10368403448877,6.855287156477107,0.0],[101.10391652123059,6.8549679863690525,0.0],[101.10484840382892,6.854730610129575,0.0],[101.10501855016409,6.854341141630392,0.0],[101.10535198010794,6.854059438891985,0.0],[101.10394835423136,6.852937242359858,0.0],[101.10612947549308,6.851913538678882,0.0],[101.104486615563,6.850609931802958,0.0],[101.10372118638183,6.846995016906516,0.0],[101.10223332820374,6.848296500483134,0.0],[101.09759643902267,6.849021890947512,0.0],[101.09689489408228,6.849928962451683,0.0],[101.09749652074603,6.853063248170382,0.0],[101.09787869844142,6.853585904465944,0.0]]]},"properties":{"plot":"88-VSD","province":"ปัตตานี","source_group":"MOC_2","source_path":"VSD/Shapefile/VSD PDD/VSD 32647/MOC_2.shp","source_crs":"EPSG:32647","pdd_area_rai":257.66,"geometry_area_rai":257.65,"geometry_parts":1,"boundary_role":"primary","pdd_verified_geometry":true}},{"type":"Feature","geometry":{"type":"Polygon","coordinates":[[[101.37247363604511,6.870511142675049,0.0],[101.37323207929265,6.870263347075798,0.0],[101.37356725841785,6.8685534238014485,0.0],[101.3724966344078,6.867853729665889,0.0],[101.37149496051966,6.86829253317385,0.0],[101.37247363604511,6.870511142675049,0.0]]]},"properties":{"plot":"89-VSD","province":"ปัตตานี","source_group":"MOC_2","source_path":"VSD/Shapefile/VSD PDD/VSD 32647/MOC_2.shp","source_crs":"EPSG:32647","pdd_area_rai":25.72,"geometry_area_rai":25.7175,"geometry_parts":1,"boundary_role":"primary","pdd_verified_geometry":true}},{"type":"Feature","geometry":{"type":"MultiPolygon","coordinates":[[[[101.33996932645618,6.873082468570827,0.0],[101.34010694368939,6.873087774674967,0.0],[101.34022101290626,6.873170918836324,0.0],[101.34032895377976,6.873224199453928,0.0],[101.34043660207362,6.873217694555476,0.0],[101.34057985025608,6.873151228693285,0.0],[101.34065145969717,6.873115006477356,0.0],[101.34068705957765,6.873055045535611,0.0],[101.34068682548208,6.87300721715705,0.0],[101.3406446875546,6.872953614939466,0.0],[101.34057269775042,6.872912116024848,0.0],[101.34053619081543,6.8727867419716,0.0],[101.34049988871652,6.872703217745982,0.0],[101.3404277819344,6.872637804598012,0.0],[101.34023609210935,6.8725849332876505,0.0],[101.34015844209476,6.872609227562878,0.0],[101.33997349488958,6.872711769209389,0.0],[101.33989610808696,6.872789870410368,0.0],[101.33990830626308,6.872837640348404,0.0],[101.3399742554415,6.872867211520819,0.0],[101.34004612820263,6.872884796345053,0.0],[101.34015978778464,6.872884240847006,0.0],[101.34027365215091,6.872925535165962,0.0],[101.34029778527987,6.872967268052235,0.0],[101.34024412206497,6.873003402500272,0.0],[101.34021421164391,6.873003548694366,0.0],[101.34007641891995,6.872962371313537,0.0],[101.33991484412901,6.8729512035769575,0.0],[101.33977710991844,6.872921983198477,0.0],[101.33972327115121,6.872922246290917,0.0],[101.339693653216,6.872982177966813,0.0],[101.33964034091872,6.873090054984748,0.0],[101.33958682386181,6.873156082140416,0.0],[101.33954500773552,6.873168243863071,0.0],[101.33947908776311,6.873144651189368,0.0],[101.3394608782724,6.873090931906157,0.0],[101.33949064247913,6.873060892995053,0.0],[101.33957412847747,6.873006676801112,0.0],[101.33961565210663,6.872934729561564,0.0],[101.33956155010551,6.872881185666743,0.0],[101.339507682088,6.872875470180981,0.0],[101.33944167442421,6.872833941829456,0.0],[101.33944146970609,6.87279209196044,0.0],[101.33944111876367,6.872720349327623,0.0],[101.33940525550352,6.87272650324588,0.0],[101.33935754504886,6.872756629827832,0.0],[101.33935786673615,6.87282239391175,0.0],[101.33934056385806,6.872954009761875,0.0],[101.33928687129129,6.872984165573222,0.0],[101.33922106832158,6.8729844870653825,0.0],[101.33913124926734,6.872966989787192,0.0],[101.33911913888025,6.872937155466632,0.0],[101.33911902191265,6.872913241250331,0.0],[101.33914271632749,6.872865295919598,0.0],[101.33923218444528,6.8728110505586955,0.0],[101.33924391467446,6.872763163678847,0.0],[101.33922538357245,6.872643680281583,0.0],[101.33917705904003,6.872548257214817,0.0],[101.33910530328184,6.872554586448734,0.0],[101.33905169844654,6.872602677887275,0.0],[101.33901624453186,6.872692531539189,0.0],[101.33899844447244,6.872722511979184,0.0],[101.3389085962264,6.872699036084617,0.0],[101.33886059334878,6.872669377074336,0.0],[101.33875860552287,6.872610088252009,0.0],[101.33874649517246,6.872580253910686,0.0],[101.33877018962572,6.872532308590746,0.0],[101.33887159268994,6.872472026311209,0.0],[101.33892525601469,6.872435892001522,0.0],[101.3389908542562,6.872393720692235,0.0],[101.3390266882703,6.872381588257027,0.0],[101.33906835816892,6.872339533825981,0.0],[101.33905035344911,6.872327664381155,0.0],[101.33894252980478,6.872298297576487,0.0],[101.33886490893114,6.872328570203757,0.0],[101.33877549929082,6.8723947725918615,0.0],[101.33870374352931,6.8724011017596,0.0],[101.33864371806035,6.87235954403433,0.0],[101.33858389307082,6.872272205231619,0.0],[101.33827906552257,6.8723966441897835,0.0],[101.33977521442218,6.873548443159737,0.0],[101.33979719151739,6.873358329731079,0.0],[101.33979654797454,6.873226801607476,0.0],[101.339808073378,6.873137064872791,0.0],[101.33984379039289,6.873101018161192,0.0],[101.33996932645618,6.873082468570827,0.0]]],[[[101.34216460397498,6.873041841265271,0.0],[101.34215302046836,6.873119620824566,0.0],[101.34221316333785,6.8731850921355955,0.0],[101.34240476552391,6.873220026877191,0.0],[101.34260632046558,6.873280423838279,0.0],[101.34300106321956,6.872903679422651,0.0],[101.3429116310814,6.872888719344554,0.0],[101.34264844920716,6.872895985771728,0.0],[101.3425112422297,6.872974379942796,0.0],[101.34246350277235,6.872998528236755,0.0],[101.34230782241535,6.872969396443871,0.0],[101.34221216777591,6.872981821749948,0.0],[101.34216460397498,6.873041841265271,0.0]]],[[[101.34129809961308,6.874451070855111,0.0],[101.34127414194664,6.874445209343253,0.0],[101.3412198053999,6.874343837402219,0.0],[101.34117772580684,6.874302192384225,0.0],[101.34111195201791,6.87430849274266,0.0],[101.34101051981403,6.874362796983575,0.0],[101.34091703495722,6.874427456877524,0.0],[101.34126578958056,6.874695939066355,0.0],[101.34216944896052,6.874312511005233,0.0],[101.3421955768393,6.874280580888761,0.0],[101.34211069824302,6.874249799188079,0.0],[101.34190718998035,6.874226880076014,0.0],[101.34168596966605,6.874251876999186,0.0],[101.34150685817869,6.874324497356389,0.0],[101.34144140645454,6.874396561740891,0.0],[101.34135193849147,6.874450807527421,0.0],[101.34129809961308,6.874451070855111,0.0]]],[[[101.34109473051983,6.87196447909057,0.0],[101.34118443289177,6.872006343286175,0.0],[101.34122621957191,6.871988202922887,0.0],[101.34131513863798,6.8719127488351,0.0],[101.34118894251178,6.871930494096999,0.0],[101.34109473051983,6.87196447909057,0.0]]],[[[101.3424404908452,6.871964328631438,0.0],[101.3425420687687,6.871939917007677,0.0],[101.34272136413203,6.871962025385725,0.0],[101.34245422387939,6.871752573122738,0.0],[101.34196641256065,6.871821168428559,0.0],[101.3421291893984,6.871918021824989,0.0],[101.3422309722862,6.8719354600519935,0.0],[101.34232677311223,6.871952927515451,0.0],[101.34239269290802,6.871976519805806,0.0],[101.3424404908452,6.871964328631438,0.0]]],[[[101.34201693537722,6.872205547721433,0.0],[101.34201109968569,6.872235469688297,0.0],[101.34196922521637,6.87223567449119,0.0],[101.3419032175609,6.872194146520864,0.0],[101.34181342800969,6.872182628271514,0.0],[101.34171179140678,6.872195082684124,0.0],[101.34158059568608,6.8722794258635505,0.0],[101.34147326965784,6.8723516949282635,0.0],[101.34134222017742,6.872465930793833,0.0],[101.34129450993079,6.8724960575192,0.0],[101.34125861749058,6.872496233017697,0.0],[101.34124040787212,6.8724425138602125,0.0],[101.34124005667803,6.872370771319014,0.0],[101.34125152330081,6.872269077555135,0.0],[101.34126929391739,6.8722331185393335,0.0],[101.34137090130444,6.872214685669522,0.0],[101.3414127757899,6.872214480919546,0.0],[101.3414424812614,6.872172484857359,0.0],[101.34144233492324,6.872142592135889,0.0],[101.34139424424164,6.872094997780024,0.0],[101.34126252168244,6.872071727071088,0.0],[101.34112484631899,6.872054464113175,0.0],[101.34107091991392,6.87203679168629,0.0],[101.3410035864734,6.871997357367502,0.0],[101.34050735243679,6.8721763629030335,0.0],[101.34066563135615,6.872343686118758,0.0],[101.3409785135049,6.872712835325365,0.0],[101.3411823723914,6.872807497610262,0.0],[101.34140972059384,6.872812364604825,0.0],[101.34162463625196,6.872721633307099,0.0],[101.34192919506106,6.872612527445182,0.0],[101.34221035241704,6.872611152218423,0.0],[101.34244382885105,6.872645882187011,0.0],[101.34260534473756,6.872645092005947,0.0],[101.34276049781788,6.872566610038737,0.0],[101.34288585765165,6.8725121885402425,0.0],[101.34312484739637,6.872451232314257,0.0],[101.34332013020172,6.872431488599452,0.0],[101.3428592282629,6.872070118090785,0.0],[101.34270428719168,6.872082611808075,0.0],[101.34220147184328,6.872019305922624,0.0],[101.34208795900919,6.872049754543191,0.0],[101.3420343839015,6.872103824738045,0.0],[101.34201693537722,6.872205547721433,0.0]]],[[[101.34330087390597,6.872617538152986,0.0],[101.34316736624561,6.872582555213464,0.0],[101.3430420943223,6.872654912392887,0.0],[101.34307830892219,6.872720500665264,0.0],[101.34314643837313,6.872764932482433,0.0],[101.34330087390597,6.872617538152986,0.0]]],[[[101.33930816773926,6.872445978866856,0.0],[101.33939203384664,6.872469483922202,0.0],[101.3395955708197,6.872498382952203,0.0],[101.33984696442865,6.872527048033401,0.0],[101.34003812770791,6.87247230561813,0.0],[101.34025934757389,6.872447309705044,0.0],[101.34031318626695,6.87244704657045,0.0],[101.34038488342092,6.872428760068656,0.0],[101.34041458901132,6.872386764035542,0.0],[101.34035438793985,6.872309335281153,0.0],[101.34027568125313,6.872259932998661,0.0],[101.33969028977111,6.872471099061949,0.0],[101.33930961205064,6.872301224519807,0.0],[101.33927802339915,6.872398296562618,0.0],[101.33930816773926,6.872445978866856,0.0]]],[[[101.33897812991661,6.8722383367081,0.0],[101.33911562185664,6.872214657684258,0.0],[101.33892893451879,6.8721313495821,0.0],[101.33883941474322,6.872167894107132,0.0],[101.33897812991661,6.8722383367081,0.0]]],[[[101.34078786509939,6.87409484474645,0.0],[101.34078733828359,6.8739872309070265,0.0],[101.34077505215815,6.873921525392976,0.0],[101.34069719714489,6.873903969989288,0.0],[101.34061948845752,6.8739163073079474,0.0],[101.34058397633353,6.873994203909837,0.0],[101.3405041746731,6.874109623292137,0.0],[101.34070086799474,6.874261044472619,0.0],[101.34078786509939,6.87409484474645,0.0]]],[[[101.34252404239226,6.873735639670164,0.0],[101.34242392997213,6.87381504812903,0.0],[101.34235992089761,6.8739373264515065,0.0],[101.34236061439034,6.874078893226147,0.0],[101.3426865030993,6.873680633472707,0.0],[101.34252404239226,6.873735639670164,0.0]]]]},"properties":{"plot":"90-VSD","province":"ปัตตานี","source_group":"MOC_2","source_path":"VSD/Shapefile/VSD PDD/VSD 32647/MOC_2.shp","source_crs":"EPSG:32647","pdd_area_rai":22.41,"geometry_area_rai":22.4228,"geometry_parts":11,"boundary_role":"primary","pdd_verified_geometry":true}},{"type":"Feature","geometry":{"type":"Polygon","coordinates":[[[101.16487218497228,6.859182429616086,0.0],[101.1647990523792,6.859011005226283,0.0],[101.16468957817179,6.858803585949979,0.0],[101.16449866195819,6.858587494307417,0.0],[101.16427160839771,6.858380605237039,0.0],[101.16381974630451,6.858464000504822,0.0],[101.16338605471867,6.858565392894153,0.0],[101.16293366145707,6.8585312736993265,0.0],[101.16249247494099,6.8589762082303825,0.0],[101.16314380898372,6.859000391299631,0.0],[101.1635152498441,6.859134312193381,0.0],[101.16392291007098,6.859277109085137,0.0],[101.16435782673912,6.859446901712067,0.0],[101.16478312732106,6.859490181385088,0.0],[101.16487218497228,6.859182429616086,0.0]]]},"properties":{"plot":"91-VSD","province":"ปัตตานี","source_group":"MOC_1","source_path":"VSD/Shapefile/VSD PDD/VSD 32647/MOC_1.shp","source_crs":"EPSG:32647","pdd_area_rai":11.08,"geometry_area_rai":11.09,"geometry_parts":1,"boundary_role":"primary","pdd_verified_geometry":true}},{"type":"Feature","geometry":{"type":"MultiPolygon","coordinates":[[[[101.14347464121055,6.856496280031853,0.0],[101.14343341380457,6.8566028977062645,0.0],[101.14364148178433,6.8566110082933545,0.0],[101.1436500414416,6.8565024921345,0.0],[101.14347464121055,6.856496280031853,0.0]]],[[[101.14326153326299,6.858619547203264,0.0],[101.14396758708155,6.858742950463022,0.0],[101.1439663740432,6.858471761063041,0.0],[101.14395500450938,6.858111039318654,0.0],[101.14335803383382,6.857950168836499,0.0],[101.14324190780171,6.858276121356646,0.0],[101.14326153326299,6.858619547203264,0.0]]]]},"properties":{"plot":"92-VSD","province":"ปัตตานี","source_group":"MOC_1","source_path":"VSD/Shapefile/VSD PDD/VSD 32647/MOC_1.shp","source_crs":"EPSG:32647","pdd_area_rai":3.63,"geometry_area_rai":3.6319,"geometry_parts":2,"boundary_role":"primary","pdd_verified_geometry":true}},{"type":"Feature","geometry":{"type":"Polygon","coordinates":[[[101.06209274428313,6.838074090247093,0.0],[101.06361490889935,6.8386823053441255,0.0],[101.06540076912857,6.837508447257081,0.0],[101.06568146822359,6.837579565644464,0.0],[101.06721037325852,6.835547980954605,0.0],[101.06399716483571,6.835019350462661,0.0],[101.06327350826422,6.835004371354704,0.0],[101.06271159925933,6.836850998774624,0.0],[101.06209274428313,6.838074090247093,0.0]]]},"properties":{"plot":"93-VSD","province":"ปัตตานี","source_group":"MOC_2","source_path":"VSD/Shapefile/VSD PDD/VSD 32647/MOC_2.shp","source_crs":"EPSG:32647","pdd_area_rai":82.63,"geometry_area_rai":82.6259,"geometry_parts":1,"boundary_role":"primary","pdd_verified_geometry":true}},{"type":"Feature","geometry":{"type":"Polygon","coordinates":[[[101.05368372792019,6.8366183909260245,0.0],[101.0541279669306,6.836860584648296,0.0],[101.05472538926374,6.836966519389396,0.0],[101.05526889004567,6.837154046022451,0.0],[101.05592889170342,6.837087944952746,0.0],[101.05640683640483,6.836751410549175,0.0],[101.05771775297038,6.836610203498114,0.0],[101.05942146552663,6.837371343812468,0.0],[101.05978321871898,6.8373607560940615,0.0],[101.06209274428313,6.838074090247093,0.0],[101.06271159925933,6.836850998774624,0.0],[101.06327350826422,6.835004371354704,0.0],[101.06153699473494,6.835029890517068,0.0],[101.05993506654853,6.8348016992390255,0.0],[101.05947459747314,6.834993514738957,0.0],[101.05800984827432,6.8351173028212635,0.0],[101.05697027875382,6.8352573497469145,0.0],[101.05601273010187,6.8355416901968935,0.0],[101.05362471081018,6.835506681388242,0.0],[101.05368372792019,6.8366183909260245,0.0]]]},"properties":{"plot":"94-VSD","province":"ปัตตานี","source_group":"MOC_2","source_path":"VSD/Shapefile/VSD PDD/VSD 32647/MOC_2.shp","source_crs":"EPSG:32647","pdd_area_rai":140.87,"geometry_area_rai":140.8722,"geometry_parts":1,"boundary_role":"primary","pdd_verified_geometry":true}},{"type":"Feature","geometry":{"type":"Polygon","coordinates":[[[101.38210540213814,6.8760038554935115,0.0],[101.38836579154349,6.87461690484625,0.0],[101.38949234079433,6.873833986549217,0.0],[101.39173670148296,6.872331458629873,0.0],[101.39139106324241,6.8719354997234925,0.0],[101.38846979813815,6.87371255289199,0.0],[101.38445359495296,6.8735518062708,0.0],[101.38354923580408,6.871739599502892,0.0],[101.38451066772863,6.870487520182881,0.0],[101.3834288264747,6.86935407133328,0.0],[101.38330095816822,6.869101633433591,0.0],[101.38209552938072,6.868574365414622,0.0],[101.38142334910383,6.86798117439165,0.0],[101.38169811447197,6.870492476346645,0.0],[101.38121049126667,6.8742729411432935,0.0],[101.38150506150491,6.8753108882868075,0.0],[101.38210540213814,6.8760038554935115,0.0]]]},"properties":{"plot":"95-VSD","province":"ปัตตานี","source_group":"MOC_2","source_path":"VSD/Shapefile/VSD PDD/VSD 32647/MOC_2.shp","source_crs":"EPSG:32647","pdd_area_rai":200.38,"geometry_area_rai":200.3834,"geometry_parts":1,"boundary_role":"primary","pdd_verified_geometry":true}},{"type":"Feature","geometry":{"type":"Polygon","coordinates":[[[98.31053195087252,8.874585407412843,0.0],[98.31048352011773,8.874830826195904,0.0],[98.31012264462304,8.875481647315091,0.0],[98.30945474233809,8.876074796317855,0.0],[98.30942674914216,8.87645461508691,0.0],[98.30963563018359,8.8766087579837,0.0],[98.30989000072509,8.876753940941992,0.0],[98.31013588436441,8.8765735045634,0.0],[98.31057202228386,8.87678233433854,0.0],[98.31098251513446,8.876113797216046,0.0],[98.31075794297817,8.874621036387456,0.0],[98.3107023485034,8.874462204176671,0.0],[98.31053195087252,8.874585407412843,0.0]]]},"properties":{"plot":"24-VSD","province":"พังงา","source_group":"MOC_1","source_path":"VSD/Shapefile/VSD PDD/VSD 32647/MOC_1.shp","source_crs":"EPSG:32647","pdd_area_rai":14.51,"geometry_area_rai":14.5102,"geometry_parts":1,"boundary_role":"primary","pdd_verified_geometry":true}},{"type":"Feature","geometry":{"type":"Polygon","coordinates":[[[98.30491432855993,8.908774500301174,0.0],[98.3072690003932,8.908817000020406,0.0],[98.30792800035613,8.909149000248554,0.0],[98.3080195142868,8.909093647158512,0.0],[98.30760800045121,8.908681000323105,0.0],[98.30785787823606,8.907989917299439,0.0],[98.307618000158,8.907746000094251,0.0],[98.30734899996081,8.907201999911534,0.0],[98.30733281625976,8.90668653166217,0.0],[98.30697700015791,8.906893000089042,0.0],[98.30522299996264,8.906979000275934,0.0],[98.30495911507342,8.906627838303452,0.0],[98.30491432855993,8.908774500301174,0.0]]]},"properties":{"plot":"25-VSD","province":"พังงา","source_group":"MOC_1","source_path":"VSD/Shapefile/VSD PDD/VSD 32647/MOC_1.shp","source_crs":"EPSG:32647","pdd_area_rai":39.19,"geometry_area_rai":39.198,"geometry_parts":1,"boundary_role":"primary","pdd_verified_geometry":true}},{"type":"Feature","geometry":{"type":"Polygon","coordinates":[[[98.24757790646139,8.493395198660945,0.0],[98.24794694206554,8.494468290081251,0.0],[98.24832734887315,8.495065966619613,0.0],[98.24872627880816,8.495482786946326,0.0],[98.24896247118416,8.495492286971569,0.0],[98.2488450700468,8.495130277300476,0.0],[98.24869979819692,8.495084774249257,0.0],[98.24850894301375,8.49512058445676,0.0],[98.24848191690057,8.495002952753973,0.0],[98.24877277726586,8.494931157080693,0.0],[98.24862766390339,8.494804253072514,0.0],[98.24875508242293,8.49468691922465,0.0],[98.24870983350408,8.494596386140215,0.0],[98.24849,8.494531,0.0],[98.24859216880763,8.494370044651404,0.0],[98.24871946400253,8.494316022643856,0.0],[98.24865616837906,8.494162142676004,0.0],[98.2486562915667,8.494098830833574,0.0],[98.2488199265214,8.49404487886131,0.0],[98.24882913464391,8.49398158453182,0.0],[98.24864757616247,8.493908877785476,0.0],[98.24862070844306,8.493709845147597,0.0],[98.24851211137658,8.493492565720752,0.0],[98.24833942688764,8.493528410958792,0.0],[98.24831199598111,8.493618803864145,0.0],[98.24820313500526,8.493537192591772,0.0],[98.24813033212654,8.49360036418723,0.0],[98.24792164242415,8.493464292700578,0.0],[98.24757790646139,8.493395198660945,0.0]]]},"properties":{"plot":"27-VSD","province":"พังงา","source_group":"MOC_1","source_path":"VSD/Shapefile/VSD PDD/VSD 32647/MOC_1.shp","source_crs":"EPSG:32647","pdd_area_rai":9.74,"geometry_area_rai":9.7496,"geometry_parts":1,"boundary_role":"primary","pdd_verified_geometry":true}},{"type":"Feature","geometry":{"type":"Polygon","coordinates":[[[98.3554956634326,9.193268305450117,0.0],[98.3559272204566,9.193710574136801,0.0],[98.35619146855454,9.193683910245275,0.0],[98.3562183272974,9.193802005158608,0.0],[98.35632013810849,9.193899154141805,0.0],[98.35660949353748,9.194006907847307,0.0],[98.35679972635235,9.193982950601772,0.0],[98.3569261919905,9.193776388448294,0.0],[98.35624623903492,9.193053011913129,0.0],[98.3554956634326,9.193268305450117,0.0]]]},"properties":{"plot":"28-VSD","province":"พังงา","source_group":"MOC_1","source_path":"VSD/Shapefile/VSD PDD/VSD 32647/MOC_1.shp","source_crs":"EPSG:32647","pdd_area_rai":5.13,"geometry_area_rai":5.1301,"geometry_parts":1,"boundary_role":"primary","pdd_verified_geometry":true}},{"type":"Feature","geometry":{"type":"Polygon","coordinates":[[[98.37160195886094,9.270399615633028,0.0],[98.37180099993803,9.270427000125874,0.0],[98.37204699954678,9.27046200044386,0.0],[98.37216600028819,9.270407000097311,0.0],[98.37242500013225,9.270157999554284,0.0],[98.37285099959313,9.269904000368918,0.0],[98.37280899978751,9.269673999967262,0.0],[98.37268546859015,9.269509017386056,0.0],[98.3725595524854,9.269478762970861,0.0],[98.3723587914246,9.269740699453797,0.0],[98.37235605445977,9.269808291288022,0.0],[98.37234926940211,9.269975837979088,0.0],[98.37207562549095,9.270264780251951,0.0],[98.37160195886094,9.270399615633028,0.0]]]},"properties":{"plot":"29-VSD","province":"พังงา","source_group":"MOC_1","source_path":"VSD/Shapefile/VSD PDD/VSD 32647/MOC_1.shp","source_crs":"EPSG:32647","pdd_area_rai":2.59,"geometry_area_rai":2.5971,"geometry_parts":1,"boundary_role":"primary","pdd_verified_geometry":true}},{"type":"Feature","geometry":{"type":"MultiPolygon","coordinates":[[[[98.46341741901708,8.405622382537324,0.0],[98.46342927023811,8.40552472285988,0.0],[98.46346673277621,8.4055085724089,0.0],[98.46347511533799,8.405229779783529,0.0],[98.46337742150705,8.40523854942993,0.0],[98.46336095259736,8.405075528037587,0.0],[98.4632510381636,8.405334562621416,0.0],[98.46324430885767,8.405513852273149,0.0],[98.46341741901708,8.405622382537324,0.0]]],[[[98.46311894506971,8.406064550562498,0.0],[98.46319870976481,8.40603846387358,0.0],[98.46333428886895,8.405822025013794,0.0],[98.46306859757534,8.405647445628583,0.0],[98.46290252102082,8.405896702712573,0.0],[98.46311894506971,8.406064550562498,0.0]]]]},"properties":{"plot":"30-STC","province":"พังงา","source_group":"MOC_1","source_path":"STC/Shapefile/STC PDD/MOC_1.shp","source_crs":"EPSG:32647","pdd_area_rai":1.33,"geometry_area_rai":1.3353,"geometry_parts":2,"boundary_role":"primary","pdd_verified_geometry":true}},{"type":"Feature","geometry":{"type":"MultiPolygon","coordinates":[[[[98.54532846452588,8.40977193750085,0.0],[98.54532133705476,8.409707378895847,0.0],[98.54528576652471,8.409652355488323,0.0],[98.54462602898063,8.409515375219152,0.0],[98.54460776698424,8.409596759939149,0.0],[98.54447989052154,8.410202633265074,0.0],[98.54454337996714,8.410284112629576,0.0],[98.5451609631659,8.410366233021504,0.0],[98.54525192474527,8.410257797032347,0.0],[98.54532846452588,8.40977193750085,0.0]]],[[[98.54379954837447,8.409414921701455,0.0],[98.5436806061059,8.410147436386124,0.0],[98.54376234700113,8.410156576286136,0.0],[98.5443617733342,8.410229631761776,0.0],[98.54440723309094,8.410193504032428,0.0],[98.54451706942177,8.409479068707748,0.0],[98.5438567848848,8.40940263302636,0.0],[98.54379954837447,8.409414921701455,0.0]]],[[[98.54358980288482,8.410120195767968,0.0],[98.54366262957639,8.409984603843233,0.0],[98.54370861835731,8.409496222102446,0.0],[98.54376320387551,8.409423924651271,0.0],[98.54367239023308,8.409405729141843,0.0],[98.54283668893964,8.409422849143233,0.0],[98.54276394689676,8.409486080262997,0.0],[98.54285393371615,8.410209792277819,0.0],[98.54358980288482,8.410120195767968,0.0]]]]},"properties":{"plot":"30-VSD","province":"พังงา","source_group":"MOC_1","source_path":"VSD/Shapefile/VSD PDD/VSD 32647/MOC_1.shp","source_crs":"EPSG:32647","pdd_area_rai":13.35,"geometry_area_rai":13.3566,"geometry_parts":3,"boundary_role":"primary","pdd_verified_geometry":true}},{"type":"Feature","geometry":{"type":"MultiPolygon","coordinates":[[[[98.30669711909319,8.20388836478046,0.0],[98.306731903789,8.203860395518927,0.0],[98.30666749905822,8.20372095920569,0.0],[98.30681446986289,8.203558292864832,0.0],[98.30686696447337,8.203597519535492,0.0],[98.30701250364636,8.203483752491922,0.0],[98.30695080176868,8.203414524082781,0.0],[98.30706185670874,8.203187649469719,0.0],[98.30721759991361,8.20316547901968,0.0],[98.3072542075919,8.203100109634258,0.0],[98.30718972101015,8.203018688286694,0.0],[98.30727645839411,8.202721671065413,0.0],[98.30754170732284,8.202821542609506,0.0],[98.30767008367862,8.202918579122468,0.0],[98.30761311619669,8.202794185952119,0.0],[98.30749218499565,8.202751002705986,0.0],[98.30750551679392,8.202656762824018,0.0],[98.30782300275122,8.202653014314478,0.0],[98.30775755972455,8.202564927813079,0.0],[98.30781413420492,8.202394005220436,0.0],[98.30741009982218,8.20179130368162,0.0],[98.30704276007943,8.202323583737993,0.0],[98.30673299939582,8.202956188696792,0.0],[98.3066499616872,8.203724856295924,0.0],[98.30668569487814,8.20405957494193,0.0],[98.30669711909319,8.20388836478046,0.0]]],[[[98.30806036802228,8.202151257173563,0.0],[98.3079792193276,8.202120897139006,0.0],[98.30800514600963,8.201954604548874,0.0],[98.30795134226271,8.201963946844556,0.0],[98.30788656520075,8.201829792603288,0.0],[98.30801423535216,8.20170908295459,0.0],[98.3082512849786,8.20133884891995,0.0],[98.30828046224433,8.201223041272033,0.0],[98.3085626362673,8.200906331820196,0.0],[98.3086345282455,8.200950986752924,0.0],[98.30872860223084,8.200872651635567,0.0],[98.30885136205909,8.20085323800568,0.0],[98.30896982116913,8.20090685401726,0.0],[98.30887949019639,8.20064440208031,0.0],[98.30838016858505,8.20065258764396,0.0],[98.30783456287006,8.201176251265437,0.0],[98.30753314602265,8.201613008082097,0.0],[98.30799672014845,8.202268949852526,0.0],[98.30806036802228,8.202151257173563,0.0]]]]},"properties":{"plot":"31-STC","province":"พังงา","source_group":"MOC_1","source_path":"STC/Shapefile/STC PDD/MOC_1.shp","source_crs":"EPSG:32647","pdd_area_rai":11.81,"geometry_area_rai":11.8122,"geometry_parts":2,"boundary_role":"primary","pdd_verified_geometry":true}},{"type":"Feature","geometry":{"type":"MultiPolygon","coordinates":[[[[98.63405719294576,8.395932386944743,0.0],[98.63422948719449,8.396240083683768,0.0],[98.63428395299385,8.396276315035506,0.0],[98.63487456894293,8.396059777970072,0.0],[98.63494731118598,8.39597843856824,0.0],[98.6349837372174,8.39587897511267,0.0],[98.634856774298,8.395661772686378,0.0],[98.63469335164334,8.395580214424093,0.0],[98.63452984446343,8.395589108015239,0.0],[98.63429360345907,8.395670295640636,0.0],[98.63408449357685,8.395878141102513,0.0],[98.63405719294576,8.395932386944743,0.0]]],[[[98.63547356715237,8.396593999369642,0.0],[98.63548264200048,8.396603052965279,0.0],[98.6355826256469,8.396530783848174,0.0],[98.63545590691483,8.396051271016104,0.0],[98.63540145791,8.395996949437583,0.0],[98.63531056608925,8.396060181729386,0.0],[98.63526508217394,8.396132501232445,0.0],[98.63528324028272,8.39614156323989,0.0],[98.63547356715237,8.396593999369642,0.0]]],[[[98.63561843577773,8.397091619377331,0.0],[98.63573651022449,8.397100773759202,0.0],[98.63570938683507,8.396965070679226,0.0],[98.63563701570398,8.396648421751825,0.0],[98.63558250753913,8.396657416542352,0.0],[98.63561843577773,8.397091619377331,0.0]]],[[[98.63323030978005,8.396257245307517,0.0],[98.63334811227888,8.396555846480638,0.0],[98.63331170274483,8.39663721938076,0.0],[98.63343882631274,8.396682563657333,0.0],[98.63362050052983,8.396673687432976,0.0],[98.63363866710314,8.396673704324954,0.0],[98.63364785196323,8.396565170249582,0.0],[98.63406584419798,8.396393700126382,0.0],[98.63411132836178,8.396321380773523,0.0],[98.63401173423668,8.395977570720888,0.0],[98.63389373646311,8.395887009118542,0.0],[98.63326670231291,8.39619396279307,0.0],[98.63323030978005,8.396257245307517,0.0]]]]},"properties":{"plot":"31-VSD","province":"พังงา","source_group":"MOC_1","source_path":"VSD/Shapefile/VSD PDD/VSD 32647/MOC_1.shp","source_crs":"EPSG:32647","pdd_area_rai":7.44,"geometry_area_rai":7.4466,"geometry_parts":4,"boundary_role":"primary","pdd_verified_geometry":true}},{"type":"Feature","geometry":{"type":"Polygon","coordinates":[[[98.61788852049649,8.409272724691581,0.0],[98.61824039379819,8.409402742696173,0.0],[98.61888659428318,8.40905940707088,0.0],[98.61882091270994,8.408961093834318,0.0],[98.61899461547642,8.408889156222866,0.0],[98.61876182039164,8.408282631600644,0.0],[98.61815621392697,8.407415025624456,0.0],[98.61799120981304,8.407487491255848,0.0],[98.61804158184226,8.407588054890956,0.0],[98.61793097132133,8.40764538450752,0.0],[98.61789578925604,8.407531058107576,0.0],[98.61754376856831,8.407913047665737,0.0],[98.61797808472969,8.408619465907044,0.0],[98.6176749822574,8.408903963241755,0.0],[98.61777353885525,8.408884913334415,0.0],[98.61780467705785,8.40899263793631,0.0],[98.6177133352117,8.409006908444681,0.0],[98.61788852049649,8.409272724691581,0.0]],[[98.61829444694175,8.40857164080791,0.0],[98.61825596607585,8.408581180722896,0.0],[98.61822190247457,8.408444937939871,0.0],[98.61826038332757,8.408435398027585,0.0],[98.61829444694175,8.40857164080791,0.0]]]},"properties":{"plot":"32-VSD","province":"พังงา","source_group":"MOC_1","source_path":"VSD/Shapefile/VSD PDD/VSD 32647/MOC_1.shp","source_crs":"EPSG:32647","pdd_area_rai":12.49,"geometry_area_rai":12.4955,"geometry_parts":1,"boundary_role":"primary","pdd_verified_geometry":true}},{"type":"Feature","geometry":{"type":"MultiPolygon","coordinates":[[[[98.622712985656,8.432654162495176,0.0],[98.62276750788007,8.432636124573737,0.0],[98.62281290213694,8.432663303726155,0.0],[98.62281284074717,8.432726619865338,0.0],[98.62294903234522,8.432799112130423,0.0],[98.6235758364619,8.43279971395266,0.0],[98.62355771198966,8.432754470705218,0.0],[98.62363039367614,8.43274549525637,0.0],[98.62367577051016,8.432790764639222,0.0],[98.62374847844656,8.43275465367761,0.0],[98.62376676040206,8.432637083970137,0.0],[98.62374893334378,8.432284305160072,0.0],[98.62356729498329,8.432238905093966,0.0],[98.62309494783221,8.432211316169614,0.0],[98.62287692057762,8.432220151864023,0.0],[98.62286778386463,8.432274414111536,0.0],[98.62274965541692,8.432310481246676,0.0],[98.62274056254,8.432319517675966,0.0],[98.62267678079665,8.432518450115223,0.0],[98.62269490515487,8.432563693398924,0.0],[98.622712985656,8.432654162495176,0.0]]],[[[98.62273171526009,8.432075289544356,0.0],[98.62284998393024,8.431894499801318,0.0],[98.62290462001062,8.43175887473304,0.0],[98.62291377423637,8.43168652215588,0.0],[98.62267793874044,8.431324488605204,0.0],[98.62251446913271,8.431279105542394,0.0],[98.6221236164589,8.43152294901259,0.0],[98.62188728956461,8.431667444113039,0.0],[98.62181459047055,8.43169450957096,0.0],[98.62180547121085,8.431730681464945,0.0],[98.62188711375464,8.431848347357088,0.0],[98.62205048685792,8.431993227472416,0.0],[98.62208676174514,8.43205657860391,0.0],[98.62204127973915,8.432119850994175,0.0],[98.62221364928133,8.432355191419687,0.0],[98.62236795616717,8.432481972342975,0.0],[98.62250427924567,8.432418787318248,0.0],[98.62254062445355,8.432409777110887,0.0],[98.62263161468643,8.432256096717888,0.0],[98.62264980921483,8.432228978701328,0.0],[98.62273171526009,8.432075289544356,0.0]]],[[[98.62124277615193,8.431197431013585,0.0],[98.62147901498213,8.431143387916498,0.0],[98.6215426211177,8.431125358918603,0.0],[98.62165165642516,8.43109832853852,0.0],[98.62168803670215,8.431053137755683,0.0],[98.62162468566063,8.430808857071296,0.0],[98.62157942365175,8.430646000356646,0.0],[98.62148906690393,8.43014842882557,0.0],[98.62112564311106,8.430211394376974,0.0],[98.62099081210874,8.430239522401413,0.0],[98.62100491244028,8.43035038491156,0.0],[98.62102553351829,8.430401246308044,0.0],[98.62104364971695,8.430454577540372,0.0],[98.62102544635918,8.430490740645451,0.0],[98.62117921402451,8.43117023415307,0.0],[98.62124277615193,8.431197431013585,0.0]]],[[[98.62145119166352,8.431730339872098,0.0],[98.62157842172094,8.431676191560545,0.0],[98.62171476221599,8.431594916476563,0.0],[98.62180564705629,8.431549778221527,0.0],[98.62194201382862,8.431441367566846,0.0],[98.62211472563914,8.431323946688309,0.0],[98.62226018510901,8.431206499498549,0.0],[98.62216943214871,8.431115960424057,0.0],[98.62202406055513,8.431142955954924,0.0],[98.62162430837185,8.43119684176747,0.0],[98.62142438824176,8.431269010328894,0.0],[98.62128810063159,8.431296014345076,0.0],[98.62118815813464,8.431314008227288,0.0],[98.62108818039502,8.431368182729843,0.0],[98.62119704847956,8.431513010551752,0.0],[98.62138762943464,8.431703143041611,0.0],[98.62145119166352,8.431730339872098,0.0]]]]},"properties":{"plot":"33-VSD","province":"พังงา","source_group":"MOC_1","source_path":"VSD/Shapefile/VSD PDD/VSD 32647/MOC_1.shp","source_crs":"EPSG:32647","pdd_area_rai":16.62,"geometry_area_rai":16.6262,"geometry_parts":4,"boundary_role":"primary","pdd_verified_geometry":true}},{"type":"Feature","geometry":{"type":"Polygon","coordinates":[[[98.624404759373,8.41160765707196,0.0],[98.62448857443019,8.41229861495466,0.0],[98.62502216038284,8.412263225898768,0.0],[98.62497225889012,8.41167085899186,0.0],[98.6251308958417,8.411656650957227,0.0],[98.62517718559788,8.412256194040973,0.0],[98.62595231851591,8.41221385420929,0.0],[98.62597471671002,8.411413346869663,0.0],[98.62613928440598,8.411385419398167,0.0],[98.62615827998357,8.411211339335148,0.0],[98.624404759373,8.41160765707196,0.0]]]},"properties":{"plot":"34-VSD","province":"พังงา","source_group":"MOC_1","source_path":"VSD/Shapefile/VSD PDD/VSD 32647/MOC_1.shp","source_crs":"EPSG:32647","pdd_area_rai":9.07,"geometry_area_rai":9.079,"geometry_parts":1,"boundary_role":"primary","pdd_verified_geometry":true}},{"type":"Feature","geometry":{"type":"Polygon","coordinates":[[[98.45075711122024,8.384169090628461,0.0],[98.45054818227268,8.384186889712495,0.0],[98.45027524192572,8.38451212885872,0.0],[98.44996627516863,8.384620238034001,0.0],[98.44969378734304,8.384619926223367,0.0],[98.44969349941765,8.384827892213329,0.0],[98.44932578607771,8.38524258057852,0.0],[98.44903006191082,8.38510736065175,0.0],[98.44923800836405,8.385957701889815,0.0],[98.45075711122024,8.384169090628461,0.0]]]},"properties":{"plot":"35-VSD","province":"พังงา","source_group":"MOC_1","source_path":"VSD/Shapefile/VSD PDD/VSD 32647/MOC_1.shp","source_crs":"EPSG:32647","pdd_area_rai":5.54,"geometry_area_rai":5.5481,"geometry_parts":1,"boundary_role":"primary","pdd_verified_geometry":true}},{"type":"Feature","geometry":{"type":"Polygon","coordinates":[[[98.37385327033418,8.15426853046542,0.0],[98.37432535041255,8.154233079344957,0.0],[98.374694929927,8.154512416660292,0.0],[98.37469708720374,8.15451404718311,0.0],[98.37469107297392,8.154489917802893,0.0],[98.37457981200875,8.154043528183633,0.0],[98.37461641621337,8.153853639933578,0.0],[98.37426237111198,8.153871183911557,0.0],[98.3732906698303,8.154141031786454,0.0],[98.37339035248354,8.154249725647274,0.0],[98.37385327033418,8.15426853046542,0.0]]]},"properties":{"plot":"36-VSD","province":"พังงา","source_group":"MOC_1","source_path":"VSD/Shapefile/VSD PDD/VSD 32647/MOC_1.shp","source_crs":"EPSG:32647","pdd_area_rai":3.08,"geometry_area_rai":3.0822,"geometry_parts":1,"boundary_role":"primary","pdd_verified_geometry":true}},{"type":"Feature","geometry":{"type":"MultiPolygon","coordinates":[[[[98.33483139875295,8.213432280535306,0.0],[98.33340160037748,8.212731030022747,0.0],[98.33316427464337,8.212988471811773,0.0],[98.33328303783274,8.213061468571837,0.0],[98.33319690791659,8.213297216168378,0.0],[98.33301525437525,8.21324306414507,0.0],[98.33445405513152,8.21410896681393,0.0],[98.33483139875295,8.213432280535306,0.0]]],[[[98.33319431239184,8.216454255610946,0.0],[98.33367497126751,8.215492597972434,0.0],[98.33364788607999,8.215402104446536,0.0],[98.3330780973951,8.215053865975069,0.0],[98.33294577086261,8.215073460607803,0.0],[98.33245312830601,8.216080778737128,0.0],[98.33309440125714,8.216481224636635,0.0],[98.33319431239184,8.216454255610946,0.0]]],[[[98.33308788689466,8.214967899672542,0.0],[98.33371155735875,8.215329992210572,0.0],[98.33379485173013,8.215331713012072,0.0],[98.33438944983199,8.214276378846183,0.0],[98.33441681156272,8.21417834342625,0.0],[98.33371713396646,8.213789311744351,0.0],[98.33361928121381,8.213852708896802,0.0],[98.3330664159062,8.214879422200985,0.0],[98.33308788689466,8.214967899672542,0.0]]]]},"properties":{"plot":"37-VSD","province":"พังงา","source_group":"MOC_1","source_path":"VSD/Shapefile/VSD PDD/VSD 32647/MOC_1.shp","source_crs":"EPSG:32647","pdd_area_rai":24.94,"geometry_area_rai":24.9471,"geometry_parts":3,"boundary_role":"primary","pdd_verified_geometry":true}},{"type":"Feature","geometry":{"type":"Polygon","coordinates":[[[98.4034309463208,8.190273680729835,0.0],[98.40363727769504,8.190285423778471,0.0],[98.40385504785971,8.190290478652058,0.0],[98.40412019939764,8.190224731308314,0.0],[98.40411302786296,8.189943275718074,0.0],[98.40363756022516,8.190095479318542,0.0],[98.40339251532295,8.190049892180275,0.0],[98.4033923402878,8.190167477245614,0.0],[98.4034309463208,8.190273680729835,0.0]]]},"properties":{"plot":"38-VSD","province":"พังงา","source_group":"MOC_1","source_path":"VSD/Shapefile/VSD PDD/VSD 32647/MOC_1.shp","source_crs":"EPSG:32647","pdd_area_rai":1.29,"geometry_area_rai":1.2906,"geometry_parts":1,"boundary_role":"primary","pdd_verified_geometry":true}},{"type":"Feature","geometry":{"type":"Polygon","coordinates":[[[98.31317036488463,8.202496878946649,0.0],[98.31351483030771,8.202795945415433,0.0],[98.31351453415225,8.202858109702579,0.0],[98.3136231847745,8.202837006951116,0.0],[98.31378857381856,8.20280488407419,0.0],[98.31376930376928,8.202633571683712,0.0],[98.31379675603758,8.202506990690978,0.0],[98.31383311600761,8.202479918077424,0.0],[98.3139240546867,8.20238962449761,0.0],[98.31389688166138,8.202353398891365,0.0],[98.31390600654727,8.202326279908906,0.0],[98.31395132077309,8.202371581230835,0.0],[98.31401491578573,8.20234455495382,0.0],[98.31400594598662,8.202281225818753,0.0],[98.31416949589106,8.202200100585262,0.0],[98.31417851222754,8.202236295281692,0.0],[98.31427837411032,8.202236465182517,0.0],[98.3143417830794,8.202317976602744,0.0],[98.3144235502696,8.202281936331191,0.0],[98.3143602962846,8.202109976794732,0.0],[98.31427874614546,8.202019389678604,0.0],[98.31413339954977,8.202073411423145,0.0],[98.31412452276219,8.201955813414195,0.0],[98.31428794850144,8.201947046620573,0.0],[98.31429153628855,8.201921386096997,0.0],[98.31412467780747,8.201865365289553,0.0],[98.31317036488463,8.202496878946649,0.0]]]},"properties":{"plot":"39-VSD","province":"พังงา","source_group":"MOC_1","source_path":"VSD/Shapefile/VSD PDD/VSD 32647/MOC_1.shp","source_crs":"EPSG:32647","pdd_area_rai":3.48,"geometry_area_rai":3.4831,"geometry_parts":1,"boundary_role":"primary","pdd_verified_geometry":true}},{"type":"Feature","geometry":{"type":"MultiPolygon","coordinates":[[[[98.54459696345415,8.359044565291287,0.0],[98.54715636087742,8.357997348598822,0.0],[98.54883131497041,8.356028483409306,0.0],[98.54935544953126,8.355230469523995,0.0],[98.5497599127759,8.35457040802538,0.0],[98.54993319261744,8.354340858352092,0.0],[98.54994946133752,8.354319306609177,0.0],[98.55006360199461,8.353776222067282,0.0],[98.55006405710843,8.353378942816914,0.0],[98.55005028061956,8.352818919586802,0.0],[98.55000747081624,8.352431173384819,0.0],[98.55003686597334,8.351942995028477,0.0],[98.55004733943825,8.351848806717337,0.0],[98.54987140604062,8.350565351210038,0.0],[98.54825498617873,8.350391654351435,0.0],[98.54651785931179,8.352506228479683,0.0],[98.54483407393344,8.355597728052771,0.0],[98.54407869377677,8.356935536146132,0.0],[98.5440589667179,8.357014285421405,0.0],[98.54404741787728,8.357105441375072,0.0],[98.54390226901153,8.357938105065314,0.0],[98.54372798260796,8.359029199785287,0.0],[98.54374228396259,8.359129730340058,0.0],[98.54385759619309,8.359158581577512,0.0],[98.54403061461808,8.359158780971669,0.0],[98.54459696345415,8.359044565291287,0.0]]],[[[98.55104161810395,8.353194497356977,0.0],[98.55214925658298,8.352114651070366,0.0],[98.55246333760367,8.350996324544655,0.0],[98.55243096597252,8.350866741121896,0.0],[98.5524103911643,8.350796818344831,0.0],[98.5522870425196,8.350751347606828,0.0],[98.55222978571113,8.35072495052906,0.0],[98.55202800047601,8.35066728568376,0.0],[98.55181173188218,8.35066704104676,0.0],[98.55152387181239,8.350832248153319,0.0],[98.55110634369193,8.351179002006203,0.0],[98.55101791020786,8.351398459855487,0.0],[98.55088759069957,8.351886523934139,0.0],[98.55084354877438,8.352575714187529,0.0],[98.55084323680806,8.352848538071635,0.0],[98.55081415452732,8.3530638926389,0.0],[98.55084284273026,8.353193157709406,0.0],[98.55090049829968,8.35320758226971,0.0],[98.550987006285,8.353207680367284,0.0],[98.55104161810395,8.353194497356977,0.0]]],[[[98.5520870805336,8.346105357718288,0.0],[98.55207886689702,8.346096338887277,0.0],[98.55206730204219,8.345701448432001,0.0],[98.55200760998149,8.345366333485195,0.0],[98.55177957509903,8.345150688019215,0.0],[98.55155134938975,8.345102565951777,0.0],[98.55127257658091,8.34513428178202,0.0],[98.55071228654288,8.34590806360632,0.0],[98.5501569380923,8.347083301253415,0.0],[98.54987073572958,8.348332411400671,0.0],[98.54997682923712,8.348486477414331,0.0],[98.5513457878779,8.347871575013254,0.0],[98.5520870805336,8.346105357718288,0.0]]]]},"properties":{"plot":"40-VSD","province":"พังงา","source_group":"MOC_2","source_path":"VSD/Shapefile/VSD PDD/VSD 32647/MOC_2.shp","source_crs":"EPSG:32647","pdd_area_rai":277.33,"geometry_area_rai":277.3332,"geometry_parts":3,"boundary_role":"primary","pdd_verified_geometry":true}},{"type":"Feature","geometry":{"type":"Polygon","coordinates":[[[98.5356882751793,8.354622318067593,0.0],[98.53575047048469,8.354658263940532,0.0],[98.53592094797399,8.35477333691691,0.0],[98.53606262908964,8.354854871421683,0.0],[98.5362163309449,8.354931633579637,0.0],[98.53629318754794,8.354965228263689,0.0],[98.5363508483758,8.354974868552949,0.0],[98.53641333216956,8.354970155340187,0.0],[98.53649986861487,8.354946324754733,0.0],[98.53659119411633,8.354936858896535,0.0],[98.53669692070551,8.35494176901083,0.0],[98.53677857207596,8.354984941974923,0.0],[98.5368289815644,8.355030471565732,0.0],[98.53688416320828,8.355104725016552,0.0],[98.53693456425795,8.355157434156219,0.0],[98.53700179765814,8.355200590213721,0.0],[98.53705944725779,8.355219803150721,0.0],[98.53715557601049,8.355212735971937,0.0],[98.53725654179733,8.355179349328674,0.0],[98.53729258126343,8.355184177830939,0.0],[98.53729256716366,8.35519614376661,0.0],[98.53727810117975,8.355236811096916,0.0],[98.53722279252375,8.355270251116224,0.0],[98.5371050141197,8.35529643852129,0.0],[98.53703772990376,8.355296359846681,0.0],[98.53693205118711,8.35525076563902,0.0],[98.53675675022548,8.355150046571682,0.0],[98.53668477861687,8.355049448363651,0.0],[98.536540626499,8.355025347744144,0.0],[98.53643246863442,8.355044366642035,0.0],[98.53636997635229,8.355056259417667,0.0],[98.53627866212474,8.355056152475733,0.0],[98.53619938271409,8.355039307280554,0.0],[98.53608892360855,8.354972168545599,0.0],[98.53561202044547,8.354694669663802,0.0],[98.53544391880189,8.35485416678643,0.0],[98.53470555921427,8.35713266663931,0.0],[98.53443166438986,8.358335343501329,0.0],[98.53453966487372,8.35916762108889,0.0],[98.53528367490173,8.359792607642751,0.0],[98.53676295074227,8.360426038382261,0.0],[98.53689068695884,8.36043352781585,0.0],[98.5369788810195,8.360443244999894,0.0],[98.53701752966457,8.360443489657928,0.0],[98.53704878329046,8.360431560278682,0.0],[98.5370752393056,8.360412445714639,0.0],[98.53709930639384,8.360381362405066,0.0],[98.53714746031685,8.360302443475593,0.0],[98.53718597948968,8.360242658787858,0.0],[98.53726058372162,8.360149411640235,0.0],[98.53732554755571,8.360080085102455,0.0],[98.53739048033563,8.360037083604892,0.0],[98.53747942936539,8.360006076118653,0.0],[98.53757795668987,8.360003798084685,0.0],[98.53777736645915,8.360039928924245,0.0],[98.53790948840914,8.360078374280933,0.0],[98.5379671331287,8.36010237349598,0.0],[98.53805358895393,8.360147945050624,0.0],[98.53809923258758,8.360159964285806,0.0],[98.53812083739528,8.360179135026485,0.0],[98.53811601160285,8.36019588172395,0.0],[98.5380919784055,8.36019824685904,0.0],[98.53804633195067,8.360188620809621,0.0],[98.5379574392688,8.360171764688086,0.0],[98.53770282156873,8.360082919257373,0.0],[98.53758990701806,8.36005885541899,0.0],[98.53745533976566,8.360056304947635,0.0],[98.53739521024238,8.360101705261453,0.0],[98.53728692218382,8.360229973279099,0.0],[98.53717139177363,8.36038635277083,0.0],[98.53714249264388,8.360439447778274,0.0],[98.53713234737629,8.360483949239356,0.0],[98.53713746065266,8.36055135907336,0.0],[98.53740686079388,8.360840973899425,0.0],[98.53780282711519,8.361296142741713,0.0],[98.53788341528173,8.361435342624203,0.0],[98.53825122001787,8.36181314056403,0.0],[98.53877721010025,8.36248309232093,0.0],[98.5398322947247,8.361181825480902,0.0],[98.53772869412397,8.358203531667705,0.0],[98.53805292670125,8.35280397872072,0.0],[98.53709925682529,8.352839045985199,0.0],[98.53645317487417,8.353896567772432,0.0],[98.5356882751793,8.354622318067593,0.0]]]},"properties":{"plot":"41-VSD","province":"พังงา","source_group":"MOC_2","source_path":"VSD/Shapefile/VSD PDD/VSD 32647/MOC_2.shp","source_crs":"EPSG:32647","pdd_area_rai":178.92,"geometry_area_rai":178.9213,"geometry_parts":1,"boundary_role":"primary","pdd_verified_geometry":true}},{"type":"Feature","geometry":{"type":"Polygon","coordinates":[[[98.53432202511725,8.355012811212404,0.0],[98.5340711273644,8.355026396708062,0.0],[98.53358105079477,8.354910946584523,0.0],[98.5324568894256,8.354536283199634,0.0],[98.53225531094138,8.35430629898456,0.0],[98.53202493092921,8.354047562372294,0.0],[98.53152069524165,8.353716706073383,0.0],[98.53105796961987,8.353471478394518,0.0],[98.53060472712652,8.353491693886617,0.0],[98.52977775194177,8.35390678766817,0.0],[98.5295861055144,8.354675393254858,0.0],[98.53032034620709,8.35586117365427,0.0],[98.53103469749334,8.358494144888938,0.0],[98.5307048360594,8.36091784118548,0.0],[98.53410079480537,8.361543361482417,0.0],[98.53412588557896,8.361531148917974,0.0],[98.53460672164823,8.361340259744638,0.0],[98.53511153099947,8.361197261910222,0.0],[98.53519774224594,8.361204401353246,0.0],[98.535200262782,8.361203545906971,0.0],[98.53520828085489,8.36120527409476,0.0],[98.53584438843296,8.361257952101735,0.0],[98.5363606328399,8.361605569882427,0.0],[98.53667908938095,8.361845514244406,0.0],[98.53752459838161,8.36183942774743,0.0],[98.53706229468925,8.361079097722213,0.0],[98.53544656820463,8.360290279872578,0.0],[98.53415813379092,8.359230487297229,0.0],[98.53391451104591,8.357882479992501,0.0],[98.5343519197054,8.356652860341292,0.0],[98.53454449063577,8.355097328179236,0.0],[98.53432202511725,8.355012811212404,0.0]]]},"properties":{"plot":"42-VSD","province":"พังงา","source_group":"MOC_2","source_path":"VSD/Shapefile/VSD PDD/VSD 32647/MOC_2.shp","source_crs":"EPSG:32647","pdd_area_rai":223.01,"geometry_area_rai":223.0089,"geometry_parts":1,"boundary_role":"primary","pdd_verified_geometry":true}},{"type":"Feature","geometry":{"type":"Polygon","coordinates":[[[98.59389781250898,8.430763578712485,0.0],[98.59392440962115,8.430658111803098,0.0],[98.59389317293623,8.430482883457291,0.0],[98.59390596275355,8.430270158657956,0.0],[98.59386228891057,8.429969777418947,0.0],[98.59380592325876,8.429788266060642,0.0],[98.59369293080077,8.429675523094758,0.0],[98.59347307310186,8.42960021144038,0.0],[98.59332851098237,8.429631346696777,0.0],[98.59319023927186,8.42965623141765,0.0],[98.59307708347505,8.429699913129243,0.0],[98.5930582252637,8.429706150578916,0.0],[98.59298910902253,8.429699821915722,0.0],[98.5930142903851,8.429656049022556,0.0],[98.59313998778545,8.429637408331272,0.0],[98.59327199522134,8.429593746134703,0.0],[98.59345427372838,8.42955013596258,0.0],[98.5935988031394,8.429550285629036,0.0],[98.59376211237,8.429619281691034,0.0],[98.59388760731906,8.429794607584835,0.0],[98.59395015897346,8.430069980349458,0.0],[98.59396882786197,8.430245195692867,0.0],[98.59396869728815,8.430370335578614,0.0],[98.59398741842149,8.430495494965681,0.0],[98.59403130782498,8.43058939538123,0.0],[98.59408782380459,8.430626995842387,0.0],[98.59414437242604,8.430633311324312,0.0],[98.59420017528711,8.43063336902596,0.0],[98.59480901872134,8.43033791915969,0.0],[98.59570011826588,8.429506684785729,0.0],[98.59626382411625,8.42902787223857,0.0],[98.59709113294947,8.428386516224801,0.0],[98.59645570436732,8.427951696713475,0.0],[98.59555669168805,8.4276613272085,0.0],[98.59450326271548,8.427361750444497,0.0],[98.59387685613206,8.426990252198433,0.0],[98.59357769935139,8.426402008346024,0.0],[98.5935416752082,8.426103481990143,0.0],[98.59316932890145,8.426012644168225,0.0],[98.59284208989061,8.426220343494096,0.0],[98.59225158694125,8.426264957062186,0.0],[98.59168789008415,8.426734717932954,0.0],[98.59178360133217,8.430750859964293,0.0],[98.59238298688541,8.430905250177208,0.0],[98.59286436519835,8.430978111450708,0.0],[98.59352759452293,8.430888347419337,0.0],[98.59389781250898,8.430763578712485,0.0]]]},"properties":{"plot":"43-VSD","province":"พังงา","source_group":"MOC_2","source_path":"VSD/Shapefile/VSD PDD/VSD 32647/MOC_2.shp","source_crs":"EPSG:32647","pdd_area_rai":122.82,"geometry_area_rai":122.8243,"geometry_parts":1,"boundary_role":"primary","pdd_verified_geometry":true}},{"type":"Feature","geometry":{"type":"MultiPolygon","coordinates":[[[[98.63641478282128,8.393270314749955,0.0],[98.6364630040446,8.39310283420077,0.0],[98.6367637241273,8.392768061363372,0.0],[98.63697084098351,8.392505415235057,0.0],[98.63667684955705,8.391982057825768,0.0],[98.63620231968775,8.391243094314428,0.0],[98.63595072789286,8.390929322497477,0.0],[98.6356866239045,8.390656252072082,0.0],[98.63531197511713,8.390378292825183,0.0],[98.63516597398075,8.390240217555128,0.0],[98.63480667788593,8.390949176563318,0.0],[98.63570464555302,8.392306787728094,0.0],[98.63516568994469,8.395571606444536,0.0],[98.63598311612799,8.39564472402487,0.0],[98.63601085481713,8.395120127891621,0.0],[98.63664717822473,8.39458704845355,0.0],[98.63641213321341,8.39338382030712,0.0],[98.63642200566042,8.393372337349625,0.0],[98.63641478282128,8.393270314749955,0.0]]],[[[98.63565792311024,8.39050784623696,0.0],[98.63596536579463,8.390694800961136,0.0],[98.63616232580664,8.390809857073327,0.0],[98.63627284885348,8.39083867762539,0.0],[98.63634555146632,8.390844536991262,0.0],[98.63667814368141,8.390589097009245,0.0],[98.63717851477666,8.389730263341056,0.0],[98.63749731275085,8.38877176500501,0.0],[98.63779769980408,8.388075560238965,0.0],[98.63837043664638,8.387533373366528,0.0],[98.63900636075499,8.387416367971072,0.0],[98.63954184587955,8.387869118165325,0.0],[98.64047672172342,8.388611678486207,0.0],[98.64179300993953,8.389445036159547,0.0],[98.64224687709174,8.389762030093667,0.0],[98.642537702553,8.38958138956952,0.0],[98.64154064758289,8.387301091971889,0.0],[98.6414143216137,8.38638741045065,0.0],[98.64062600648509,8.384306294699808,0.0],[98.63937473565555,8.381935308567682,0.0],[98.63523036089474,8.390113169698102,0.0],[98.63565792311024,8.39050784623696,0.0]]]]},"properties":{"plot":"44-VSD","province":"พังงา","source_group":"MOC_2","source_path":"VSD/Shapefile/VSD PDD/VSD 32647/MOC_2.shp","source_crs":"EPSG:32647","pdd_area_rai":221.07,"geometry_area_rai":221.0717,"geometry_parts":2,"boundary_role":"primary","pdd_verified_geometry":true}},{"type":"Feature","geometry":{"type":"Polygon","coordinates":[[[98.59720035627213,8.428178590291793,0.0],[98.59980950508891,8.426191325673512,0.0],[98.59885701494538,8.424905942539532,0.0],[98.5988490678094,8.423802426094063,0.0],[98.59993162924759,8.422265854391833,0.0],[98.59959635442131,8.421460494272333,0.0],[98.59828056129575,8.420138559023922,0.0],[98.59783567942142,8.419921020332444,0.0],[98.59745394532659,8.420128667935998,0.0],[98.59737170510614,8.420598931503346,0.0],[98.59768853603262,8.421666583783836,0.0],[98.59678816949989,8.42269680775723,0.0],[98.59589784871461,8.422795389528641,0.0],[98.59526257106826,8.422224891228318,0.0],[98.59547166848729,8.422062293938048,0.0],[98.5958545409435,8.420760186628938,0.0],[98.59574584498719,8.420461584907924,0.0],[98.59536446631732,8.420325515131518,0.0],[98.59402866768887,8.420785439788387,0.0],[98.5931475197184,8.420802618672095,0.0],[98.59287530805241,8.420512892055878,0.0],[98.59362186817889,8.418894583606084,0.0],[98.59354971698335,8.418397025899225,0.0],[98.5921421430429,8.418006626459077,0.0],[98.59075890697213,8.420393106641484,0.0],[98.5922894949935,8.424763502311578,0.0],[98.59336997809493,8.425244015134034,0.0],[98.59381360809574,8.426664561854572,0.0],[98.59437626591414,8.427189761870242,0.0],[98.59720035627213,8.428178590291793,0.0]]]},"properties":{"plot":"67-STC","province":"พังงา","source_group":"MOC_2","source_path":"STC/Shapefile/STC PDD/MOC_2.shp","source_crs":"EPSG:32647","pdd_area_rai":377.26,"geometry_area_rai":377.2578,"geometry_parts":1,"boundary_role":"primary","pdd_verified_geometry":true}},{"type":"Feature","geometry":{"type":"Polygon","coordinates":[[[98.32829784709034,8.200785758857933,0.0],[98.3268998731934,8.200729158007105,0.0],[98.32658795196453,8.202664237453906,0.0],[98.32682073276948,8.204600226575069,0.0],[98.32766460117,8.204854891581174,0.0],[98.32857261205338,8.204756912108937,0.0],[98.32870965385767,8.204241583183308,0.0],[98.32813136898214,8.202612544021212,0.0],[98.3283143488832,8.201771676610731,0.0],[98.32829784709034,8.200785758857933,0.0]]]},"properties":{"plot":"68-STC","province":"พังงา","source_group":"MOC_2","source_path":"STC/Shapefile/STC PDD/MOC_2.shp","source_crs":"EPSG:32647","pdd_area_rai":50.43,"geometry_area_rai":50.4291,"geometry_parts":1,"boundary_role":"primary","pdd_verified_geometry":true}},{"type":"Feature","geometry":{"type":"Polygon","coordinates":[[[98.32590579156398,8.192641389993547,0.0],[98.32651437791324,8.192434374263412,0.0],[98.32720375558308,8.192770184263928,0.0],[98.32722359803536,8.19176623713381,0.0],[98.32691655199432,8.190806969291506,0.0],[98.32691034569844,8.190806712921383,0.0],[98.3255458477512,8.190750411971628,0.0],[98.32475553362299,8.191056615924063,0.0],[98.32472809185404,8.191217334308515,0.0],[98.32457323470827,8.192124269445307,0.0],[98.3243626067693,8.19335782409966,0.0],[98.32415956537099,8.194546934782807,0.0],[98.32238703675173,8.195891645230608,0.0],[98.32352988463171,8.196490524081367,0.0],[98.32518125569622,8.197008847360786,0.0],[98.32468353828534,8.19606734882482,0.0],[98.32506695838063,8.194801709949026,0.0],[98.3251506435298,8.19362601785793,0.0],[98.3254967566641,8.192948231858045,0.0],[98.32590579156398,8.192641389993547,0.0]]]},"properties":{"plot":"69-STC","province":"พังงา","source_group":"MOC_2","source_path":"STC/Shapefile/STC PDD/MOC_2.shp","source_crs":"EPSG:32647","pdd_area_rai":75.89,"geometry_area_rai":75.8937,"geometry_parts":1,"boundary_role":"primary","pdd_verified_geometry":true}},{"type":"Feature","geometry":{"type":"Polygon","coordinates":[[[98.61356211684155,8.44497380868064,0.0],[98.61369042267053,8.443843290630909,0.0],[98.6139272453563,8.443210363012671,0.0],[98.61463612978564,8.442903525327381,0.0],[98.61449174945837,8.441926506239927,0.0],[98.6136923831506,8.441871448278139,0.0],[98.61389266057188,8.441446523185656,0.0],[98.61453945868804,8.439620037591125,0.0],[98.6145488030695,8.439357737146814,0.0],[98.61434911084638,8.439194727907234,0.0],[98.61282329806131,8.438849508163361,0.0],[98.61231441782223,8.439011818183799,0.0],[98.6119234428565,8.439364192539424,0.0],[98.61184935965846,8.440775163643922,0.0],[98.61074881048619,8.4421218004796,0.0],[98.60940367627437,8.44277171333563,0.0],[98.60905818939092,8.443051768594929,0.0],[98.60912152499195,8.443305096035921,0.0],[98.61046549167901,8.443822007945634,0.0],[98.61117370979463,8.444184517453863,0.0],[98.61146445489636,8.444139580066647,0.0],[98.61262646061732,8.444936704154681,0.0],[98.61356211684155,8.44497380868064,0.0]]]},"properties":{"plot":"70-STC","province":"พังงา","source_group":"MOC_2","source_path":"STC/Shapefile/STC PDD/MOC_2.shp","source_crs":"EPSG:32647","pdd_area_rai":136.31,"geometry_area_rai":136.3122,"geometry_parts":1,"boundary_role":"primary","pdd_verified_geometry":true}},{"type":"Feature","geometry":{"type":"Polygon","coordinates":[[[98.61119252019407,8.434460993073339,0.0],[98.61094743832234,8.43427080177213,0.0],[98.60993864540761,8.434722057918353,0.0],[98.60890249771607,8.435272780797654,0.0],[98.60801154804786,8.43596836839906,0.0],[98.60957279119498,8.437200066765879,0.0],[98.61154224747602,8.439020099094376,0.0],[98.61185106683881,8.439065630713017,0.0],[98.61197842693964,8.438884853625527,0.0],[98.61191527063743,8.438450623567672,0.0],[98.61191623674623,8.43748279265119,0.0],[98.61161811098548,8.435827233603419,0.0],[98.61129126148126,8.435646006670545,0.0],[98.61123720855714,8.435193695193794,0.0],[98.61119252019407,8.434460993073339,0.0]]]},"properties":{"plot":"71-STC","province":"พังงา","source_group":"MOC_2","source_path":"STC/Shapefile/STC PDD/MOC_2.shp","source_crs":"EPSG:32647","pdd_area_rai":72.17,"geometry_area_rai":72.1737,"geometry_parts":1,"boundary_role":"primary","pdd_verified_geometry":true}},{"type":"Feature","geometry":{"type":"MultiPolygon","coordinates":[[[[98.5987704693181,8.433614549666643,0.0],[98.59865595420793,8.43341272578763,0.0],[98.59844359697962,8.433313871190036,0.0],[98.59794391856424,8.433215011607672,0.0],[98.59774613012797,8.433610434473,0.0],[98.59762537728047,8.433511573850208,0.0],[98.59730891890824,8.433989375500008,0.0],[98.59725686456039,8.433921411124155,0.0],[98.59741509881671,8.43355482910343,0.0],[98.5978273332502,8.433118217611968,0.0],[98.59776279198547,8.432906097069436,0.0],[98.59761496692694,8.432448894317037,0.0],[98.59776903202786,8.431905194812366,0.0],[98.59814378715542,8.43126263168198,0.0],[98.59822707052761,8.43088368913512,0.0],[98.59772965318417,8.429700539368138,0.0],[98.59748020099673,8.42987936488547,0.0],[98.59388073908396,8.431974130020604,0.0],[98.59375975569331,8.432045486747217,0.0],[98.59375975552062,8.432045488543965,0.0],[98.59375211667178,8.43234914411549,0.0],[98.59391607787585,8.43290365435176,0.0],[98.59418152861119,8.433195589569976,0.0],[98.59382082781681,8.43300250960265,0.0],[98.5935975351884,8.433251191609333,0.0],[98.59372401405983,8.43295463293497,0.0],[98.59373494113618,8.432712125932206,0.0],[98.59358986944152,8.432145686563507,0.0],[98.59328105834702,8.43210014090546,0.0],[98.59146454877408,8.431808809495957,0.0],[98.5910738771738,8.431862673416747,0.0],[98.59064685972142,8.431925544168315,0.0],[98.59027435605384,8.431979426233823,0.0],[98.58995611834725,8.43225949307636,0.0],[98.58881043588516,8.433289439658303,0.0],[98.58864676920213,8.433433990261621,0.0],[98.58870107292417,8.43362399502916,0.0],[98.58889104551139,8.434374940348617,0.0],[98.58894534946354,8.434564945085324,0.0],[98.59093242215847,8.436801170869998,0.0],[98.59129536134982,8.437208580390257,0.0],[98.5923319353625,8.436278010112558,0.0],[98.59320330554523,8.436957300231592,0.0],[98.59368514527732,8.436595994163733,0.0],[98.59527454637812,8.436914217455005,0.0],[98.59784582905938,8.436473650465569,0.0],[98.59900057346454,8.435452731395525,0.0],[98.59893791715866,8.43454815279219,0.0],[98.59853873817997,8.434041216350927,0.0],[98.59886630752273,8.433516932952418,0.0],[98.59886630752277,8.433516932952413,0.0],[98.60009279237906,8.433391552937241,0.0],[98.60129105079945,8.434215880963718,0.0],[98.60302647003915,8.433873925136117,0.0],[98.60344247663912,8.435701466213755,0.0],[98.60306900106825,8.436705100023572,0.0],[98.60196981450419,8.436703986035113,0.0],[98.60177787005827,8.437852524912731,0.0],[98.6018219199758,8.439191251383782,0.0],[98.60386534044972,8.43971793984469,0.0],[98.60518202616801,8.438999627186394,0.0],[98.60518202625809,8.438999626809354,0.0],[98.60539951821147,8.438698524651915,0.0],[98.60494299442408,8.438201983698177,0.0],[98.60474536226522,8.438099348216427,0.0],[98.60452401589653,8.438099351176149,0.0],[98.60427500268669,8.43828311448732,0.0],[98.60424338463224,8.43815408969964,0.0],[98.60447263156429,8.43804070486978,0.0],[98.6050101863178,8.438071982122345,0.0],[98.60560504482154,8.438676046192217,0.0],[98.60677698824438,8.439346573496968,0.0],[98.60701513718594,8.439251765810596,0.0],[98.60770144581237,8.43822271825458,0.0],[98.60708334441213,8.437568431796121,0.0],[98.60671172432292,8.436744950390999,0.0],[98.60673089896525,8.435750002777686,0.0],[98.60734991923455,8.434466211024107,0.0],[98.60814087729946,8.433833841002993,0.0],[98.60889524173287,8.433454697164082,0.0],[98.60990434983974,8.432686863364447,0.0],[98.60896226510897,8.431440651691355,0.0],[98.6089622630828,8.43144065168707,0.0],[98.60785041533184,8.431839084876174,0.0],[98.60654419646096,8.432871837554133,0.0],[98.60575764907746,8.433140448900216,0.0],[98.60535033299554,8.43348315825263,0.0],[98.60526137772835,8.433853648672532,0.0],[98.60558442093476,8.43419172862285,0.0],[98.60519582910511,8.433913859612424,0.0],[98.60517242221954,8.433696191595399,0.0],[98.6053737437096,8.433321065523286,0.0],[98.60572487661985,8.433047829778044,0.0],[98.60649269737142,8.432765324441927,0.0],[98.60747586957764,8.431829819020567,0.0],[98.60852927682537,8.4313620698477,0.0],[98.60870684061939,8.431102768500672,0.0],[98.60565670438243,8.429019329914508,0.0],[98.60422228623838,8.428176686989833,0.0],[98.60412117917548,8.428097504162482,0.0],[98.60323168154771,8.428946759231,0.0],[98.60279134458895,8.429132110387396,0.0],[98.60273279092564,8.429699761055202,0.0],[98.60300214831739,8.430156189645526,0.0],[98.60259694509276,8.429667323304386,0.0],[98.60266720862428,8.42909040419156,0.0],[98.60228776957663,8.429081137600287,0.0],[98.60207696748643,8.429203938025784,0.0],[98.6019785895438,8.429424042493828,0.0],[98.60226903319499,8.430072783797918,0.0],[98.60230884368698,8.430406418358746,0.0],[98.60226668723398,8.430777127335055,0.0],[98.60247279987082,8.431217337531393,0.0],[98.60280540284317,8.431467564691939,0.0],[98.60287098332591,8.431740957440432,0.0],[98.60302088036737,8.431838272121043,0.0],[98.60300683291088,8.43203752259027,0.0],[98.60292251097519,8.43245920361733,0.0],[98.6029225068271,8.432000451647605,0.0],[98.60276792329479,8.431768766466998,0.0],[98.60266954862067,8.431513901152638,0.0],[98.60234163463365,8.431226602557954,0.0],[98.60218237097436,8.430730784976912,0.0],[98.6022011032447,8.430276674069182,0.0],[98.60187319388177,8.429595494989531,0.0],[98.60155465464403,8.429461113592094,0.0],[98.60153591683701,8.429298933108042,0.0],[98.60179824478672,8.429414778252049,0.0],[98.60204651898448,8.429016265491628,0.0],[98.60289440013483,8.428858716381871,0.0],[98.60334410888102,8.428622387033073,0.0],[98.60375165530714,8.428103398761431,0.0],[98.6035688231676,8.427664922218467,0.0],[98.60356882376186,8.427664921473408,0.0],[98.60266108667213,8.426954014358815,0.0],[98.60193504513715,8.426292982826402,0.0],[98.60192597044285,8.426283928474287,0.0],[98.60031648760067,8.427865194888165,0.0],[98.59976195575193,8.42826261653532,0.0],[98.59819837103909,8.429364527332282,0.0],[98.59819837103908,8.429364527332297,0.0],[98.59811534251747,8.429813714788093,0.0],[98.59852731291203,8.430834564657983,0.0],[98.59846489297838,8.431295595246226,0.0],[98.59787398618172,8.432242351640337,0.0],[98.59786982216757,8.432843333971556,0.0],[98.59818192463416,8.433133541581068,0.0],[98.59851899091593,8.43320351616029,0.0],[98.59884669156465,8.433414476617308,0.0],[98.59886630752273,8.433516932952385,0.0],[98.5987704693181,8.433614549666643,0.0]]],[[[98.60678168072467,8.439431430771327,0.0],[98.60774331556368,8.440716805668867,0.0],[98.60930581290259,8.440718366002264,0.0],[98.60969569238739,8.441460456995943,0.0],[98.6106773501836,8.440909678764717,0.0],[98.61107771986781,8.440249779824812,0.0],[98.61088767442322,8.439525978784662,0.0],[98.60937112099283,8.439008896942592,0.0],[98.60782745600298,8.43835610498759,0.0],[98.60782745600297,8.43835610498758,0.0],[98.60738246304246,8.438960201512073,0.0],[98.60711781416646,8.439793411005448,0.0],[98.60702005516741,8.439697678639286,0.0],[98.60714052637617,8.439459342031169,0.0],[98.6067816807247,8.439431430771315,0.0],[98.60678168072467,8.439431430771327,0.0]]]]},"properties":{"plot":"72-STC","province":"พังงา","source_group":"MOC_2","source_path":"STC/Shapefile/STC PDD/MOC_2.shp","source_crs":"EPSG:32647","pdd_area_rai":1017.01,"geometry_area_rai":1017.0069,"geometry_parts":2,"boundary_role":"primary","pdd_verified_geometry":true}},{"type":"Feature","geometry":{"type":"Polygon","coordinates":[[[98.61126870928997,8.430942501557539,0.0],[98.61178641056651,8.431033465606772,0.0],[98.61210460529495,8.430780515721999,0.0],[98.61221401061987,8.430382636737134,0.0],[98.61248682034433,8.430093461007774,0.0],[98.61311353839999,8.430175485728586,0.0],[98.61358598961921,8.430094544678232,0.0],[98.6139405724422,8.42978735804755,0.0],[98.61407727251989,8.42934427945262,0.0],[98.61293353859595,8.426682572020308,0.0],[98.6121507434932,8.426459325525952,0.0],[98.6128718857443,8.42653909189928,0.0],[98.61208311325338,8.425000635658902,0.0],[98.61114876978743,8.423697208160021,0.0],[98.61114876978736,8.423697208159988,0.0],[98.6107210960383,8.423691809699392,0.0],[98.61066622508714,8.423850470788095,0.0],[98.61041720259098,8.423892220561688,0.0],[98.61016078744566,8.424032093803168,0.0],[98.61009430938749,8.424179274010555,0.0],[98.61013019093345,8.424678204586774,0.0],[98.61010908903755,8.42494124408063,0.0],[98.6099486987437,8.425127044294298,0.0],[98.60968912473389,8.425172970993438,0.0],[98.6096722347575,8.425085288503924,0.0],[98.60991493423037,8.425026835594132,0.0],[98.61006688061924,8.424836866234207,0.0],[98.60996979759109,8.424168829855763,0.0],[98.61011330545992,8.42401434529042,0.0],[98.61049317263297,8.423790971993888,0.0],[98.6108416326052,8.423434748253626,0.0],[98.61080401576699,8.4232626988771,0.0],[98.60893572388603,8.420284985012913,0.0],[98.60851778682311,8.420365975310697,0.0],[98.6085177868231,8.420365975310698,0.0],[98.60828496013545,8.420708573004198,0.0],[98.60837834125402,8.42135078212192,0.0],[98.60888081455859,8.422164542205145,0.0],[98.60947221606253,8.422050175576844,0.0],[98.60899197732421,8.422287712287801,0.0],[98.60948556283928,8.423198237011059,0.0],[98.6095122433395,8.423387379780191,0.0],[98.60939217767324,8.423717282172303,0.0],[98.60899198200899,8.42403838519897,0.0],[98.60857399921927,8.424187946678169,0.0],[98.60829385198461,8.424548632592744,0.0],[98.60767132291146,8.424403478619592,0.0],[98.60828051723294,8.42439467971337,0.0],[98.60852508366499,8.424069180194579,0.0],[98.6090764710388,8.42386683736637,0.0],[98.60938773821832,8.423497353697135,0.0],[98.609443313563,8.423270818611094,0.0],[98.60924989155151,8.42292551714835,0.0],[98.6090231038086,8.422861740186011,0.0],[98.60897863949394,8.422589020485963,0.0],[98.60864069295204,8.42212715459364,0.0],[98.60825383387085,8.422122752968603,0.0],[98.60852063160834,8.421964402968959,0.0],[98.6081938069233,8.421328790257329,0.0],[98.60811376120607,8.4208581268543,0.0],[98.60812645511753,8.420402692805956,0.0],[98.60794545209018,8.420419675649326,0.0],[98.6076092143883,8.420555017440039,0.0],[98.60661866759482,8.420961059205764,0.0],[98.60631866376579,8.421195932878137,0.0],[98.60577321299247,8.421611463273498,0.0],[98.60548253018851,8.421611171487838,0.0],[98.60546436251362,8.421611153244097,0.0],[98.60506444441346,8.421836880388737,0.0],[98.60424643915741,8.422288315083255,0.0],[98.60405556793452,8.422396664635231,0.0],[98.60391008829654,8.422532195327992,0.0],[98.60354640257049,8.422857454079638,0.0],[98.60328245455591,8.42336371631253,0.0],[98.60333621157018,8.424096428178379,0.0],[98.6039891112562,8.42521868629556,0.0],[98.6068204172185,8.428070755774169,0.0],[98.60845404318773,8.429555794418322,0.0],[98.60975207030745,8.43054300941047,0.0],[98.61068677730727,8.431493679452524,0.0],[98.6110229513414,8.431430696690393,0.0],[98.6110414902122,8.431059863510928,0.0],[98.61126870928997,8.430942501557539,0.0]]]},"properties":{"plot":"73-STC","province":"พังงา","source_group":"MOC_2","source_path":"STC/Shapefile/STC PDD/MOC_2.shp","source_crs":"EPSG:32647","pdd_area_rai":484.41,"geometry_area_rai":484.4121,"geometry_parts":1,"boundary_role":"primary","pdd_verified_geometry":true}},{"type":"Feature","geometry":{"type":"Polygon","coordinates":[[[98.35842907609513,8.932781321074234,0.0],[98.35723453290689,8.929297090956823,0.0],[98.356340443171,8.930842164517607,0.0],[98.35538885749703,8.932167151104258,0.0],[98.35618961103978,8.933862791430725,0.0],[98.35663244983805,8.935491583280818,0.0],[98.3579598252312,8.935846621555758,0.0],[98.35937890463569,8.935776718376042,0.0],[98.35903615448493,8.934120968153373,0.0],[98.35842907609513,8.932781321074234,0.0]]]},"properties":{"plot":"74-STC","province":"พังงา","source_group":"MOC_2","source_path":"STC/Shapefile/STC PDD/MOC_2.shp","source_crs":"EPSG:32647","pdd_area_rai":104.32,"geometry_area_rai":104.3164,"geometry_parts":1,"boundary_role":"primary","pdd_verified_geometry":true}},{"type":"Feature","geometry":{"type":"Polygon","coordinates":[[[98.36018712765953,8.925425180443307,0.0],[98.36018712753327,8.925425179573503,0.0],[98.36037885634234,8.92511042563128,0.0],[98.36031609104367,8.924357242047286,0.0],[98.36055146091368,8.92298582027143,0.0],[98.36085901087715,8.923224328406361,0.0],[98.36046045123061,8.924099904322754,0.0],[98.36042906858127,8.924463943055018,0.0],[98.36065188539153,8.925141808280612,0.0],[98.36050124867474,8.925122978691013,0.0],[98.3603800602874,8.925379798904599,0.0],[98.36038006046951,8.92537979979062,0.0],[98.36111642738307,8.925206594351108,0.0],[98.3613723151211,8.924510601137351,0.0],[98.36191720112656,8.924999945522135,0.0],[98.3622727301656,8.924539282090917,0.0],[98.36243817770867,8.923544661134965,0.0],[98.36239511774042,8.922151720133842,0.0],[98.36234219303964,8.92120194713944,0.0],[98.36191589855521,8.920513826288868,0.0],[98.36199794544248,8.92042418227255,0.0],[98.36199794532693,8.920424182281218,0.0],[98.36157415166002,8.920221540415323,0.0],[98.36142893402365,8.920285197461403,0.0],[98.36129366280073,8.920036537125156,0.0],[98.36170942288294,8.919962933665628,0.0],[98.36186060836738,8.920082290627027,0.0],[98.36189148127487,8.919823255429515,0.0],[98.36189148235665,8.919823255438908,0.0],[98.36155374528889,8.9195544774957,0.0],[98.3607814498798,8.919082831109518,0.0],[98.35961754877864,8.918899935499732,0.0],[98.35950808828231,8.9190806386318,0.0],[98.35921742853046,8.91885402286193,0.0],[98.3594452084844,8.918628300831289,0.0],[98.36028198788576,8.918629742162919,0.0],[98.36059882630428,8.918795634945477,0.0],[98.36059882683357,8.918795634342917,0.0],[98.36077065647711,8.918719405045799,0.0],[98.36068621432082,8.918615843910716,0.0],[98.3605061772706,8.91832587273249,0.0],[98.36077543622181,8.918510689527405,0.0],[98.36082721678935,8.918738524024583,0.0],[98.36085005775988,8.918927175134915,0.0],[98.36085005837148,8.918927176741699,0.0],[98.36196311926794,8.91950995765365,0.0],[98.3624634320224,8.919474637975618,0.0],[98.36371683496618,8.9204988254887,0.0],[98.36374647061326,8.919142186956424,0.0],[98.36193784305354,8.918352206402467,0.0],[98.35839561748412,8.915488018409889,0.0],[98.3566950884241,8.915313232561363,0.0],[98.35538469346534,8.915690835263629,0.0],[98.35530183601854,8.91626050029598,0.0],[98.35505537258616,8.916766569368471,0.0],[98.35575352859776,8.918015932492153,0.0],[98.35601350714764,8.920178038266288,0.0],[98.35644552617069,8.922783626395718,0.0],[98.35687813612176,8.925054565611436,0.0],[98.35736611586556,8.926873371210997,0.0],[98.3578557927411,8.927724409069706,0.0],[98.35846692402684,8.92673960604967,0.0],[98.35855930235948,8.925925753145279,0.0],[98.3584056726552,8.925355678986781,0.0],[98.35856950390829,8.925292649908124,0.0],[98.35892268448205,8.926179629010043,0.0],[98.35955133881308,8.925574726588742,0.0],[98.36018712765953,8.925425180443307,0.0]],[[98.36199097265363,8.918613837782047,0.0],[98.36181893399892,8.918613837782043,0.0],[98.36172216225565,8.918504521553535,0.0],[98.36200530920819,8.918522442246735,0.0],[98.36220960511065,8.918737490565112,0.0],[98.36221498131859,8.91900809303241,0.0],[98.36211283336738,8.918997340616492,0.0],[98.36212716992193,8.918746450911717,0.0],[98.36199097265363,8.918613837782047,0.0]],[[98.35808963774431,8.921124526899142,0.0],[98.35815773637846,8.920973993076277,0.0],[98.35827601295358,8.920957864452397,0.0],[98.35840683401392,8.921067180680911,0.0],[98.35855557576747,8.921025963086551,0.0],[98.35879212891768,8.921074348958191,0.0],[98.35875807960062,8.921203377949217,0.0],[98.35861471405502,8.921176496909421,0.0],[98.35845701195488,8.921223090711734,0.0],[98.3582598843297,8.921226674850374,0.0],[98.35808963774431,8.921124526899142,0.0]]]},"properties":{"plot":"75-STC","province":"พังงา","source_group":"MOC_2","source_path":"STC/Shapefile/STC PDD/MOC_2.shp","source_crs":"EPSG:32647","pdd_area_rai":438.64,"geometry_area_rai":438.6406,"geometry_parts":1,"boundary_role":"primary","pdd_verified_geometry":true}},{"type":"Feature","geometry":{"type":"Polygon","coordinates":[[[98.30689513414778,8.887945499951643,0.0],[98.30637589299154,8.888396759899823,0.0],[98.30645718287965,8.888695379929702,0.0],[98.30584707924632,8.889101247427737,0.0],[98.30553816952883,8.888937871017067,0.0],[98.30443641008725,8.88963224412131,0.0],[98.30348889642244,8.890516836429423,0.0],[98.30448671193734,8.891893464192206,0.0],[98.30585997242088,8.891914113276835,0.0],[98.30645199371769,8.891453945469877,0.0],[98.30942706590123,8.890862531430207,0.0],[98.30959153178206,8.890455832941484,0.0],[98.30852983387098,8.889187633291968,0.0],[98.30913190797435,8.888211941904327,0.0],[98.3088142248094,8.887876706123121,0.0],[98.30791219859366,8.888761395202224,0.0],[98.30728502846007,8.888570295761108,0.0],[98.30689513414778,8.887945499951643,0.0]]]},"properties":{"plot":"76-STC","province":"พังงา","source_group":"MOC_2","source_path":"STC/Shapefile/STC PDD/MOC_2.shp","source_crs":"EPSG:32647","pdd_area_rai":106.01,"geometry_area_rai":106.0072,"geometry_parts":1,"boundary_role":"primary","pdd_verified_geometry":true}},{"type":"Feature","geometry":{"type":"Polygon","coordinates":[[[98.3381605012049,8.974775677899778,0.0],[98.34005392373987,8.974064547782776,0.0],[98.34111029130409,8.973433316285606,0.0],[98.33974710265058,8.972698275747259,0.0],[98.34102443101762,8.970602224860382,0.0],[98.33940495980312,8.970744045996856,0.0],[98.33942174663468,8.971521905489544,0.0],[98.33736096911221,8.974231573077327,0.0],[98.3381605012049,8.974775677899778,0.0]]]},"properties":{"plot":"77-STC","province":"พังงา","source_group":"MOC_2","source_path":"STC/Shapefile/STC PDD/MOC_2.shp","source_crs":"EPSG:32647","pdd_area_rai":52.11,"geometry_area_rai":52.1069,"geometry_parts":1,"boundary_role":"primary","pdd_verified_geometry":true}},{"type":"Feature","geometry":{"type":"Polygon","coordinates":[[[98.40435156583494,7.937523125655336,0.0],[98.40446454976728,7.937410807548611,0.0],[98.40451411944072,7.937196739719013,0.0],[98.40496660308096,7.936840661253365,0.0],[98.40470789635967,7.936247617107752,0.0],[98.40395412941028,7.936762109500618,0.0],[98.40392665096995,7.936942972297895,0.0],[98.40188424519079,7.937681740612503,0.0],[98.40176603965574,7.937862472776228,0.0],[98.40259976618987,7.938523963155234,0.0],[98.4017452513946,7.939689553748878,0.0],[98.40126309120218,7.940593370330631,0.0],[98.40153930217788,7.940773527103865,0.0],[98.40185435442777,7.9405481755657235,0.0],[98.40205160926192,7.940261276546426,0.0],[98.4022874236852,7.939869132518334,0.0],[98.40251340752316,7.93963492464639,0.0],[98.40274437870053,7.939271491599179,0.0],[98.4029175100609,7.939065925853952,0.0],[98.4029848960728,7.938946363107138,0.0],[98.40303318189754,7.938754977276136,0.0],[98.40322563406596,7.938468070663532,0.0],[98.40352859036538,7.938123885810823,0.0],[98.40392281218023,7.937746326781983,0.0],[98.40423038905158,7.937526593800751,0.0],[98.40435156583494,7.937523125655336,0.0]]]},"properties":{"plot":"102-VSD","province":"ภูเก็ต","source_group":"MOC_2","source_path":"VSD/Shapefile/VSD PDD/VSD 32647/MOC_2.shp","source_crs":"EPSG:32647","pdd_area_rai":32.04,"geometry_area_rai":32.0382,"geometry_parts":1,"boundary_role":"primary","pdd_verified_geometry":true}},{"type":"Feature","geometry":{"type":"Polygon","coordinates":[[[98.34585680516619,8.138630878993476,0.0],[98.34545743298139,8.138621190628436,0.0],[98.34521153225421,8.139127309889053,0.0],[98.34530120068173,8.139805823599936,0.0],[98.34573674993672,8.139896974800646,0.0],[98.34593588645036,8.14024100266304,0.0],[98.34639877004452,8.140268882763355,0.0],[98.34658931401842,8.140314414041859,0.0],[98.34677909600798,8.140830280057632,0.0],[98.34674183524547,8.141418140153249,0.0],[98.34665823612502,8.142593845648971,0.0],[98.34726625306213,8.142685272995069,0.0],[98.34743744680313,8.141710912394469,0.0],[98.34773076427221,8.141709167743427,0.0],[98.34781352588884,8.141049021141537,0.0],[98.34751852268245,8.140915973897261,0.0],[98.34716041898321,8.140776623801475,0.0],[98.34694280479854,8.140631555064985,0.0],[98.34674448785923,8.139781013184217,0.0],[98.34668147642229,8.139455294540017,0.0],[98.34637348904496,8.13906586721422,0.0],[98.34585680516619,8.138630878993476,0.0]]]},"properties":{"plot":"78-STC","province":"ภูเก็ต","source_group":"MOC_2","source_path":"STC/Shapefile/STC PDD/MOC_2.shp","source_crs":"EPSG:32647","pdd_area_rai":26.31,"geometry_area_rai":26.3094,"geometry_parts":1,"boundary_role":"primary","pdd_verified_geometry":true}},{"type":"Feature","geometry":{"type":"Polygon","coordinates":[[[98.411016706646,8.0045271811784,0.0],[98.41029977904827,8.003759183777435,0.0],[98.41017101190931,8.004961996559851,0.0],[98.41011618998859,8.005224225763033,0.0],[98.40933827375939,8.007703209791961,0.0],[98.40900403792303,8.008768308203384,0.0],[98.40943936426147,8.008931743134942,0.0],[98.40992020517993,8.008995746791161,0.0],[98.41092034161592,8.009513153153671,0.0],[98.41170662430223,8.008758714561408,0.0],[98.41097151746735,8.007909230070775,0.0],[98.41091250256028,8.006763028212921,0.0],[98.41102340882442,8.005983465497083,0.0],[98.41066878771021,8.005867216478798,0.0],[98.4104247487011,8.005197531386209,0.0],[98.4108191983875,8.005018727833866,0.0],[98.411016706646,8.0045271811784,0.0]]]},"properties":{"plot":"79-STC","province":"ภูเก็ต","source_group":"MOC_2","source_path":"STC/Shapefile/STC PDD/MOC_2.shp","source_crs":"EPSG:32647","pdd_area_rai":50.74,"geometry_area_rai":50.743,"geometry_parts":1,"boundary_role":"primary","pdd_verified_geometry":true}},{"type":"Feature","geometry":{"type":"MultiPolygon","coordinates":[[[[98.41162453042857,8.01012881713151,0.0],[98.41054489353903,8.009991599391848,0.0],[98.40990886502993,8.010569575464176,0.0],[98.41023238667151,8.012758948830044,0.0],[98.41043136991264,8.013211487632443,0.0],[98.41008607816651,8.013536616804096,0.0],[98.4102122196933,8.014160908080047,0.0],[98.41093821629877,8.014125765679642,0.0],[98.41187424649208,8.013168322785262,0.0],[98.41162453042857,8.01012881713151,0.0]]],[[[98.41089107550849,8.015355829881754,0.0],[98.41013807517167,8.015237166980897,0.0],[98.40994206599403,8.019017730931429,0.0],[98.41024148256503,8.01904529485078,0.0],[98.41066039001339,8.018014754774162,0.0],[98.41132581149463,8.015935336399915,0.0],[98.41089107550849,8.015355829881754,0.0]]]]},"properties":{"plot":"80-STC","province":"ภูเก็ต","source_group":"MOC_2","source_path":"STC/Shapefile/STC PDD/MOC_2.shp","source_crs":"EPSG:32647","pdd_area_rai":70.81,"geometry_area_rai":70.8072,"geometry_parts":2,"boundary_role":"primary","pdd_verified_geometry":true}},{"type":"Feature","geometry":{"type":"Polygon","coordinates":[[[98.6151797830598,9.96790068566496,0.0],[98.614712467047,9.966516353752432,0.0],[98.6144404805663,9.963504254788978,0.0],[98.6121129022435,9.96061639684198,0.0],[98.6113957100623,9.959168459607248,0.0],[98.6068345106315,9.95581669783917,0.0],[98.6056826320562,9.955516876003559,0.0],[98.6041353921794,9.955496958551976,0.0],[98.60271022600641,9.955621889329736,0.0],[98.6015285665063,9.95581041508346,0.0],[98.6001075415837,9.956279026415562,0.0],[98.5999786647074,9.9564778487759,0.0],[98.6007724340036,9.957175215799712,0.0],[98.6019555534087,9.958044888397428,0.0],[98.6029755725035,9.958751564223977,0.0],[98.603554736082,9.958878873276998,0.0],[98.6034530001391,9.95926766140464,0.0],[98.6024883774672,9.958769073842282,0.0],[98.6012658491883,9.958044066239188,0.0],[98.60057775020022,9.95747344805464,0.0],[98.6000920529435,9.957011603420579,0.0],[98.59952372292443,9.956701747676087,0.0],[98.59923028150072,9.956600691082267,0.0],[98.5985825544583,9.956711329150869,0.0],[98.597899742136,9.95704515074444,0.0],[98.5977927921686,9.95721686540944,0.0],[98.59854600261451,9.95899951517698,0.0],[98.5997913001643,9.9605023771626,0.0],[98.6002386406693,9.96100035397489,0.0],[98.6008786132674,9.961390027754152,0.0],[98.6015564094929,9.961436058716982,0.0],[98.6028369039235,9.96101249705984,0.0],[98.60424575144042,9.960064507696549,0.0],[98.6050170258775,9.959757910945568,0.0],[98.6058186878942,9.95997592303066,0.0],[98.6062415348209,9.96036533051707,0.0],[98.6066203965932,9.960917484801948,0.0],[98.60642472647643,9.962152693975726,0.0],[98.6057517745411,9.962517318439291,0.0],[98.6056952865966,9.963213669936689,0.0],[98.6061028673643,9.964163811934794,0.0],[98.61207016076791,9.964360728193041,0.0],[98.6133771096468,9.96858597730367,0.0],[98.6151797830598,9.96790068566496,0.0]]]},"properties":{"plot":"81-STC","province":"ระนอง","source_group":"MOC_2","source_path":"STC/Shapefile/STC PDD/MOC_2.shp","source_crs":"EPSG:32647","pdd_area_rai":666.56,"geometry_area_rai":666.5609,"geometry_parts":1,"boundary_role":"primary","pdd_verified_geometry":true}},{"type":"Feature","geometry":{"type":"MultiPolygon","coordinates":[[[[101.68964852357284,12.71493844822118,0.0],[101.68999625719728,12.71475424104748,0.0],[101.69030185772833,12.714064565598697,0.0],[101.69117981626222,12.713549754930373,0.0],[101.69111198355013,12.713225225332156,0.0],[101.69011698843983,12.710233034856497,0.0],[101.68839494591656,12.710785384056246,0.0],[101.68871743028845,12.711869229956367,0.0],[101.68870202629114,12.711878835655424,0.0],[101.68828829016567,12.71072440320296,0.0],[101.68875282168263,12.712020567534747,0.0],[101.68964852357284,12.71493844822118,0.0]],[[101.68986044471995,12.712343580472835,0.0],[101.68991650608349,12.71242431614587,0.0],[101.68918376467428,12.712747937733067,0.0],[101.68909933995337,12.712595218802305,0.0],[101.68986044471995,12.712343580472835,0.0]]],[[[101.69209777718528,12.71246540366749,0.0],[101.6928619830896,12.711635560324746,0.0],[101.69286036426378,12.711482001560213,0.0],[101.69245892140628,12.710935015999418,0.0],[101.69099406159108,12.709892932696,0.0],[101.68953149503636,12.709067628297282,0.0],[101.6896774708899,12.70894870698161,0.0],[101.6932117677622,12.71077379179467,0.0],[101.69452802580331,12.70819480688191,0.0],[101.6944955339045,12.708258428134236,0.0],[101.69090689679487,12.706484839732978,0.0],[101.68936739823097,12.709333163258275,0.0],[101.68939236564876,12.709460206070794,0.0],[101.69006208712578,12.709971411503703,0.0],[101.690190155404,12.71011628851998,0.0],[101.69118604864228,12.713200696081783,0.0],[101.69111198355013,12.713225225332156,0.0],[101.69192810173452,12.71295495471466,0.0],[101.69209777718528,12.71246540366749,0.0]]],[[[101.69745989791458,12.709610398704914,0.0],[101.69737875821416,12.708897553684555,0.0],[101.69699962291945,12.708720735223284,0.0],[101.69441081657169,12.706678315160747,0.0],[101.69071733827494,12.705460120354779,0.0],[101.68992070959075,12.706705842046622,0.0],[101.68930352487384,12.70751611702448,0.0],[101.68827106787695,12.708213162558337,0.0],[101.68788009249981,12.7086597867928,0.0],[101.68914943679322,12.709487062152357,0.0],[101.69123640767394,12.705632954655067,0.0],[101.69133079795388,12.705663560832802,0.0],[101.69093491736011,12.706375760658961,0.0],[101.69452802580331,12.70819480688191,0.0],[101.6973492986087,12.709593456596442,0.0],[101.69745989791458,12.709610398704914,0.0]]]]},"properties":{"plot":"13-STC","province":"ระยอง","source_group":"Standard","source_path":"STC/Shapefile/STC PDD/Standard.shp","source_crs":"EPSG:32647","pdd_area_rai":289.89,"geometry_area_rai":259.8925,"geometry_parts":3,"boundary_role":"primary","pdd_verified_geometry":true}},{"type":"Feature","geometry":{"type":"Polygon","coordinates":[[[101.67373995392619,12.691865860571495,0.0],[101.67225646519498,12.690681459375236,0.0],[101.67173367840832,12.691241245323003,0.0],[101.67312814417355,12.692606447007472,0.0],[101.67373995392619,12.691865860571495,0.0]]]},"properties":{"plot":"14(1)-STC","province":"ระยอง","source_group":"MOC_1","source_path":"STC/Shapefile/STC PDD/MOC_1.shp","source_crs":"EPSG:32647","pdd_area_rai":12.47,"geometry_area_rai":12.4737,"geometry_parts":1,"boundary_role":"primary","pdd_verified_geometry":true}},{"type":"Feature","geometry":{"type":"MultiPolygon","coordinates":[[[[101.69992131836949,12.710913305313282,0.0],[101.70004216917123,12.711029513432795,0.0],[101.70087704908372,12.71079516226607,0.0],[101.70080710508796,12.710271915604912,0.0],[101.6997787250158,12.710481135948603,0.0],[101.69992131836949,12.710913305313282,0.0]]],[[[101.69973186224576,12.710400309178201,0.0],[101.69998919610686,12.710370586535205,0.0],[101.69995077030103,12.710217403555955,0.0],[101.69969324566601,12.710229060495005,0.0],[101.69973186224576,12.710400309178201,0.0]]]]},"properties":{"plot":"14-STC","province":"ระยอง","source_group":"MOC_1","source_path":"STC/Shapefile/STC PDD/MOC_1.shp","source_crs":"EPSG:32647","pdd_area_rai":4.48,"geometry_area_rai":4.4856,"geometry_parts":2,"boundary_role":"primary","pdd_verified_geometry":true}},{"type":"Feature","geometry":{"type":"MultiPolygon","coordinates":[[[[101.7051517466218,12.720657300076695,0.0],[101.70547609851121,12.72054755440365,0.0],[101.7065920219944,12.720169973999724,0.0],[101.70669201799443,12.71991197999972,0.0],[101.7065849809944,12.719661024999748,0.0],[101.7046468709408,12.71958175100722,0.0],[101.70509008062272,12.720525932157162,0.0],[101.7051517466218,12.720657300076695,0.0]]],[[[101.70537834722548,12.720924946705399,0.0],[101.70658498099439,12.720530982999724,0.0],[101.70648699599444,12.720247003999706,0.0],[101.70517034565674,12.720696921817868,0.0],[101.70529080153429,12.720953529966726,0.0],[101.70537834722548,12.720924946705399,0.0]]],[[[101.70768401599443,12.718458976999779,0.0],[101.7076240009944,12.718432992999691,0.0],[101.70748704099438,12.718400973999765,0.0],[101.7070419619944,12.719735959999735,0.0],[101.70686401399442,12.719758003999715,0.0],[101.70676554211363,12.720103208736964,0.0],[101.70799900799442,12.71966798199969,0.0],[101.70800797599438,12.719693965999726,0.0],[101.70697700199445,12.72006696099971,0.0],[101.7068530339944,12.720169973999713,0.0],[101.70672403599443,12.72015798799973,0.0],[101.70664901799442,12.720271981999714,0.0],[101.70667299099442,12.720483960999738,0.0],[101.70677700999441,12.720429980999727,0.0],[101.70673702799442,12.720314980999719,0.0],[101.7068259599944,12.720310957999684,0.0],[101.70688798699443,12.720412965999701,0.0],[101.7085389699944,12.719820029999736,0.0],[101.70855497899436,12.71976998999971,0.0],[101.70859797899438,12.719774012999764,0.0],[101.70884700499438,12.720737009999718,0.0],[101.7092830319944,12.720707002999687,0.0],[101.70941202899438,12.719415015999713,0.0],[101.70919959821654,12.719163039551528,0.0],[101.70852992522047,12.718806058263405,0.0],[101.70770798799438,12.718410025999718,0.0],[101.70768401599443,12.718458976999779,0.0]]]]},"properties":{"plot":"14-VSD","province":"ระยอง","source_group":"MOC_1","source_path":"VSD/Shapefile/VSD PDD/VSD 32647/MOC_1.shp","source_crs":"EPSG:32647","pdd_area_rai":39.03,"geometry_area_rai":39.0357,"geometry_parts":3,"boundary_role":"primary","pdd_verified_geometry":true}},{"type":"Feature","geometry":{"type":"Polygon","coordinates":[[[101.78844460247718,12.740622406048656,0.0],[101.78859824480716,12.740644507031421,0.0],[101.78859470197496,12.740505758856415,0.0],[101.78886110449425,12.739142645579557,0.0],[101.78833667962381,12.73903794328444,0.0],[101.78833932760347,12.73927996810155,0.0],[101.78819497955108,12.739313313763791,0.0],[101.78823718948149,12.739600096384198,0.0],[101.78822878946987,12.739731445895925,0.0],[101.78830246327746,12.73979885149426,0.0],[101.788172846172,12.7401735407834,0.0],[101.78824722880016,12.740305715738746,0.0],[101.78839721272533,12.740364367507631,0.0],[101.78846110849496,12.740490971080604,0.0],[101.78844460247718,12.740622406048656,0.0]]]},"properties":{"plot":"15-STC","province":"ระยอง","source_group":"MOC_1","source_path":"STC/Shapefile/STC PDD/MOC_1.shp","source_crs":"EPSG:32647","pdd_area_rai":5.07,"geometry_area_rai":5.0788,"geometry_parts":1,"boundary_role":"primary","pdd_verified_geometry":true}},{"type":"Feature","geometry":{"type":"Polygon","coordinates":[[[101.70471196099446,12.727973022999755,0.0],[101.70501002099446,12.728979018999722,0.0],[101.70523398599445,12.728838035999729,0.0],[101.70527559577344,12.728910736207443,0.0],[101.7069240289944,12.728343000999699,0.0],[101.7070709629944,12.728824959999727,0.0],[101.70750196099442,12.728658997999734,0.0],[101.70753196799441,12.728723035999744,0.0],[101.7076369929944,12.728709037999721,0.0],[101.70770899399443,12.728766034999714,0.0],[101.70776003999437,12.728756982999675,0.0],[101.7078519889944,12.728948005999731,0.0],[101.7079170329944,12.728947000999717,0.0],[101.70807201399438,12.728807022999725,0.0],[101.70814309031607,12.728598663587452,0.0],[101.70824300499437,12.728160023999727,0.0],[101.7084679749944,12.728108977999693,0.0],[101.70873602899442,12.728089028999692,0.0],[101.7088220269944,12.727976040999751,0.0],[101.7088650259944,12.727553005999708,0.0],[101.70879595899439,12.727326023999721,0.0],[101.70878598499442,12.727131982999719,0.0],[101.7087060209944,12.727029975999669,0.0],[101.70886795999442,12.727109016999732,0.0],[101.70896703399441,12.726955040999725,0.0],[101.70905998899443,12.726955040999712,0.0],[101.70917599499438,12.726710037999677,0.0],[101.70929401199436,12.726558995999753,0.0],[101.70937598699437,12.726539968999674,0.0],[101.7093550319944,12.726280968999756,0.0],[101.70856101399438,12.726589003999738,0.0],[101.708248498264,12.72562559344608,0.0],[101.70824027753915,12.72563779377593,0.0],[101.70753800299444,12.726680030999708,0.0],[101.70760899799444,12.726913969999735,0.0],[101.70788702599437,12.726883040999724,0.0],[101.70805801599438,12.727198032999684,0.0],[101.70765501399441,12.727361982999735,0.0],[101.70787503899439,12.728034965999733,0.0],[101.7077720259944,12.728046029999755,0.0],[101.70749056747228,12.727004055290914,0.0],[101.70471196099446,12.727973022999755,0.0]]]},"properties":{"plot":"15-VSD","province":"ระยอง","source_group":"MOC_1","source_path":"VSD/Shapefile/VSD PDD/VSD 32647/MOC_1.shp","source_crs":"EPSG:32647","pdd_area_rai":46.47,"geometry_area_rai":46.4767,"geometry_parts":1,"boundary_role":"primary","pdd_verified_geometry":true}},{"type":"Feature","geometry":{"type":"Polygon","coordinates":[[[101.71861816472911,12.730695598307268,0.0],[101.71788486915965,12.729239677616643,0.0],[101.71804952938069,12.72914765017796,0.0],[101.71806552559406,12.728921644506775,0.0],[101.71826776059693,12.728901500364753,0.0],[101.71834970549052,12.728819355908218,0.0],[101.71817132044336,12.728486942607699,0.0],[101.71747356599366,12.728638645560116,0.0],[101.71720740336025,12.72870461363792,0.0],[101.71683184941759,12.728003842800232,0.0],[101.71594891585826,12.72804903814343,0.0],[101.71587636380576,12.728149152929976,0.0],[101.716319787389,12.729174441140028,0.0],[101.7167887636535,12.7291425268129,0.0],[101.71696416504558,12.729194928354142,0.0],[101.71718955473372,12.730484428239675,0.0],[101.71744010753224,12.730680596236315,0.0],[101.71755042711906,12.73067042979569,0.0],[101.71778918010516,12.730622809794422,0.0],[101.71814325839671,12.731034721552666,0.0],[101.71843693058645,12.730959435890481,0.0],[101.71861816472911,12.730695598307268,0.0]]]},"properties":{"plot":"16-STC","province":"ระยอง","source_group":"Standard","source_path":"STC/Shapefile/STC PDD/Standard.shp","source_crs":"EPSG:32647","pdd_area_rai":27.05,"geometry_area_rai":27.0559,"geometry_parts":1,"boundary_role":"primary","pdd_verified_geometry":true}},{"type":"Feature","geometry":{"type":"MultiPolygon","coordinates":[[[[101.69907196602063,12.731602932327464,0.0],[101.69950998399456,12.731642033999758,0.0],[101.69957997299456,12.731565003999727,0.0],[101.69933496999452,12.72997001199972,0.0],[101.69924603799454,12.730006975999736,0.0],[101.69926104099454,12.730066989999742,0.0],[101.6991850169945,12.730090962999732,0.0],[101.69917797699452,12.730034971999714,0.0],[101.69910203699452,12.730074030999758,0.0],[101.69900204099454,12.731569027999686,0.0],[101.69907196602063,12.731602932327464,0.0]]],[[[101.70051291135502,12.729852685402143,0.0],[101.7014494396066,12.729510877107668,0.0],[101.70145098099448,12.729500038999735,0.0],[101.70158198999451,12.729430971999681,0.0],[101.70144100699451,12.729011037999756,0.0],[101.69993201299455,12.729394006999774,0.0],[101.69998398099453,12.729590981999701,0.0],[101.70026301399453,12.72987697299972,0.0],[101.70049200799454,12.729823998999798,0.0],[101.70051291135502,12.729852685402143,0.0]]],[[[101.69979597399451,12.729459972999717,0.0],[101.69922600499454,12.729617971999703,0.0],[101.69925701799454,12.729774964999702,0.0],[101.6993479619945,12.729860962999684,0.0],[101.69987602199451,12.72963599299971,0.0],[101.69979597399451,12.729459972999717,0.0]]]]},"properties":{"plot":"16-VSD","province":"ระยอง","source_group":"MOC_1","source_path":"VSD/Shapefile/VSD PDD/VSD 32647/MOC_1.shp","source_crs":"EPSG:32647","pdd_area_rai":12.03,"geometry_area_rai":12.0375,"geometry_parts":3,"boundary_role":"primary","pdd_verified_geometry":true}},{"type":"Feature","geometry":{"type":"MultiPolygon","coordinates":[[[[101.6799145957196,12.726501121674294,0.0],[101.68120023567924,12.726244188707252,0.0],[101.68218914742022,12.72577344270426,0.0],[101.68229738026086,12.72556456649042,0.0],[101.68225753601412,12.725275885355654,0.0],[101.68169682051378,12.725335768695778,0.0],[101.68133108096336,12.72534416152443,0.0],[101.67970501749357,12.72586526792277,0.0],[101.67973360124206,12.725915749219793,0.0],[101.6799145957196,12.726501121674294,0.0]]],[[[101.68096601404555,12.724096490388701,0.0],[101.68053753530317,12.7244802527287,0.0],[101.6802955479536,12.724220718932742,0.0],[101.67964803711189,12.7239020515899,0.0],[101.67946021601848,12.723542595471939,0.0],[101.67897804742766,12.72319515107448,0.0],[101.67856959091027,12.721979703014675,0.0],[101.67825789104577,12.721214971540947,0.0],[101.67825229895462,12.720682026263937,0.0],[101.67797247046875,12.720323498560889,0.0],[101.67668731346156,12.721501867828628,0.0],[101.67618266257962,12.721642476975747,0.0],[101.67559131672633,12.721413569339715,0.0],[101.67428340575009,12.721300304227789,0.0],[101.67301535247704,12.720599422454251,0.0],[101.6726861866384,12.720801491591962,0.0],[101.67250584908257,12.721155636115114,0.0],[101.67211189451506,12.721322222638847,0.0],[101.67202621716089,12.721928363100103,0.0],[101.67100332285813,12.722670433913622,0.0],[101.67106470129539,12.72262590969764,0.0],[101.67210790782272,12.724457050244428,0.0],[101.67380384826383,12.727348863656564,0.0],[101.6738626041496,12.727365344368625,0.0],[101.67373118271485,12.727439937157849,0.0],[101.67579025233778,12.726344093017634,0.0],[101.67594904604627,12.726568336562629,0.0],[101.67719143576163,12.726573843540326,0.0],[101.6774298210168,12.726490127346187,0.0],[101.67713851735152,12.725038609869822,0.0],[101.67885225955824,12.724361799790255,0.0],[101.67936511405755,12.725263986544624,0.0],[101.679884549452,12.72497537160085,0.0],[101.68043357393036,12.724661107150142,0.0],[101.68096601404555,12.724096490388701,0.0]],[[101.67568104128291,12.722072140924897,0.0],[101.67489427113888,12.722513718599492,0.0],[101.6748845964201,12.722468646567792,0.0],[101.67573511284239,12.721963187256263,0.0],[101.67745402610889,12.724904861090257,0.0],[101.67740901699621,12.724922381334801,0.0],[101.67575465190026,12.72207139718426,0.0],[101.67568104128291,12.722072140924897,0.0]],[[101.67580988699679,12.72633499613276,0.0],[101.67301674604373,12.721611212387975,0.0],[101.6730715756168,12.721574523124145,0.0],[101.67318391544966,12.721539238823814,0.0],[101.67393348160516,12.72120251756514,0.0],[101.67419319970291,12.721686754663079,0.0],[101.67419319843992,12.721686755393737,0.0],[101.6741931994295,12.72168675723876,0.0],[101.67351267017362,12.722080450600227,0.0],[101.67343377123899,12.72212609457303,0.0],[101.67598909142215,12.726558328704382,0.0],[101.67594904228756,12.72655832699318,0.0],[101.67580988699679,12.72633499613276,0.0]]]]},"properties":{"plot":"17-STC","province":"ระยอง","source_group":"Standard","source_path":"STC/Shapefile/STC PDD/Standard.shp","source_crs":"EPSG:32647","pdd_area_rai":275.21,"geometry_area_rai":275.2231,"geometry_parts":2,"boundary_role":"primary","pdd_verified_geometry":true}},{"type":"Feature","geometry":{"type":"MultiPolygon","coordinates":[[[[101.70216604099448,12.73124003799974,0.0],[101.7019989899945,12.731361994999734,0.0],[101.7018709979945,12.73138898399972,0.0],[101.70197803499451,12.731528961999684,0.0],[101.70223154352672,12.731317240549966,0.0],[101.70216604099448,12.73124003799974,0.0]]],[[[101.70078596099451,12.73185702999974,0.0],[101.70171702299452,12.731624012999713,0.0],[101.7015079779945,12.731489985999715,0.0],[101.70078596099451,12.73185702999974,0.0]]],[[[101.70138099199448,12.72970497599971,0.0],[101.70171299899448,12.730338982999678,0.0],[101.70280901699446,12.729975962999736,0.0],[101.7023849769945,12.729474976999734,0.0],[101.70138099199448,12.72970497599971,0.0]]],[[[101.70198398599452,12.731312959999705,0.0],[101.70211197799449,12.731231990999744,0.0],[101.7012860249945,12.729739006999717,0.0],[101.70040306753238,12.730070263430568,0.0],[101.70198398599452,12.731312959999705,0.0]]],[[[101.6998389739945,12.730197999999724,0.0],[101.6997379719945,12.730292966999695,0.0],[101.7005820289945,12.731891981999695,0.0],[101.70152700499449,12.731376997999735,0.0],[101.7017760309945,12.731544970999707,0.0],[101.7018450139945,12.731514963999702,0.0],[101.70172699699448,12.731356964999726,0.0],[101.70174200099453,12.7313200009997,0.0],[101.7016007989561,12.73120813440064,0.0],[101.70154603199451,12.731252023999758,0.0],[101.70009500725533,12.730131869587073,0.0],[101.70006684307539,12.73011142202907,0.0],[101.70000521469646,12.730134837515308,0.0],[101.6998389739945,12.730197999999724,0.0]]]]},"properties":{"plot":"17-VSD","province":"ระยอง","source_group":"MOC_1","source_path":"VSD/Shapefile/VSD PDD/VSD 32647/MOC_1.shp","source_crs":"EPSG:32647","pdd_area_rai":24.41,"geometry_area_rai":24.4157,"geometry_parts":5,"boundary_role":"primary","pdd_verified_geometry":true}},{"type":"Feature","geometry":{"type":"MultiPolygon","coordinates":[[[[101.66559169182855,12.727267019351203,0.0],[101.66590434051443,12.72703726195644,0.0],[101.66601999521647,12.727261540922097,0.0],[101.66641795651643,12.727046399072066,0.0],[101.66597974105323,12.726189564358661,0.0],[101.66534378483762,12.726477837859782,0.0],[101.66529937614762,12.726356533557752,0.0],[101.66542792062317,12.72627319250925,0.0],[101.6652947593581,12.725914581908235,0.0],[101.66505575324206,12.72587596444516,0.0],[101.66490908096355,12.725901263537036,0.0],[101.66465938607246,12.726130069868285,0.0],[101.66456115966608,12.726146940291702,0.0],[101.66424005085973,12.726379112044752,0.0],[101.66377300985458,12.726706705747791,0.0],[101.66400891664503,12.727223092563774,0.0],[101.6644694800395,12.726984548607476,0.0],[101.66522599852125,12.72659822748208,0.0],[101.66559169182855,12.727267019351203,0.0]]],[[[101.66454273535895,12.727126693321207,0.0],[101.6648819543212,12.72778863402491,0.0],[101.66553166888158,12.727310688861099,0.0],[101.66523210010021,12.726722465044372,0.0],[101.66454273535895,12.727126693321207,0.0]]],[[[101.66665743889862,12.727524893952236,0.0],[101.66646521634617,12.727143707125176,0.0],[101.66605313345826,12.727325809376737,0.0],[101.66625782095132,12.727722445668508,0.0],[101.66665743889862,12.727524893952236,0.0]]],[[[101.66668012468307,12.727568173185881,0.0],[101.66627928768763,12.727762674696063,0.0],[101.66648979685235,12.728172098380249,0.0],[101.66688264139037,12.727968317759691,0.0],[101.66668012468307,12.727568173185881,0.0]]]]},"properties":{"plot":"18(1)-STC","province":"ระยอง","source_group":"MOC_1","source_path":"STC/Shapefile/STC PDD/MOC_1.shp","source_crs":"EPSG:32647","pdd_area_rai":21.03,"geometry_area_rai":21.03,"geometry_parts":4,"boundary_role":"primary","pdd_verified_geometry":true}},{"type":"Feature","geometry":{"type":"MultiPolygon","coordinates":[[[[101.68772008624822,12.731314244252015,0.0],[101.68926225121942,12.731722834249062,0.0],[101.6898508001608,12.73159452538538,0.0],[101.68963081011005,12.730720767210437,0.0],[101.68906060060687,12.730753663058378,0.0],[101.68844247864143,12.730606367302387,0.0],[101.68787899516545,12.730404311903314,0.0],[101.68772008624822,12.731314244252015,0.0]]],[[[101.68831061036366,12.730318623398215,0.0],[101.6878869272005,12.729410506764763,0.0],[101.68750151106899,12.72951379294948,0.0],[101.6873588466449,12.729202489138586,0.0],[101.68694901425192,12.729175157808278,0.0],[101.68691148271803,12.729019903348298,0.0],[101.6872554079638,12.728976771268664,0.0],[101.68697404721692,12.728362813283761,0.0],[101.6870326318611,12.728193502097145,0.0],[101.68624078940104,12.72826347517648,0.0],[101.6868487748546,12.729574623108775,0.0],[101.6870052005706,12.729573035124307,0.0],[101.68715832496774,12.730131580179508,0.0],[101.68756290671996,12.730100370576553,0.0],[101.68831061036366,12.730318623398215,0.0]]],[[[101.6873327805965,12.727473852819816,0.0],[101.68748834854233,12.727390968727203,0.0],[101.687487111501,12.727273541055347,0.0],[101.68593737185795,12.726918880769679,0.0],[101.68594488490545,12.727632480611145,0.0],[101.68602446433523,12.727324521440618,0.0],[101.68653063846365,12.727328418882504,0.0],[101.6865000157976,12.72791593122943,0.0],[101.68606682724439,12.72790175359144,0.0],[101.68612141355648,12.728010753463053,0.0],[101.68711841964874,12.727952628529188,0.0],[101.6873327805965,12.727473852819816,0.0]]]]},"properties":{"plot":"18-STC","province":"ระยอง","source_group":"Standard","source_path":"STC/Shapefile/STC PDD/Standard.shp","source_crs":"EPSG:32647","pdd_area_rai":31.62,"geometry_area_rai":31.631,"geometry_parts":3,"boundary_role":"primary","pdd_verified_geometry":true}},{"type":"Feature","geometry":{"type":"MultiPolygon","coordinates":[[[[101.65996266479647,12.727035444469369,0.0],[101.66015472420375,12.727215622944904,0.0],[101.66016987406651,12.727357061323104,0.0],[101.66033247298725,12.727457493994464,0.0],[101.66043755177199,12.727443709015287,0.0],[101.66118543234795,12.726637718211057,0.0],[101.66186249867718,12.725999694265413,0.0],[101.6616335101674,12.725532454053956,0.0],[101.66077091660388,12.72627986978705,0.0],[101.66076727164088,12.72628214345966,0.0],[101.66076308936583,12.726283200120497,0.0],[101.660758779169,12.726282936336217,0.0],[101.66075476296255,12.726281377927853,0.0],[101.66075143388082,12.726278677443286,0.0],[101.66074911779752,12.726275099224784,0.0],[101.66074804142704,12.726270993533344,0.0],[101.66074831013196,12.726266762262677,0.0],[101.66074989760949,12.726262819599041,0.0],[101.66075264846624,12.726259551477812,0.0],[101.66162107536279,12.725507081356147,0.0],[101.66158745164729,12.725438473538437,0.0],[101.66036602517921,12.726532576449637,0.0],[101.6599815816057,12.726900927134706,0.0],[101.65996266479647,12.727035444469369,0.0]],[[101.66047966901813,12.726542225073802,0.0],[101.66048334659796,12.726540002586354,0.0],[101.66048754378193,12.726539004498811,0.0],[101.66049184972051,12.726539328510912,0.0],[101.66049584291851,12.726540942906087,0.0],[101.66049913249392,12.726543689656106,0.0],[101.6605013964402,12.726547299889958,0.0],[101.6605024131465,12.726551420212841,0.0],[101.66050208309048,12.726555647298868,0.0],[101.66050043858026,12.726559567371412,0.0],[101.66049764059188,12.726562796706446,0.0],[101.66004151594217,12.726946810132425,0.0],[101.6600378383521,12.72694903261559,0.0],[101.66003364115846,12.72695003069765,0.0],[101.66002933521187,12.726949706679354,0.0],[101.66002534200847,12.726948092277853,0.0],[101.66002205243085,12.726945345522042,0.0],[101.66001978848581,12.726941735283535,0.0],[101.66001877178408,12.72693761495767,0.0],[101.66001910184742,12.72693338787067,0.0],[101.66002074636691,12.726929467799279,0.0],[101.66002354436543,12.72692623846738,0.0],[101.66047966901813,12.726542225073802,0.0]]],[[[101.65913623360564,12.72650817213646,0.0],[101.65963767531134,12.726918918187117,0.0],[101.65985767451481,12.726936781536347,0.0],[101.66027312526751,12.726560819901778,0.0],[101.66029451830642,12.726473164396356,0.0],[101.65986306721351,12.725950787359071,0.0],[101.65917398931785,12.726290731693775,0.0],[101.65913623360564,12.72650817213646,0.0]],[[101.65982698728533,12.726094665047063,0.0],[101.65982590595019,12.726090560610048,0.0],[101.65982616953761,12.726086329026103,0.0],[101.65982775224579,12.726082384512148,0.0],[101.65983049914814,12.726079113184685,0.0],[101.65983414135873,12.726076835264006,0.0],[101.65983832235258,12.726075773728834,0.0],[101.65984263286498,12.72607603248959,0.0],[101.65984665095296,12.726077586216967,0.0],[101.65984998329816,12.726080282821316,0.0],[101.66021308356872,12.726483166741344,0.0],[101.66021536060224,12.726486645344506,0.0],[101.66021646298167,12.726490636117099,0.0],[101.6602162880568,12.726494767450752,0.0],[101.66021485211606,12.726498654648475,0.0],[101.66021228886969,12.726501935746436,0.0],[101.65977484953993,12.726912863159283,0.0],[101.65977074621138,12.726915526746081,0.0],[101.65976595196713,12.72691660856394,0.0],[101.65976107573263,12.726915971209245,0.0],[101.65967797862365,12.726889703917156,0.0],[101.65967412557498,12.726887789217727,0.0],[101.65967106382067,12.726884799378347,0.0],[101.65966909306657,12.726881027065346,0.0],[101.65966840622382,12.726876841539044,0.0],[101.65966907052528,12.726872652507936,0.0],[101.65967102094446,12.726868870023578,0.0],[101.65967406656068,12.726865864341876,0.0],[101.65967790924779,12.72686392967986,0.0],[101.65968217285685,12.726863255415706,0.0],[101.65968644003613,12.726863907551055,0.0],[101.6597617068036,12.726887699647188,0.0],[101.66018361205413,12.726491364885392,0.0],[101.6598293076945,12.72609824056622,0.0],[101.65982698728533,12.726094665047063,0.0]]]]},"properties":{"plot":"19-STC","province":"ระยอง","source_group":"MOC_1","source_path":"STC/Shapefile/STC PDD/MOC_1.shp","source_crs":"EPSG:32647","pdd_area_rai":15.21,"geometry_area_rai":15.2163,"geometry_parts":2,"boundary_role":"primary","pdd_verified_geometry":true}},{"type":"Feature","geometry":{"type":"MultiPolygon","coordinates":[[[[101.66182988200984,12.724758257720035,0.0],[101.66215714193406,12.725904096708826,0.0],[101.66272063405226,12.725668035170717,0.0],[101.66279703987716,12.725404999800496,0.0],[101.66303843419315,12.725191934500579,0.0],[101.66340954431278,12.725065067812343,0.0],[101.6636021195902,12.7248406405851,0.0],[101.66379146374385,12.724703415082347,0.0],[101.66422880476472,12.724274415833559,0.0],[101.66433984789694,12.72389778137029,0.0],[101.66449495438727,12.723806052087205,0.0],[101.66489742229226,12.723057797652094,0.0],[101.66486013644129,12.72295579035335,0.0],[101.66377233867443,12.723285608940744,0.0],[101.66379073845825,12.723327441097627,0.0],[101.663283547194,12.723472118454415,0.0],[101.663481003337,12.724154496065902,0.0],[101.66337962711906,12.724182527528047,0.0],[101.6631924992068,12.723500425349114,0.0],[101.66274891991651,12.7235486199794,0.0],[101.66246978528046,12.723957298756465,0.0],[101.66257611592687,12.724423496834962,0.0],[101.66182988200984,12.724758257720035,0.0]],[[101.66332832965085,12.723490079389475,0.0],[101.66361732999468,12.72341316575382,0.0],[101.66363659444949,12.72351844422266,0.0],[101.66336292809541,12.723582402452843,0.0],[101.66332832965085,12.723490079389475,0.0]]],[[[101.66486013644129,12.72295579035335,0.0],[101.6650061475187,12.722855975445544,0.0],[101.6655084143955,12.721923634162112,0.0],[101.66534620903518,12.722046736028133,0.0],[101.66497616830198,12.722704506867224,0.0],[101.66488538467704,12.722795092117966,0.0],[101.66487290083181,12.722551335400535,0.0],[101.6648297404499,12.72243869617178,0.0],[101.66476391576582,12.72248865192932,0.0],[101.66486013644129,12.72295579035335,0.0]]]]},"properties":{"plot":"20-STC","province":"ระยอง","source_group":"MOC_1","source_path":"STC/Shapefile/STC PDD/MOC_1.shp","source_crs":"EPSG:32647","pdd_area_rai":28.69,"geometry_area_rai":28.6925,"geometry_parts":2,"boundary_role":"primary","pdd_verified_geometry":true}},{"type":"Feature","geometry":{"type":"Polygon","coordinates":[[[101.78715034920005,12.761363974642947,0.0],[101.78822805828274,12.761451961438318,0.0],[101.78855190618502,12.76161113829259,0.0],[101.78948160239902,12.762468500254087,0.0],[101.78999690910527,12.762463055453047,0.0],[101.79032649327195,12.762306009102197,0.0],[101.79045956773604,12.761852945707508,0.0],[101.79025385714071,12.76155702598589,0.0],[101.7898688644096,12.76169659123743,0.0],[101.78958993579758,12.761437577016903,0.0],[101.78951670838754,12.7606344005474,0.0],[101.7893663100408,12.760346928545133,0.0],[101.78946307391834,12.759939414745617,0.0],[101.78967263597758,12.759747504950372,0.0],[101.79045824578958,12.759215282571876,0.0],[101.79074300567594,12.759167107847098,0.0],[101.79137259091013,12.759512746285324,0.0],[101.79152437797025,12.759926665997394,0.0],[101.79164294196222,12.761506210808877,0.0],[101.79212153749388,12.761510183496654,0.0],[101.79305921323264,12.760578887960998,0.0],[101.79348475624427,12.759942068148872,0.0],[101.79347880623234,12.759400143882614,0.0],[101.79256067702099,12.757919388249562,0.0],[101.7926128145853,12.75763881003485,0.0],[101.7931456212995,12.757551877856399,0.0],[101.79376439577705,12.756913015071987,0.0],[101.79472838889389,12.756704088565208,0.0],[101.794900740569,12.756476437128702,0.0],[101.79490746244485,12.756250538207327,0.0],[101.79409511977012,12.755184191278023,0.0],[101.79369302484446,12.755441371327947,0.0],[101.79313833422214,12.754372295117868,0.0],[101.79065430723838,12.755274761317192,0.0],[101.79090136045305,12.756265040243184,0.0],[101.79130438330816,12.75621094358553,0.0],[101.7916203513373,12.756428365268336,0.0],[101.79160048365428,12.756726289300003,0.0],[101.79143920109237,12.756902080402439,0.0],[101.79108650756946,12.756923259557055,0.0],[101.79105053635982,12.756862985818984,0.0],[101.79109709611386,12.757049611602282,0.0],[101.78868536085781,12.757833870655992,0.0],[101.78867997227304,12.757966940752457,0.0],[101.78822943007151,12.758218076857757,0.0],[101.78815848807616,12.75846272105721,0.0],[101.78818787485572,12.758625007655551,0.0],[101.78814196492952,12.758634525493814,0.0],[101.78912704993039,12.758669289750834,0.0],[101.78938361710964,12.759407298272368,0.0],[101.78916713052466,12.759807043419162,0.0],[101.78843840954913,12.760492225732799,0.0],[101.78783286918222,12.760661216214036,0.0],[101.78744421407671,12.760466589600068,0.0],[101.78654154055079,12.761234902684842,0.0],[101.78675595428142,12.761485568530347,0.0],[101.78715034920005,12.761363974642947,0.0]],[[101.79117771096054,12.755169867009428,0.0],[101.79134146891235,12.755836588853565,0.0],[101.79083610290155,12.755991978118377,0.0],[101.79065430723838,12.755274761317192,0.0],[101.79117771096054,12.755169867009428,0.0]],[[101.79248890018584,12.75557153373283,0.0],[101.79238926773192,12.75571711703003,0.0],[101.7916734218867,12.75589631280962,0.0],[101.79168756512048,12.75550773854561,0.0],[101.79226459279622,12.755257745266247,0.0],[101.79248890018584,12.75557153373283,0.0]],[[101.79207320070677,12.757642184439852,0.0],[101.79181000805127,12.757783733574025,0.0],[101.79156537913842,12.757743429957722,0.0],[101.7913584690391,12.757392394077492,0.0],[101.79136750219715,12.75727877015728,0.0],[101.79152256511315,12.757120704559076,0.0],[101.79180164987662,12.75702187715237,0.0],[101.79205042303523,12.757205953357559,0.0],[101.79212962764545,12.75739686235356,0.0],[101.79207320070677,12.757642184439852,0.0]],[[101.7925054847238,12.757684288469955,0.0],[101.79247603302879,12.757928069760993,0.0],[101.79250032891106,12.75803378050194,0.0],[101.79187925837036,12.758355720206735,0.0],[101.79189232777476,12.758141126463038,0.0],[101.79233271081861,12.757750458119881,0.0],[101.7925054847238,12.757684288469955,0.0]],[[101.79119516302245,12.75867327532534,0.0],[101.79105569039099,12.758611679970585,0.0],[101.79101098122935,12.758520059618823,0.0],[101.79083607564284,12.758391975273616,0.0],[101.79093540048905,12.758073031459157,0.0],[101.79093282561328,12.757955736262202,0.0],[101.79095278741038,12.757901281323749,0.0],[101.79107058238243,12.757860932078763,0.0],[101.7912109001525,12.757882158521284,0.0],[101.79133956213511,12.758011987000701,0.0],[101.79138614529198,12.758157831466285,0.0],[101.79155887570877,12.75832252260961,0.0],[101.79140035199399,12.75863326685541,0.0],[101.79119516302245,12.75867327532534,0.0]],[[101.78955131702146,12.757554273514508,0.0],[101.78967418918508,12.757514494545621,0.0],[101.79053057229088,12.759097087501694,0.0],[101.79040253982518,12.759170705465667,0.0],[101.78955131702146,12.757554273514508,0.0]],[[101.79165161750277,12.759780790799567,0.0],[101.79154752392503,12.759519930310036,0.0],[101.79206984500784,12.759315679620961,0.0],[101.79217413718843,12.759594603976716,0.0],[101.79165161750277,12.759780790799567,0.0]],[[101.79314362358282,12.754701677268388,0.0],[101.7928051795388,12.755013059251777,0.0],[101.79245259086169,12.754971377043892,0.0],[101.79221581027394,12.755005333223497,0.0],[101.79228664879342,12.754751656800757,0.0],[101.79305621370918,12.754436395227646,0.0],[101.79314362358282,12.754701677268388,0.0]],[[101.7930265596343,12.755927174471648,0.0],[101.79283253220045,12.755856960947156,0.0],[101.79285716373569,12.75558570672685,0.0],[101.79335978389979,12.75526423291198,0.0],[101.79364118587074,12.755749045674397,0.0],[101.79365921138324,12.756552802782592,0.0],[101.79367148668217,12.75683269968362,0.0],[101.79345114227412,12.756880195717303,0.0],[101.7932644321043,12.756638275954819,0.0],[101.7933077637831,12.756393923398491,0.0],[101.79320337339492,12.75610596734168,0.0],[101.7930265596343,12.755927174471648,0.0]],[[101.7944542860866,12.75585344052105,0.0],[101.79470279127905,12.756246922548105,0.0],[101.79468248397416,12.756504481770262,0.0],[101.79450598075324,12.756582037631773,0.0],[101.7942697398038,12.755900802232304,0.0],[101.7944542860866,12.75585344052105,0.0]],[[101.79386970160934,12.755985771653272,0.0],[101.79409279373603,12.755938002476073,0.0],[101.79423148777299,12.756630351010898,0.0],[101.79392097925873,12.756676524841728,0.0],[101.79386970160934,12.755985771653272,0.0]],[[101.7925947915517,12.756835052243565,0.0],[101.79240076342177,12.75676483852453,0.0],[101.79223136747733,12.756423370338311,0.0],[101.79246753859076,12.756140846688648,0.0],[101.79279840167986,12.756101216222532,0.0],[101.79295899282789,12.756478909543636,0.0],[101.79302459397734,12.756586613386224,0.0],[101.7925947915517,12.756835052243565,0.0]],[[101.79283187128136,12.757473897526665,0.0],[101.79274519022354,12.757122522145917,0.0],[101.79289152510661,12.757039676716325,0.0],[101.79309217778524,12.75687495872206,0.0],[101.79321338574682,12.757018206950766,0.0],[101.79338940738862,12.757124742909909,0.0],[101.79308922146572,12.757444076805598,0.0],[101.79283187128136,12.757473897526665,0.0]],[[101.79189953247142,12.75844633402728,0.0],[101.79253164838568,12.758077603281071,0.0],[101.79290433773707,12.758661520144381,0.0],[101.79208538116256,12.758634850935081,0.0],[101.79189953247142,12.75844633402728,0.0]],[[101.79331367024088,12.759447056238912,0.0],[101.79331426519687,12.759501248674132,0.0],[101.79215010016983,12.75992005077996,0.0],[101.79214940632032,12.759856826211124,0.0],[101.79331367024088,12.759447056238912,0.0]]]},"properties":{"plot":"21-STC","province":"ระยอง","source_group":"Standard","source_path":"STC/Shapefile/STC PDD/Standard.shp","source_crs":"EPSG:32647","pdd_area_rai":146.34,"geometry_area_rai":146.4686,"geometry_parts":1,"boundary_role":"primary","pdd_verified_geometry":true}},{"type":"Feature","geometry":{"type":"Polygon","coordinates":[[[101.79698487179914,12.756455067231833,0.0],[101.79692175167027,12.756219050572609,0.0],[101.79689737096706,12.755954834759493,0.0],[101.79695833235907,12.75599443531483,0.0],[101.79651179682443,12.7540922667613,0.0],[101.79648328403111,12.753896129492846,0.0],[101.79616239712773,12.753922523667102,0.0],[101.79573130707946,12.754047824166358,0.0],[101.79617878910747,12.755858952436874,0.0],[101.79623822688556,12.75584874085914,0.0],[101.796264368581,12.755740183066788,0.0],[101.79642545796412,12.75538584567872,0.0],[101.79665513343136,12.755232012429433,0.0],[101.79670207406504,12.755328297635023,0.0],[101.79664650931416,12.755335593569443,0.0],[101.79679760100024,12.75575945211436,0.0],[101.7964844892378,12.755782890095789,0.0],[101.79623853216371,12.755876526573553,0.0],[101.7961421914612,12.755904377097647,0.0],[101.7961768531328,12.756038163727354,0.0],[101.79635687629242,12.756607368700125,0.0],[101.79698487179914,12.756455067231833,0.0]]]},"properties":{"plot":"22(1)-STC","province":"ระยอง","source_group":"MOC_1","source_path":"STC/Shapefile/STC PDD/MOC_1.shp","source_crs":"EPSG:32647","pdd_area_rai":13.06,"geometry_area_rai":13.062,"geometry_parts":1,"boundary_role":"primary","pdd_verified_geometry":true}},{"type":"Feature","geometry":{"type":"Polygon","coordinates":[[[101.80265603110888,12.758963063424895,0.0],[101.80319803264173,12.758596376043263,0.0],[101.80320725903799,12.758547727580027,0.0],[101.80312186654959,12.758358264731951,0.0],[101.80260114633145,12.757820791352321,0.0],[101.8023497479636,12.75756792960291,0.0],[101.80216302162876,12.757366445499123,0.0],[101.80209661070397,12.757304864784665,0.0],[101.80286453429751,12.756119046496936,0.0],[101.80287532827334,12.75605760494903,0.0],[101.80230098279053,12.755784253420268,0.0],[101.80208760127518,12.755588881009286,0.0],[101.80112080295184,12.756800043806274,0.0],[101.80058088541895,12.757947507481436,0.0],[101.80156591577767,12.758125832997328,0.0],[101.80163757337996,12.758161485814162,0.0],[101.8017237630194,12.758641405995562,0.0],[101.80265603110888,12.758963063424895,0.0]],[[101.80144134865567,12.75654295137213,0.0],[101.80162816218979,12.7563090769863,0.0],[101.8020180024125,12.755806659560738,0.0],[101.80261194104473,12.756197067853483,0.0],[101.80203823003903,12.756978845736691,0.0],[101.80162638744768,12.75667993294092,0.0],[101.80144134865567,12.75654295137213,0.0]]]},"properties":{"plot":"22-STC","province":"ระยอง","source_group":"MOC_1","source_path":"STC/Shapefile/STC PDD/MOC_1.shp","source_crs":"EPSG:32647","pdd_area_rai":26.05,"geometry_area_rai":26.0535,"geometry_parts":1,"boundary_role":"primary","pdd_verified_geometry":true}},{"type":"Feature","geometry":{"type":"Polygon","coordinates":[[[101.6585841528804,12.670983631136046,0.0],[101.65879108456859,12.671272016361808,0.0],[101.66014896117353,12.671791441529162,0.0],[101.65963417840773,12.670550196966474,0.0],[101.65812640213696,12.671002789867787,0.0],[101.65816161166556,12.671055910563528,0.0],[101.65838823678936,12.670949128898604,0.0],[101.6585841528804,12.670983631136046,0.0]]]},"properties":{"plot":"23(1)-STC","province":"ระยอง","source_group":"MOC_1","source_path":"STC/Shapefile/STC PDD/MOC_1.shp","source_crs":"EPSG:32647","pdd_area_rai":7.46,"geometry_area_rai":7.4641,"geometry_parts":1,"boundary_role":"primary","pdd_verified_geometry":true}},{"type":"Feature","geometry":{"type":"Polygon","coordinates":[[[101.72321914655242,12.716142850935684,0.0],[101.72496971841807,12.71617755739444,0.0],[101.72502683335462,12.716132888411382,0.0],[101.72510763839274,12.716067132853563,0.0],[101.72638333212106,12.714914358138557,0.0],[101.72512057507504,12.71485547675677,0.0],[101.72503877644787,12.714919565453082,0.0],[101.72489152515814,12.714841541460341,0.0],[101.72421061720726,12.714790087228309,0.0],[101.72348480721482,12.714738613583863,0.0],[101.72346495473457,12.714707673052237,0.0],[101.72345126593721,12.714064797715366,0.0],[101.72327888479462,12.713826995603778,0.0],[101.72272007668067,12.714057937578122,0.0],[101.72247059620526,12.71423347338261,0.0],[101.72255231096753,12.714710823379828,0.0],[101.72210190652808,12.714672327706715,0.0],[101.7215577440995,12.715087110228259,0.0],[101.72201705558973,12.71605266668441,0.0],[101.72321914655242,12.716142850935684,0.0]],[[101.72279295274345,12.715747195522294,0.0],[101.7229863609286,12.71576327505971,0.0],[101.72309532491495,12.715626650702342,0.0],[101.72320929794802,12.715959723498951,0.0],[101.72305346322759,12.716015527007334,0.0],[101.72295119543894,12.715917208185335,0.0],[101.7228037908639,12.715900655863129,0.0],[101.72279295274345,12.715747195522294,0.0]],[[101.72417643582055,12.716049150639982,0.0],[101.72378051482939,12.716026120503436,0.0],[101.72376890530259,12.71580039925463,0.0],[101.72413616374699,12.715724354350062,0.0],[101.72417643582055,12.716049150639982,0.0]],[[101.7249221775674,12.71608664963225,0.0],[101.72456325240084,12.716081307416768,0.0],[101.72462341679496,12.7156832094747,0.0],[101.72491812910913,12.715707279383887,0.0],[101.7249221775674,12.71608664963225,0.0]]]},"properties":{"plot":"23-STC","province":"ระยอง","source_group":"MOC_1","source_path":"STC/Shapefile/STC PDD/MOC_1.shp","source_crs":"EPSG:32647","pdd_area_rai":42.9,"geometry_area_rai":42.9081,"geometry_parts":1,"boundary_role":"primary","pdd_verified_geometry":true}},{"type":"Feature","geometry":{"type":"Polygon","coordinates":[[[100.12064456769679,6.654041373706027,0.0],[100.12257039949158,6.6541264950791845,0.0],[100.12237148635354,6.653693770449997,0.0],[100.12061650884655,6.653634439480447,0.0],[100.12064456769679,6.654041373706027,0.0]]]},"properties":{"plot":"68-VSD","province":"สตูล","source_group":"MOC_1","source_path":"VSD/Shapefile/VSD PDD/VSD 32647/MOC_1.shp","source_crs":"EPSG:32647","pdd_area_rai":5.84,"geometry_area_rai":5.8401,"geometry_parts":1,"boundary_role":"primary","pdd_verified_geometry":true}},{"type":"Feature","geometry":{"type":"Polygon","coordinates":[[[100.07762989080732,6.594497314102184,0.0],[100.07783910908432,6.595048579625752,0.0],[100.07795774405591,6.595536728941387,0.0],[100.07852739802203,6.595463141009985,0.0],[100.07851018453867,6.595193646612381,0.0],[100.07886148087302,6.595200127081865,0.0],[100.0788897888289,6.595742738440777,0.0],[100.0784648285928,6.595806968917549,0.0],[100.07842933504187,6.5961236049182315,0.0],[100.07939685447835,6.596003933032032,0.0],[100.07931335872492,6.595036347046263,0.0],[100.07968401160964,6.594954144516346,0.0],[100.07966421933155,6.594167312368817,0.0],[100.07762989080732,6.594497314102184,0.0]]]},"properties":{"plot":"69-VSD","province":"สตูล","source_group":"MOC_1","source_path":"VSD/Shapefile/VSD PDD/VSD 32647/MOC_1.shp","source_crs":"EPSG:32647","pdd_area_rai":17.85,"geometry_area_rai":17.85,"geometry_parts":1,"boundary_role":"primary","pdd_verified_geometry":true}},{"type":"Feature","geometry":{"type":"MultiPolygon","coordinates":[[[[100.07857000000007,6.627660000000066,0.0],[100.07907500000006,6.627461000000068,0.0],[100.07903034297968,6.6271902902024715,0.0],[100.0803322977973,6.626934211847958,0.0],[100.07979316412205,6.624421005123684,0.0],[100.07958510686271,6.624412413003817,0.0],[100.07942225493531,6.6243946783680245,0.0],[100.07918700307779,6.624359011259445,0.0],[100.07914197402293,6.624449554103731,0.0],[100.07898930691108,6.624956379633336,0.0],[100.0781369279995,6.625255965189934,0.0],[100.0781399475167,6.625365228648173,0.0],[100.07848500000004,6.627466000000019,0.0],[100.07857000000007,6.627660000000066,0.0]]],[[[100.07809470212118,6.62535628234606,0.0],[100.07803124834405,6.625293108293791,0.0],[100.07755199332537,6.625357460180096,0.0],[100.07728944794802,6.625249495666961,0.0],[100.07703645876386,6.625376667902784,0.0],[100.07691053299797,6.625702544435143,0.0],[100.07698338437429,6.6259285000029795,0.0],[100.07713789779784,6.626271856662293,0.0],[100.07727359470286,6.626280607066763,0.0],[100.07803311443938,6.6261523349584674,0.0],[100.07817891702325,6.626649467597368,0.0],[100.07797093710673,6.626677053407055,0.0],[100.07726502056266,6.626497694408777,0.0],[100.07713854530937,6.62657032545772,0.0],[100.07700337810161,6.626805776962101,0.0],[100.07655115850659,6.626824846189839,0.0],[100.07651525217723,6.62695154807688,0.0],[100.07670537784936,6.627032536520254,0.0],[100.07691380922927,6.6272129746995985,0.0],[100.07699556928982,6.62737559910919,0.0],[100.07767472471113,6.627726862600724,0.0],[100.07800927880196,6.627671869059614,0.0],[100.07844303525378,6.627480991399583,0.0],[100.07809470212118,6.62535628234606,0.0]]]]},"properties":{"plot":"70-VSD","province":"สตูล","source_group":"MOC_1","source_path":"VSD/Shapefile/VSD PDD/VSD 32647/MOC_1.shp","source_crs":"EPSG:32647","pdd_area_rai":54.85,"geometry_area_rai":54.8595,"geometry_parts":2,"boundary_role":"primary","pdd_verified_geometry":true}},{"type":"Feature","geometry":{"type":"Polygon","coordinates":[[[100.1216624062242,6.6481511637951645,0.0],[100.12195198315848,6.6482047737781675,0.0],[100.12203201792758,6.647598617746901,0.0],[100.12240199811217,6.647208869837765,0.0],[100.12301511594329,6.646339217291693,0.0],[100.12364710272196,6.6458132084097965,0.0],[100.12388974685197,6.645116239444187,0.0],[100.12456825239512,6.6451599207621435,0.0],[100.1250821940207,6.644435202080852,0.0],[100.12503468596641,6.643431382841751,0.0],[100.12386757387479,6.643316455675359,0.0],[100.12368842882697,6.644094679989172,0.0],[100.12228067501174,6.6455630647743495,0.0],[100.12186831859485,6.6472100797409,0.0],[100.1216624062242,6.6481511637951645,0.0]]]},"properties":{"plot":"71(1)-VSD","province":"สตูล","source_group":"MOC_1","source_path":"VSD/Shapefile/VSD PDD/VSD 32647/MOC_1.shp","source_crs":"EPSG:32647","pdd_area_rai":39.79,"geometry_area_rai":39.8,"geometry_parts":1,"boundary_role":"primary","pdd_verified_geometry":true}},{"type":"Feature","geometry":{"type":"MultiPolygon","coordinates":[[[[100.13659509278936,6.604098194775946,0.0],[100.13679390861203,6.604025385663085,0.0],[100.13720015126601,6.603689817131415,0.0],[100.13742494400599,6.603110463976813,0.0],[100.13712643203927,6.603093056699288,0.0],[100.1367564302008,6.603455676147249,0.0],[100.13661099975305,6.603564999836428,0.0],[100.136667856417,6.603920000327726,0.0],[100.13659509278936,6.604098194775946,0.0]]],[[[100.13633333656963,6.604333945126968,0.0],[100.13567699964058,6.603986000048728,0.0],[100.13543399967847,6.603933000452782,0.0],[100.13531700040768,6.60389899980111,0.0],[100.13525100041365,6.603952000096864,0.0],[100.1350110000643,6.603660999827591,0.0],[100.13490250018467,6.603520238912057,0.0],[100.13442377393507,6.603831812693359,0.0],[100.13385588036672,6.604253808371001,0.0],[100.13535199960519,6.604574000055123,0.0],[100.13556800038101,6.6048970003799035,0.0],[100.13506600035375,6.604758000283961,0.0],[100.13464700033498,6.6047399997469345,0.0],[100.13442800019679,6.605081000268451,0.0],[100.13391999987864,6.605833000308857,0.0],[100.1336160000212,6.605844000271712,0.0],[100.13357199988911,6.605959000183443,0.0],[100.1341959997745,6.606212999776317,0.0],[100.13502600010447,6.606174999932666,0.0],[100.13493599970654,6.606574000357643,0.0],[100.13455599989477,6.606722000168472,0.0],[100.13379600042965,6.607134000378053,0.0],[100.1344810003078,6.607387999705796,0.0],[100.1344929996766,6.608064999744165,0.0],[100.13533399989268,6.609670000259632,0.0],[100.1345222409033,6.6113203291049,0.0],[100.13606950759106,6.611588129966908,0.0],[100.13608437568107,6.610177174794584,0.0],[100.13570140262414,6.608821393598271,0.0],[100.13567364954427,6.608550125850502,0.0],[100.13574346886037,6.60743750919058,0.0],[100.13591959569256,6.605347858177976,0.0],[100.13604525057526,6.604922486232629,0.0],[100.13633333656963,6.604333945126968,0.0]]]]},"properties":{"plot":"71-VSD","province":"สตูล","source_group":"MOC_1","source_path":"VSD/Shapefile/VSD PDD/VSD 32647/MOC_1.shp","source_crs":"EPSG:32647","pdd_area_rai":78.09,"geometry_area_rai":78.0907,"geometry_parts":2,"boundary_role":"primary","pdd_verified_geometry":true}},{"type":"Feature","geometry":{"type":"Polygon","coordinates":[[[100.07946531740247,6.602227797759082,0.0],[100.07942224496641,6.600930065249754,0.0],[100.07902659217807,6.600638856744402,0.0],[100.0789180543375,6.600769657897827,0.0],[100.07873779162216,6.6007618121466285,0.0],[100.0780062822642,6.601252776694339,0.0],[100.07946531740247,6.602227797759082,0.0]]]},"properties":{"plot":"72-VSD","province":"สตูล","source_group":"MOC_1","source_path":"VSD/Shapefile/VSD PDD/VSD 32647/MOC_1.shp","source_crs":"EPSG:32647","pdd_area_rai":9.24,"geometry_area_rai":9.2402,"geometry_parts":1,"boundary_role":"primary","pdd_verified_geometry":true}},{"type":"Feature","geometry":{"type":"Polygon","coordinates":[[[100.0923588209029,6.588197437261949,0.0],[100.09272968242895,6.5882147150371315,0.0],[100.09313592868023,6.587870134399258,0.0],[100.09370461857333,6.587362396957104,0.0],[100.09393007501303,6.587063434429998,0.0],[100.0940642547616,6.586384803316116,0.0],[100.09406379970463,6.58617678023429,0.0],[100.09408125464626,6.585887318145256,0.0],[100.0938001850306,6.585571376417953,0.0],[100.09331198625921,6.5856628905300845,0.0],[100.09285141556043,6.585980455533656,0.0],[100.09267157633225,6.586460207872362,0.0],[100.09255498822213,6.586912688270002,0.0],[100.09234781769773,6.587302055145781,0.0],[100.09258376382964,6.587663319106976,0.0],[100.0923588209029,6.588197437261949,0.0]]]},"properties":{"plot":"73-VSD","province":"สตูล","source_group":"MOC_1","source_path":"VSD/Shapefile/VSD PDD/VSD 32647/MOC_1.shp","source_crs":"EPSG:32647","pdd_area_rai":21.77,"geometry_area_rai":21.7731,"geometry_parts":1,"boundary_role":"primary","pdd_verified_geometry":true}},{"type":"Feature","geometry":{"type":"Polygon","coordinates":[[[100.10635830110053,6.629196259066507,0.0],[100.10649500000004,6.628999000000006,0.0],[100.10710000000006,6.629387000000082,0.0],[100.10717000000005,6.629286000000044,0.0],[100.10681800000002,6.629068000000094,0.0],[100.10689000000005,6.628938000000066,0.0],[100.10835300000006,6.629661000000068,0.0],[100.10838900000005,6.629624000000058,0.0],[100.10693500000006,6.628834000000053,0.0],[100.10665583270486,6.627862076569901,0.0],[100.10654972252011,6.6276592361097695,0.0],[100.10661860346582,6.627391848055389,0.0],[100.10635583235656,6.6271844113358975,0.0],[100.10593000696275,6.626868805051705,0.0],[100.1054240456835,6.6271231764943455,0.0],[100.1053969104354,6.627123236743816,0.0],[100.10498127886721,6.62732313985002,0.0],[100.10499098884021,6.627621585264729,0.0],[100.10498270878207,6.627965293566113,0.0],[100.10488413859215,6.628381557360384,0.0],[100.10581681379495,6.628840747606372,0.0],[100.10635830110053,6.629196259066507,0.0]]]},"properties":{"plot":"74-VSD","province":"สตูล","source_group":"MOC_1","source_path":"VSD/Shapefile/VSD PDD/VSD 32647/MOC_1.shp","source_crs":"EPSG:32647","pdd_area_rai":24.82,"geometry_area_rai":24.8247,"geometry_parts":1,"boundary_role":"primary","pdd_verified_geometry":true}},{"type":"Feature","geometry":{"type":"Polygon","coordinates":[[[100.11502148130057,6.453789135824669,0.0],[100.1149467878986,6.4548842592630375,0.0],[100.11494854674417,6.45568831171324,0.0],[100.11510308224621,6.45633887610948,0.0],[100.11530613733667,6.456912453774209,0.0],[100.11592957688849,6.457832757575769,0.0],[100.11600848107112,6.458024757202539,0.0],[100.11625590588886,6.458384778993154,0.0],[100.11675599622367,6.459513189237058,0.0],[100.11696988460028,6.461044254488231,0.0],[100.11687645658704,6.462078245274409,0.0],[100.11653400923912,6.4630170616654405,0.0],[100.11603911875906,6.464262519393154,0.0],[100.11570827651732,6.464776417973212,0.0],[100.11549386165244,6.465313497320102,0.0],[100.11567541858572,6.465638700265846,0.0],[100.1164893518022,6.465700225585016,0.0],[100.11834200108257,6.465243932061874,0.0],[100.12006859329101,6.465032110243735,0.0],[100.122619253176,6.465379221573878,0.0],[100.12316062346403,6.464853447328778,0.0],[100.1227847895864,6.462538896353004,0.0],[100.12252887940433,6.461300369816289,0.0],[100.12270774646537,6.460404574011939,0.0],[100.12320254626057,6.459263880223935,0.0],[100.1227860945027,6.45902964280384,0.0],[100.12197247155237,6.459103791906498,0.0],[100.12108589469835,6.458897723051517,0.0],[100.12080559220435,6.458898339986431,0.0],[100.12028975906517,6.458700496330897,0.0],[100.12003576623762,6.458330231954675,0.0],[100.12024963311414,6.456900736180099,0.0],[100.12077297469305,6.456402138547898,0.0],[100.12140577455692,6.456337435024641,0.0],[100.12178611493731,6.456598886829233,0.0],[100.12197774877413,6.457394377648482,0.0],[100.12283755550881,6.457763304732799,0.0],[100.12328871839966,6.457337220336505,0.0],[100.12281650237972,6.456415727304034,0.0],[100.122390134697,6.455783554267668,0.0],[100.12218107469691,6.455286569119891,0.0],[100.12266667083024,6.454073541960437,0.0],[100.12328030704057,6.453520476888565,0.0],[100.12379442067598,6.4529404978057885,0.0],[100.12331448217763,6.4526159558617495,0.0],[100.1224663738241,6.453449915181462,0.0],[100.11904626107614,6.452426367982524,0.0],[100.11850553200473,6.453241557551897,0.0],[100.11743925711605,6.453551409070312,0.0],[100.11528590871777,6.452932056769048,0.0],[100.11502148130057,6.453789135824669,0.0]]]},"properties":{"plot":"85-VSD","province":"สตูล","source_group":"MOC_2","source_path":"VSD/Shapefile/VSD PDD/VSD 32647/MOC_2.shp","source_crs":"EPSG:32647","pdd_area_rai":599.58,"geometry_area_rai":599.5826,"geometry_parts":1,"boundary_role":"primary","pdd_verified_geometry":true}},{"type":"Feature","geometry":{"type":"MultiPolygon","coordinates":[[[[100.09685427153964,6.578407753863852,0.0],[100.09843312052203,6.578174557644106,0.0],[100.09979716954832,6.57820027586951,0.0],[100.10065549556178,6.578434290734814,0.0],[100.09829469444462,6.56883824778697,0.0],[100.09498415677145,6.567792009106236,0.0],[100.09494695310576,6.56790884739461,0.0],[100.09491842648279,6.567995058849567,0.0],[100.0949329565889,6.568073997081999,0.0],[100.09497621735368,6.568160051588573,0.0],[100.09504098296499,6.568231700887204,0.0],[100.09511289594228,6.568288976364591,0.0],[100.09533579801135,6.5684536079610725,0.0],[100.09543655164273,6.568568253014996,0.0],[100.09549427995792,6.568704529431572,0.0],[100.09562084259689,6.568858004703628,0.0],[100.09573606906858,6.569025264655541,0.0],[100.09587037612097,6.569163766456813,0.0],[100.09599505920347,6.56927835898083,0.0],[100.09606698291284,6.5693404203113275,0.0],[100.096115228885,6.569517398862472,0.0],[100.09611558508078,6.569680124067455,0.0],[100.09614461442057,6.569823642266067,0.0],[100.09619745773702,6.5699144616816145,0.0],[100.09624059317478,6.569943083588192,0.0],[100.09634121110997,6.569995509914234,0.0],[100.0964083386498,6.570052795614453,0.0],[100.09647553956903,6.570143583546328,0.0],[100.0966004536531,6.570363468611209,0.0],[100.09683075084465,6.570626197268856,0.0],[100.09694588380385,6.57075038249105,0.0],[100.09703217588223,6.570817198198173,0.0],[100.09708012875348,6.570860167623962,0.0],[100.09708496704047,6.5708840873041225,0.0],[100.09707543729304,6.570903252414791,0.0],[100.09704190488722,6.570888967728763,0.0],[100.09695084791797,6.570831734580204,0.0],[100.09682610130075,6.570688426197297,0.0],[100.09666299460451,6.570511699399526,0.0],[100.09654303399762,6.570368380434072,0.0],[100.09643255082565,6.570181966152812,0.0],[100.09635092950323,6.570062493444674,0.0],[100.09623592259254,6.569995740453632,0.0],[100.09616883698702,6.569957598866758,0.0],[100.09611606700709,6.569900281695928,0.0],[100.0960920120829,6.5698429016565685,0.0],[100.09605830167644,6.569747254284155,0.0],[100.09603401630478,6.569584581456996,0.0],[100.09599535249761,6.56941236797991,0.0],[100.09592810987857,6.569302435807031,0.0],[100.09579857813111,6.569159137521807,0.0],[100.09562114624262,6.568996799758181,0.0],[100.09554919122478,6.5689203802359435,0.0],[100.09548743098631,6.5688553052886975,0.0],[100.09540871599947,6.568970342911815,0.0],[100.09510050069565,6.569186389741729,0.0],[100.09482819459345,6.56940953700052,0.0],[100.09476369563691,6.569459931657996,0.0],[100.09462029308374,6.56953921517132,0.0],[100.09443370807817,6.569568339398893,0.0],[100.09429735868315,6.569590174681757,0.0],[100.09416104064334,6.5696263680451095,0.0],[100.09392434535775,6.569720213426704,0.0],[100.09335040469107,6.569886586195831,0.0],[100.09319247178928,6.569886931047642,0.0],[100.09302729742652,6.569858575279214,0.0],[100.09292660663458,6.569772645941022,0.0],[100.09266071025193,6.569644002549579,0.0],[100.09255296610208,6.569615521277343,0.0],[100.09245602943597,6.569658886183019,0.0],[100.09225536846371,6.569817264075749,0.0],[100.09192667931052,6.570521532525482,0.0],[100.09153993292817,6.570938763573712,0.0],[100.09102362340435,6.571198336645191,0.0],[100.09042107388491,6.571415022534579,0.0],[100.09004774515229,6.571401477428615,0.0],[100.08940137208221,6.571273660694061,0.0],[100.08852474698142,6.5709022542287014,0.0],[100.0884593631842,6.570917493209677,0.0],[100.08845925708908,6.570939962509333,0.0],[100.08823306162957,6.571389078431128,0.0],[100.08809632868116,6.571965693253232,0.0],[100.08732444817456,6.573546774225385,0.0],[100.08635517807582,6.57519059992624,0.0],[100.08609113080107,6.575774885102941,0.0],[100.08613953321291,6.577239994030555,0.0],[100.0870017051646,6.5786038437923935,0.0],[100.08795253498157,6.579144447858027,0.0],[100.08901619527975,6.579350008452944,0.0],[100.08906588811186,6.5792479017166094,0.0],[100.08908967187656,6.579180844964716,0.0],[100.08908943211465,6.57907076593228,0.0],[100.08902199116478,6.578869897980707,0.0],[100.08894030711711,6.578721707774534,0.0],[100.08884410899879,6.578501758129855,0.0],[100.08884382763233,6.578372534903723,0.0],[100.08888183373134,6.578243228308151,0.0],[100.08894861793142,6.578142575454616,0.0],[100.08913506078495,6.57804644807098,0.0],[100.08932152440792,6.577959892718726,0.0],[100.08979506018473,6.577834423271649,0.0],[100.09015371258533,6.57769963172347,0.0],[100.09034970596183,6.577593910999332,0.0],[100.0905455322755,6.57741161352555,0.0],[100.09077954142732,6.577181372070577,0.0],[100.09083677413643,6.57709031200715,0.0],[100.0909371009594,6.57700873007601,0.0],[100.09115705477492,6.576917315035879,0.0],[100.09136258809721,6.5767972149903855,0.0],[100.09147726206375,6.576710815604233,0.0],[100.09152510031197,6.576701139082089,0.0],[100.0915299280011,6.5767202728037,0.0],[100.09150131695608,6.576768195882997,0.0],[100.09121459018054,6.576965050160194,0.0],[100.09092773789888,6.577104471800744,0.0],[100.09074636354843,6.577329812454237,0.0],[100.0904788945982,6.577579271127678,0.0],[100.0901921982095,6.577790483085669,0.0],[100.08970918463434,6.5779590481403725,0.0],[100.08931215062044,6.578050848418909,0.0],[100.08905876730924,6.5781758380579305,0.0],[100.08896808473311,6.578290901170216,0.0],[100.08893952546215,6.5783627543816285,0.0],[100.08897819855446,6.5785397546762505,0.0],[100.08908404157847,6.578793185750699,0.0],[100.08917542265745,6.578998787611059,0.0],[100.08919500428084,6.579199759788045,0.0],[100.08912767420169,6.5793715524732015,0.0],[100.09077555364892,6.579690012584071,0.0],[100.09388627083476,6.57944805898081,0.0],[100.09589213581344,6.57854826029405,0.0],[100.09672051587381,6.5784541070734575,0.0],[100.09685427153964,6.578407753863852,0.0]]],[[[100.09249279847681,6.569457712446344,0.0],[100.09255981071541,6.569462352295968,0.0],[100.09260770046882,6.569476605991143,0.0],[100.0926795925413,6.569524309749862,0.0],[100.09276590482239,6.569600698406836,0.0],[100.092924036129,6.569691288475086,0.0],[100.09306779950535,6.5697771237873095,0.0],[100.0932209883305,6.569795933590248,0.0],[100.09334061354585,6.569786100260476,0.0],[100.09363238279623,6.569708886061056,0.0],[100.09384281352429,6.5696414215279075,0.0],[100.09416321395337,6.569525856005839,0.0],[100.09441676935609,6.5694822273236095,0.0],[100.09466549700608,6.569419464831714,0.0],[100.09483280254864,6.569328163898021,0.0],[100.09499514428221,6.569155510749368,0.0],[100.0952675391468,6.568973044746692,0.0],[100.09534875176492,6.568905862274297,0.0],[100.09537019379975,6.56886274083528,0.0],[100.09539163583135,6.568819619395889,0.0],[100.095405825835,6.568743011402041,0.0],[100.09540568974919,6.56868079292432,0.0],[100.09536243932448,6.568599524513135,0.0],[100.09530963819087,6.568527849104363,0.0],[100.09519460036867,6.568446737677088,0.0],[100.09508434840963,6.568365615751911,0.0],[100.09496932112026,6.568289290297635,0.0],[100.09487802421603,6.568121977781331,0.0],[100.09483466931704,6.567992848922594,0.0],[100.09485836828472,6.567887503780982,0.0],[100.09491656440879,6.5677706474115585,0.0],[100.0833164219154,6.5641044017967305,0.0],[100.08266921850968,6.565941842641965,0.0],[100.08456915594184,6.566254291402451,0.0],[100.08464088581744,6.566286405769183,0.0],[100.08465254033318,6.5662873090819955,0.0],[100.08522718138055,6.566444005074762,0.0],[100.08600320087702,6.566772562499617,0.0],[100.08673649139959,6.567259151681338,0.0],[100.08692038533366,6.567560572836883,0.0],[100.08759383678618,6.568074728765797,0.0],[100.08781403948463,6.568467270306972,0.0],[100.08804614192225,6.568692129898347,0.0],[100.08817573403546,6.568864146869026,0.0],[100.08820200664,6.569158872987735,0.0],[100.0884654498207,6.569628493760037,0.0],[100.08846404004275,6.569927040232777,0.0],[100.08849409649417,6.570012111832093,0.0],[100.08858111591834,6.570413952523758,0.0],[100.0886103929976,6.570672336640351,0.0],[100.08884061391026,6.570901567313983,0.0],[100.08942977482126,6.571130016826037,0.0],[100.08988953026807,6.571272598100132,0.0],[100.09027718524054,6.571271753936586,0.0],[100.09083694350885,6.571184385274713,0.0],[100.09136751682604,6.570881706696452,0.0],[100.0918260198288,6.57044996108536,0.0],[100.09211198095913,6.569903726014944,0.0],[100.09235527612678,6.569544240457454,0.0],[100.09242693848991,6.569486651344362,0.0],[100.09249279847681,6.569457712446344,0.0]]]]},"properties":{"plot":"86-VSD","province":"สตูล","source_group":"MOC_2","source_path":"VSD/Shapefile/VSD PDD/VSD 32647/MOC_2.shp","source_crs":"EPSG:32647","pdd_area_rai":1141.96,"geometry_area_rai":1141.9611,"geometry_parts":2,"boundary_role":"primary","pdd_verified_geometry":true}},{"type":"Feature","geometry":{"type":"Polygon","coordinates":[[[100.0931359299532,6.587870134505167,0.0],[100.0927296829139,6.588214714868735,0.0],[100.0923588215866,6.588197438227355,0.0],[100.0925837648272,6.587663320233724,0.0],[100.0923478184634,6.587302056155329,0.0],[100.09255498922721,6.586912688286402,0.0],[100.092671577181,6.586460208827233,0.0],[100.0896467128852,6.580470302314828,0.0],[100.0872575410591,6.579797165059691,0.0],[100.0862305002128,6.581644481044589,0.0],[100.0856083074842,6.582505063045194,0.0],[100.0853020566466,6.5830845780770195,0.0],[100.0851594681814,6.5840616968848495,0.0],[100.0858316222456,6.585380737468511,0.0],[100.086703662881,6.58711538969475,0.0],[100.0873930286823,6.588027385792563,0.0],[100.0884273879699,6.589535566671281,0.0],[100.0891431046779,6.590085721151174,0.0],[100.0897958669532,6.590798813025225,0.0],[100.0901749057645,6.590418115789872,0.0],[100.0905549319905,6.590489641743059,0.0],[100.0908449285659,6.590751298857797,0.0],[100.090945050493,6.591040504338338,0.0],[100.091796360119,6.591554179732459,0.0],[100.0937127025016,6.591052536199535,0.0],[100.0940354294123,6.589740376309068,0.0],[100.0931359299532,6.587870134505167,0.0]]]},"properties":{"plot":"88-STC","province":"สตูล","source_group":"MOC_2","source_path":"STC/Shapefile/STC PDD/MOC_2.shp","source_crs":"EPSG:32647","pdd_area_rai":438.58,"geometry_area_rai":438.5763,"geometry_parts":1,"boundary_role":"primary","pdd_verified_geometry":true}},{"type":"Feature","geometry":{"type":"MultiPolygon","coordinates":[[[[100.03726728131358,6.5359973712099935,0.0],[100.03714300555818,6.536011836543806,0.0],[100.03714802488831,6.535862643193325,0.0],[100.03669920092703,6.535215344458209,0.0],[100.03653427437409,6.535322239581145,0.0],[100.0366167172614,6.535691472805563,0.0],[100.03699592112967,6.536157768102172,0.0],[100.03716991895888,6.536143200323379,0.0],[100.03709033120968,6.536299647431574,0.0],[100.03732428504613,6.536515830594463,0.0],[100.03760449137278,6.536338546941749,0.0],[100.03726728131358,6.5359973712099935,0.0]]],[[[100.03811378347632,6.537888794877037,0.0],[100.03648606998271,6.53605936311998,0.0],[100.0360217636461,6.536084296665266,0.0],[100.03568492187422,6.536356710506524,0.0],[100.03606760124033,6.53678925367057,0.0],[100.03619417441939,6.537025195003254,0.0],[100.03739882565127,6.538434162526752,0.0],[100.03751426500483,6.538441024532524,0.0],[100.03811378347632,6.537888794877037,0.0]]],[[[100.03934408168986,6.538168638586494,0.0],[100.03772177225534,6.53637470994602,0.0],[100.03727314363805,6.536687323708796,0.0],[100.03889280319042,6.538485691231849,0.0],[100.03934408168986,6.538168638586494,0.0]]]]},"properties":{"plot":"89(1)-STC","province":"สตูล","source_group":"MOC_1","source_path":"STC/Shapefile/STC PDD/MOC_1.shp","source_crs":"EPSG:32647","pdd_area_rai":48.48,"geometry_area_rai":30.9212,"geometry_parts":3,"boundary_role":"primary","pdd_verified_geometry":true}},{"type":"Feature","geometry":{"type":"MultiPolygon","coordinates":[[[[100.04487836090532,6.55213922994221,0.0],[100.0447073725723,6.551225388635786,0.0],[100.0448684316498,6.550392945105926,0.0],[100.0454100484997,6.549903406465659,0.0],[100.0467311145662,6.550217217487722,0.0],[100.0483062600998,6.550937503507524,0.0],[100.0489367067585,6.549678981216539,0.0],[100.0483382259173,6.548920480510744,0.0],[100.0471542537234,6.54929378098173,0.0],[100.0465558511542,6.5485714560908885,0.0],[100.04596833957152,6.548735483628651,0.0],[100.0457684144855,6.548274622530938,0.0],[100.0462743426886,6.548020318696715,0.0],[100.045375991251,6.546575044003032,0.0],[100.0440376745384,6.546659228631142,0.0],[100.04321644270196,6.5472722070643785,0.0],[100.04317605752786,6.547605154413482,0.0],[100.04344834689061,6.547977780702761,0.0],[100.04356015282492,6.548633458218363,0.0],[100.04392800732975,6.549174477990364,0.0],[100.04422735069026,6.550944447102644,0.0],[100.044360788723,6.551485474254161,0.0],[100.04420390946977,6.551919003490054,0.0],[100.04442570026305,6.552252217630356,0.0],[100.04473044624483,6.552261170863486,0.0],[100.04487835975299,6.552139230491749,0.0],[100.04487836090532,6.55213922994221,0.0]]],[[[100.04493441366542,6.552438808489198,0.0],[100.04422921066775,6.552325951419431,0.0],[100.0440272496311,6.551960496956928,0.0],[100.04425085363098,6.551408723832935,0.0],[100.04404168125886,6.55082829276848,0.0],[100.04380365142013,6.5492517969519914,0.0],[100.04341054087061,6.548520882612567,0.0],[100.04333120380959,6.548105255271933,0.0],[100.0429633416119,6.547625141593086,0.0],[100.04305341799115,6.547393890580296,0.0],[100.04067689097941,6.548366598728568,0.0],[100.0410060314729,6.5500844036041785,0.0],[100.04239929813302,6.550325719392593,0.0],[100.0428071749228,6.550759016340267,0.0],[100.0432415077447,6.550866650077448,0.0],[100.0437398811744,6.551326892011983,0.0],[100.0438326517701,6.55244823686204,0.0],[100.044331667148,6.553215994857975,0.0],[100.0446124058018,6.553396303808979,0.0],[100.0449018120675,6.55339570141813,0.0],[100.0450000340678,6.552789505032892,0.0],[100.04493441514744,6.5524388088631484,0.0],[100.04493441366542,6.552438808489198,0.0]]]]},"properties":{"plot":"89-STC","province":"สตูล","source_group":"MOC_2","source_path":"STC/Shapefile/STC PDD/MOC_2.shp","source_crs":"EPSG:32647","pdd_area_rai":168.8,"geometry_area_rai":168.8039,"geometry_parts":2,"boundary_role":"primary","pdd_verified_geometry":true}},{"type":"Feature","geometry":{"type":"Polygon","coordinates":[[[100.0849077682434,6.576437703873777,0.0],[100.08439226595202,6.576447866239334,0.0],[100.0845419399413,6.574566278724799,0.0],[100.0852744031851,6.5745104233028115,0.0],[100.0857245726601,6.573568815459448,0.0],[100.0870044080533,6.571521973809043,0.0],[100.0872380630794,6.5708340822872175,0.0],[100.0867130713258,6.570636242544898,0.0],[100.0765281361419,6.574294159515299,0.0],[100.0773455832641,6.575902330874008,0.0],[100.0789507472869,6.577906761334351,0.0],[100.0790963340979,6.578313451900524,0.0],[100.0790265755053,6.579516527398673,0.0],[100.0868414837202,6.579789025176362,0.0],[100.0853357522357,6.577775365977879,0.0],[100.0850079415532,6.576754045211776,0.0],[100.0849077682434,6.576437703873777,0.0]]]},"properties":{"plot":"90(1)-STC","province":"สตูล","source_group":"MOC_2","source_path":"STC/Shapefile/STC PDD/MOC_2.shp","source_crs":"EPSG:32647","pdd_area_rai":425.3,"geometry_area_rai":425.2981,"geometry_parts":1,"boundary_role":"primary","pdd_verified_geometry":true}},{"type":"Feature","geometry":{"type":"Polygon","coordinates":[[[100.1176337770573,6.504959740794332,0.0],[100.11763377705758,6.5049597407941615,0.0],[100.1176337770573,6.504959740794298,0.0],[100.12007729731508,6.50334774922609,0.0],[100.12055402294146,6.50284731279624,0.0],[100.12055402403855,6.502847312733355,0.0],[100.1207458874728,6.501488827143777,0.0],[100.1186972992536,6.4992684250305714,0.0],[100.11676137130212,6.498919967039098,0.0],[100.1147378055692,6.499837920074351,0.0],[100.1113145040413,6.501627212935712,0.0],[100.11131450404127,6.501627212935719,0.0],[100.11102375635211,6.502104242484061,0.0],[100.11111031800675,6.502636953114735,0.0],[100.11093480126863,6.502132909892029,0.0],[100.11107220941311,6.501693520085899,0.0],[100.1090822553197,6.50223809267549,0.0],[100.1061801165392,6.502524827242916,0.0],[100.1052639904217,6.505384891134509,0.0],[100.1060789989814,6.505907689365734,0.0],[100.1033370586226,6.5091697018451375,0.0],[100.1046638180865,6.512133397838622,0.0],[100.1025588253889,6.51306958130238,0.0],[100.101112568008,6.51336216115994,0.0],[100.10088753630832,6.513842010679612,0.0],[100.1033955478894,6.515247478035076,0.0],[100.1043122029679,6.516755904425127,0.0],[100.1049208430428,6.518011756914757,0.0],[100.10654866135137,6.516280014186963,0.0],[100.10709684284645,6.5161295147338985,0.0],[100.10775683139344,6.516423342013928,0.0],[100.10808861855791,6.516330179073176,0.0],[100.108294191194,6.515932439716121,0.0],[100.10821123912784,6.516315845683105,0.0],[100.10782535434905,6.5165236668019295,0.0],[100.10725192336507,6.516253138298351,0.0],[100.10677451882393,6.516278216573312,0.0],[100.10597793715498,6.516902142236675,0.0],[100.10500779527341,6.5180953366036665,0.0],[100.10365236803327,6.5210353947426425,0.0],[100.1036523680326,6.521035394744215,0.0],[100.1038898064957,6.522093081068146,0.0],[100.1043966815007,6.522299994618552,0.0],[100.1052013090317,6.5221987423902075,0.0],[100.1058240806678,6.521645663277415,0.0],[100.1066814379534,6.520847867788655,0.0],[100.10833429241612,6.519912656851101,0.0],[100.1098088036317,6.52012648254451,0.0],[100.1108505582678,6.5209381922505765,0.0],[100.111142728497,6.522203774971622,0.0],[100.113244102557,6.51962146719783,0.0],[100.11420181592601,6.519230440886671,0.0],[100.1142187839481,6.518723913366617,0.0],[100.1149512561882,6.5187132508128425,0.0],[100.1151390633788,6.517763167188816,0.0],[100.1146582614823,6.517076850176351,0.0],[100.1154602583114,6.51579076454758,0.0],[100.1164715008781,6.515074016547597,0.0],[100.1169327360258,6.51509108518386,0.0],[100.1176490580472,6.515957767567381,0.0],[100.11800093611691,6.515595210112819,0.0],[100.1180526312311,6.51443740538744,0.0],[100.11578479438107,6.51258408313896,0.0],[100.11578479347041,6.5125840839479565,0.0],[100.11451863664752,6.513066037561799,0.0],[100.114143561561,6.512911960645053,0.0],[100.11388750382277,6.512299238206922,0.0],[100.11355570721858,6.511869254170281,0.0],[100.11237278383959,6.5113461056213975,0.0],[100.11202656138556,6.511390896470153,0.0],[100.11190574363131,6.511315650125706,0.0],[100.11228983662593,6.511261894301914,0.0],[100.1129371924954,6.5113980619222085,0.0],[100.11374143925154,6.51189254115017,0.0],[100.1143545365651,6.51292450107596,0.0],[100.115525051608,6.512371814401028,0.0],[100.115525051608,6.512371814401027,0.0],[100.1152294675925,6.509559638650589,0.0],[100.1161834464942,6.507486350049799,0.0],[100.1176337770573,6.504959740794332,0.0]]]},"properties":{"plot":"90-STC","province":"สตูล","source_group":"MOC_2","source_path":"STC/Shapefile/STC PDD/MOC_2.shp","source_crs":"EPSG:32647","pdd_area_rai":1863.46,"geometry_area_rai":1863.4541,"geometry_parts":1,"boundary_role":"primary","pdd_verified_geometry":true}},{"type":"Feature","geometry":{"type":"MultiPolygon","coordinates":[[[[99.86728214083124,13.264343051046847,0.0],[99.86721976271767,13.26431455613399,0.0],[99.86714283314201,13.264314817838265,0.0],[99.86702196924571,13.264322405737849,0.0],[99.86694884288684,13.264362126757659,0.0],[99.86694194870641,13.264484155524427,0.0],[99.86698622351398,13.264615020314281,0.0],[99.8673951182231,13.26458022487231,0.0],[99.86733724323012,13.264385924264891,0.0],[99.86728214083124,13.264343051046847,0.0]]],[[[99.86743347569308,13.264370281564412,0.0],[99.86745202558103,13.264436005615346,0.0],[99.86748826644124,13.26457229820753,0.0],[99.86755766415497,13.264566392624943,0.0],[99.86756984558272,13.264361522329358,0.0],[99.86748831934001,13.264340191671703,0.0],[99.86743347569308,13.264370281564412,0.0]]],[[[99.86716265401691,13.261871039357302,2.2674499999993714],[99.86700832323683,13.262754160601993,0.0],[99.86683611370741,13.263778634097363,0.0],[99.86681720343391,13.263955725738759,0.0],[99.8668710845632,13.263998603221555,0.0],[99.86772105694662,13.264019634017007,0.0],[99.8679880979459,13.264015647356395,0.0],[99.86787420213278,13.26227463406718,0.0],[99.86716265401691,13.261871039357302,2.2674499999993714]]],[[[99.86440112141092,13.26233642713053,5.615699999994831],[99.8622455531898,13.261975326200403,4.9201000000030035],[99.86143466237986,13.2617065826927,0.0],[99.86041700034436,13.261736999562913,6.058600000003935],[99.86042462332001,13.261781525423213,2.4328499999974156],[99.86055162788907,13.261794914735733,0.0],[99.86095703105475,13.261793546071429,0.0],[99.86122808860374,13.261785453811317,0.0],[99.86132084118601,13.261770786895145,0.0],[99.86140803212396,13.261775669962555,0.0],[99.86152656250577,13.261842551911657,0.0],[99.86163077677097,13.261961812972764,0.0],[99.86176560278541,13.262104893160968,0.0],[99.86182682609636,13.262152531502846,0.0],[99.86195718511827,13.262158974173982,0.0],[99.86201207118418,13.262140846622865,0.0],[99.86246241491382,13.262071144052017,0.0],[99.8626676600505,13.262099156829821,0.0],[99.86305229024588,13.262165794637061,0.0],[99.86435382279815,13.262391282644252,0.0],[99.86448928833101,13.26236929297043,0.0],[99.86462707011775,13.262336244161498,0.0],[99.86462778447151,13.262336072814064,0.0],[99.86611549353658,13.261979220602374,0.0],[99.86667443912191,13.261845145559834,0.0],[99.86697371587294,13.26176387183984,2.8695500000030734],[99.86691399958147,13.261730000139455,6.119699999995646],[99.86440112141092,13.26233642713053,5.615699999994831]]],[[[99.86684757860769,13.264438061807162,0.0],[99.86685321781736,13.264306468262433,0.0],[99.86696905314656,13.264258229105192,0.0],[99.86724380157263,13.264257294531683,0.0],[99.86742698838826,13.264262651898392,0.0],[99.86757395357519,13.26429243304937,0.0],[99.86800640067493,13.264295419697936,0.0],[99.86799733760772,13.264156883344725,0.0],[99.86786794577482,13.264119608927492,0.0],[99.86751126484263,13.264087331351114,0.0],[99.86684681511221,13.264041746453959,0.0],[99.86676352577854,13.263970261824362,0.0],[99.86676318668691,13.263874572522484,0.0],[99.86710739914633,13.261839698292654,2.4435500000035972],[99.8670570278774,13.261811127233218,2.6040500000017346],[99.86609506904406,13.262050174772135,0.0],[99.86600119643329,13.262073501994482,0.0],[99.86509189736547,13.262303920999189,0.0],[99.86464879895826,13.262416202098908,0.0],[99.86463619948445,13.262419394791959,0.0],[99.86453717737386,13.262444486863373,0.0],[99.86436866613613,13.262445058237844,0.0],[99.86406814976962,13.262410192980742,0.0],[99.86306752978764,13.262245516710713,0.0],[99.86257264240497,13.262164069447202,0.0],[99.86248272986977,13.262152722045643,0.0],[99.86251665407191,13.262288950027614,0.0],[99.8625855984525,13.262513854356488,0.0],[99.86265030711638,13.262684084218495,0.0],[99.86271501587687,13.262854314056314,0.0],[99.86276720061753,13.263108913553726,0.0],[99.86273501560402,13.26333150300635,0.0],[99.86257168546547,13.263762663181646,0.0],[99.86253184459805,13.263891980230792,0.0],[99.8625393230682,13.263935015674974,0.0],[99.8626569287214,13.264042269587364,0.0],[99.86292502156388,13.26423154715527,0.0],[99.86322964668184,13.264391993544955,0.0],[99.86325261217972,13.264397695270592,0.0],[99.86340461462221,13.26442130426645,0.0],[99.86416604382816,13.264265619293852,0.0],[99.86507380135167,13.264052021274525,0.0],[99.86512754683892,13.264056623406109,0.0],[99.86512766529843,13.264090114675927,0.0],[99.86503983042063,13.264114335374204,0.0],[99.86482015009929,13.264148572421018,0.0],[99.86462984386664,13.264201847751995,0.0],[99.86444851654262,13.264271696269137,0.0],[99.86404584034608,13.26439106236285,0.0],[99.86352613067035,13.26452918243016,0.0],[99.86337247390077,13.264587117224423,0.0],[99.86325501965804,13.264522923905954,0.0],[99.86323000129106,13.264492467402006,0.0],[99.863163909573,13.264449630467269,0.0],[99.86252131019866,13.264021198117668,0.0],[99.86245884407981,13.26396758352971,0.0],[99.86244756313172,13.263885088593929,0.0],[99.86249471800913,13.263752158414025,0.0],[99.86269843319954,13.263345980388252,0.0],[99.86274173470824,13.263159237275566,0.0],[99.86268943608324,13.262872342596136,0.0],[99.86254163896477,13.26251400308572,0.0],[99.86254526429744,13.262503225632235,0.0],[99.86249861597477,13.262367955766171,0.0],[99.86244803377036,13.262148343219426,0.0],[99.86232342514792,13.262132616929657,0.0],[99.86217149366144,13.262160043734504,0.0],[99.86201956213529,13.262187470450826,0.0],[99.86196093691049,13.26218408026597,0.0],[99.86188268079904,13.262192712151071,0.0],[99.86179717250974,13.262184030212284,0.0],[99.86170543234743,13.262139485339006,0.0],[99.86163179799622,13.26203507262589,0.0],[99.86157041677832,13.261942579803828,0.0],[99.86148463479063,13.261856150075273,0.0],[99.86143261194074,13.261820441880241,0.0],[99.86133806283839,13.261806612687682,0.0],[99.86110374756048,13.261845680418501,0.0],[99.86085463595431,13.261844129391212,0.0],[99.86043162540989,13.261822424667473,1.8850000000020373],[99.86045571705776,13.261963143983975,0.0],[99.86109866846886,13.261990906954843,0.0],[99.86137840528926,13.261930894295416,0.0],[99.86183562871133,13.262457632613685,0.0],[99.86213356151474,13.262791922309425,0.0],[99.86223838739171,13.262853224596702,0.0],[99.86249249892975,13.26274523130743,0.0],[99.86261214473473,13.263182959226228,0.0],[99.86235636890022,13.263756745311387,0.0],[99.8621860891168,13.263687806247333,0.0],[99.86210822221676,13.263946156290118,0.0],[99.86305862755371,13.264744191291495,0.0],[99.86425508560377,13.26446404527953,0.0],[99.86510212531157,13.264337523128019,0.0],[99.86641389468554,13.263724487794965,0.0],[99.86674060759303,13.264635921011,0.0],[99.86691444045745,13.264621128721092,0.0],[99.86684757860769,13.264438061807162,0.0]],[[99.86690019281775,13.26207818176239,0.0],[99.86678931018184,13.262490027769864,0.0],[99.86671338080086,13.263117058450709,0.0],[99.86664123367451,13.263433082248255,0.0],[99.86659769783803,13.263552843323493,0.0],[99.86643730261271,13.263668331292452,0.0],[99.86635028622487,13.263677929127793,0.0],[99.8664756216567,13.263562827326147,0.0],[99.86658268866852,13.263452419360098,0.0],[99.8667641932182,13.262293947708526,0.0],[99.86682655424603,13.261973172626096,0.0],[99.86689005107117,13.261972956734063,0.0],[99.86690019281775,13.26207818176239,0.0]]]]},"properties":{"plot":"87-VSD","province":"สมุทรสงคราม","source_group":"MOC_2","source_path":"VSD/Shapefile/VSD PDD/VSD 32647/MOC_2.shp","source_crs":"EPSG:32647","pdd_area_rai":92.92,"geometry_area_rai":92.9224,"geometry_parts":5,"boundary_role":"primary","pdd_verified_geometry":true}},{"type":"Feature","geometry":{"type":"Polygon","coordinates":[[[99.95673583247857,13.30480069389379,0.0],[99.96611052833542,13.312902444582146,0.0],[99.96753656309917,13.3116583543468,0.0],[99.96497885117986,13.306885210038987,0.0],[99.96176595074671,13.304492388074799,0.0],[99.96121219423028,13.304530648078579,0.0],[99.95902091322206,13.3036799952578,0.0],[99.95673583247857,13.30480069389379,0.0]]]},"properties":{"plot":"91-STC","province":"สมุทรสงคราม","source_group":"MOC_2","source_path":"STC/Shapefile/STC PDD/MOC_2.shp","source_crs":"EPSG:32647","pdd_area_rai":279.43,"geometry_area_rai":279.4334,"geometry_parts":1,"boundary_role":"primary","pdd_verified_geometry":true}},{"type":"Feature","geometry":{"type":"MultiPolygon","coordinates":[[[[99.97117030927132,13.31536319746239,0.0],[99.97384234941451,13.31635383197548,0.0],[99.97482392132694,13.314785918599028,0.0],[99.9736672466244,13.314121297193502,0.0],[99.97365736426441,13.31395859129166,0.0],[99.97184519153988,13.313287431242678,0.0],[99.97156989127981,13.313704385294962,0.0],[99.97148742034932,13.313874767306851,0.0],[99.97132828383911,13.31422002292475,0.0],[99.97134058952102,13.314863555563965,0.0],[99.97117030927132,13.31536319746239,0.0]]],[[[99.97106113437324,13.315322720945668,0.0],[99.97125227884372,13.314795124920431,0.0],[99.97131456522985,13.313634233566265,0.0],[99.97131456520603,13.313634233499908,0.0],[99.96877874265178,13.31293749031271,0.0],[99.96801198772155,13.31281383440518,0.0],[99.9676715187099,13.31309541290898,0.0],[99.96729193152385,13.31282561839041,0.0],[99.96621455375845,13.313525901395806,0.0],[99.97106109400568,13.315322743776528,0.0],[99.97106113437324,13.315322720945668,0.0]]]]},"properties":{"plot":"92-STC","province":"สมุทรสงคราม","source_group":"MOC_2","source_path":"STC/Shapefile/STC PDD/MOC_2.shp","source_crs":"EPSG:32647","pdd_area_rai":98.94,"geometry_area_rai":98.9481,"geometry_parts":2,"boundary_role":"primary","pdd_verified_geometry":true}},{"type":"Feature","geometry":{"type":"Polygon","coordinates":[[[99.97443990203715,13.31571864785484,0.0],[99.98049315577003,13.319546947510444,0.0],[99.98070090832056,13.31840694134657,0.0],[99.97796599538451,13.315569476108248,0.0],[99.97643134064684,13.315041942823882,0.0],[99.97542458078301,13.31492827379991,0.0],[99.97443990203715,13.31571864785484,0.0]]]},"properties":{"plot":"93-STC","province":"สมุทรสงคราม","source_group":"MOC_2","source_path":"STC/Shapefile/STC PDD/MOC_2.shp","source_crs":"EPSG:32647","pdd_area_rai":79.02,"geometry_area_rai":79.0184,"geometry_parts":1,"boundary_role":"primary","pdd_verified_geometry":true}},{"type":"Feature","geometry":{"type":"Polygon","coordinates":[[[99.97898220619946,13.322626820394998,0.0],[99.98244741435997,13.32338194426149,0.0],[99.9828882291669,13.32280159519222,0.0],[99.98233170200571,13.32216181734438,0.0],[99.98184133470218,13.321901516644418,0.0],[99.98165552317094,13.32161291366918,0.0],[99.98136023708497,13.321650220390456,0.0],[99.98091687066447,13.32159768594905,0.0],[99.98016099103488,13.32188992678202,0.0],[99.9795517709795,13.321919401922809,0.0],[99.97898220619946,13.322626820394998,0.0]]]},"properties":{"plot":"94-STC","province":"สมุทรสงคราม","source_group":"MOC_2","source_path":"STC/Shapefile/STC PDD/MOC_2.shp","source_crs":"EPSG:32647","pdd_area_rai":30.66,"geometry_area_rai":30.6606,"geometry_parts":1,"boundary_role":"primary","pdd_verified_geometry":true}},{"type":"Feature","geometry":{"type":"Polygon","coordinates":[[[99.98312885273941,13.32294532415075,0.0],[99.98495849182403,13.32334509003799,0.0],[99.985342918665,13.32252084112116,0.0],[99.98476883581995,13.32210716933645,0.0],[99.9844174983623,13.321981953819279,0.0],[99.98426890518864,13.321765538973517,0.0],[99.98332659552773,13.321615488372117,0.0],[99.98245993221461,13.32190816491815,0.0],[99.98312885273941,13.32294532415075,0.0]]]},"properties":{"plot":"95-STC","province":"สมุทรสงคราม","source_group":"MOC_2","source_path":"STC/Shapefile/STC PDD/MOC_2.shp","source_crs":"EPSG:32647","pdd_area_rai":22.91,"geometry_area_rai":22.9144,"geometry_parts":1,"boundary_role":"primary","pdd_verified_geometry":true}},{"type":"Feature","geometry":{"type":"Polygon","coordinates":[[[99.98491324473031,13.32357129777157,0.0],[99.98566296521652,13.324038534735074,0.0],[99.98603826807884,13.32324144417247,0.0],[99.98559347089729,13.322836313569612,0.0],[99.98491324473031,13.32357129777157,0.0]]]},"properties":{"plot":"96-STC","province":"สมุทรสงคราม","source_group":"MOC_2","source_path":"STC/Shapefile/STC PDD/MOC_2.shp","source_crs":"EPSG:32647","pdd_area_rai":5.15,"geometry_area_rai":5.1494,"geometry_parts":1,"boundary_role":"primary","pdd_verified_geometry":true}},{"type":"Feature","geometry":{"type":"Polygon","coordinates":[[[99.98572770131966,13.324065407219361,0.0],[99.98752339338098,13.325197629244572,0.0],[99.98780860606607,13.32495240492258,0.0],[99.98804714270248,13.324580784098108,0.0],[99.98780519417228,13.324111579206367,0.0],[99.98712962152655,13.323716390798023,0.0],[99.98624200117776,13.32339435459384,0.0],[99.98572770131966,13.324065407219361,0.0]]]},"properties":{"plot":"97-STC","province":"สมุทรสงคราม","source_group":"MOC_2","source_path":"STC/Shapefile/STC PDD/MOC_2.shp","source_crs":"EPSG:32647","pdd_area_rai":15.96,"geometry_area_rai":15.9591,"geometry_parts":1,"boundary_role":"primary","pdd_verified_geometry":true}},{"type":"Feature","geometry":{"type":"Polygon","coordinates":[[[99.9882045695956,13.324697707898162,0.0],[99.98748554265113,13.32533253677588,0.0],[99.98754402902331,13.325424306061139,0.0],[99.98801547398166,13.32493031843409,0.0],[99.98929768016255,13.32605586800674,0.0],[99.98930076528494,13.325924929280838,0.0],[99.98883457246724,13.325237731073168,0.0],[99.9882045695956,13.324697707898162,0.0]]]},"properties":{"plot":"98-STC","province":"สมุทรสงคราม","source_group":"MOC_2","source_path":"STC/Shapefile/STC PDD/MOC_2.shp","source_crs":"EPSG:32647","pdd_area_rai":3.59,"geometry_area_rai":3.5901,"geometry_parts":1,"boundary_role":"primary","pdd_verified_geometry":true}},{"type":"Feature","geometry":{"type":"MultiPolygon","coordinates":[[[[99.22826040766063,9.34236896386119,0.0],[99.22890050241477,9.342124910980907,0.0],[99.22963699662091,9.341987822405281,0.0],[99.22887021795609,9.342033903105367,0.0],[99.22877907309284,9.341844345533246,0.0],[99.22883562803648,9.341778507828531,0.0],[99.22825956961161,9.341627331803894,0.0],[99.22242946999036,9.338818096477821,0.0],[99.2222062106056,9.339288839985558,0.0],[99.22253926847995,9.33930654045137,0.0],[99.22311418225135,9.339672026397068,0.0],[99.22332351549343,9.340128904353481,0.0],[99.22325513948091,9.340566799705817,0.0],[99.22277465446689,9.340708933565965,0.0],[99.22544578756519,9.341773348089678,0.0],[99.22546414333726,9.34168331302025,0.0],[99.22567276388746,9.341620554042786,0.0],[99.2268238868561,9.341951559265874,0.0],[99.22694047783287,9.342117747304812,0.0],[99.22671512455419,9.342259244095912,0.0],[99.22806996106175,9.342567023666884,0.0],[99.22826040766063,9.34236896386119,0.0]]],[[[99.23791539896156,9.345727349322441,0.0],[99.23332357026314,9.342691362448264,0.0],[99.23217287784728,9.342513896432232,0.0],[99.23088085677027,9.342594224366707,0.0],[99.22935196322089,9.342594445620952,0.0],[99.22878950466003,9.342730209614032,0.0],[99.22930762452842,9.342847702913707,0.0],[99.22937814414436,9.342885492008604,0.0],[99.22942604472482,9.342856725595498,0.0],[99.23037419520071,9.343172898976574,0.0],[99.23283967961932,9.344517798448663,0.0],[99.23331743277686,9.344908222416269,0.0],[99.23429126626749,9.345404812905315,0.0],[99.23443714989945,9.345531136475392,0.0],[99.23466425056976,9.346001689345094,0.0],[99.23518340044498,9.346572030514581,0.0],[99.23525677236464,9.346135848546705,0.0],[99.23535660671513,9.34603618962555,0.0],[99.23555754474403,9.346018428033897,0.0],[99.23569338182669,9.346127518254422,0.0],[99.23587623654042,9.346181412694632,0.0],[99.23598070745433,9.346381306731933,0.0],[99.23607645848908,9.346533513064463,0.0],[99.23565806033191,9.347094354174226,0.0],[99.23583099885634,9.347284452465798,0.0],[99.23791539896156,9.345727349322441,0.0]]]]},"properties":{"plot":"37-STC","province":"สุราษฎร์ธานี","source_group":"MOC_1","source_path":"STC/Shapefile/STC PDD/MOC_1.shp","source_crs":"EPSG:32647","pdd_area_rai":157.55,"geometry_area_rai":157.5589,"geometry_parts":2,"boundary_role":"primary","pdd_verified_geometry":true}}]}
